:020000040800F2
:104000008EB32BB2010100006500000053D988690E
:104010003030312E30310000000000000000000080
:10402000454C45434F4E00000000000000000000DA
:1040300000000000004000086788010800420008F6
:104040000042000867880108FFFFFFFF0000000032
:104050000000000000000000000000000000000060
:104060000000000000000000000000000000000050
:104070000000000000000000000000000000000040
:104080000000000000000000000000000000000030
:104090000000000000000000000000000000000020
:1040A0000000000000000000000000000000000010
:1040B0000000000000000000000000000000000000
:1040C00000000000000000000000000000000000F0
:1040D00000000000000000000000000000000000E0
:1040E00000000000000000000000000000000000D0
:1040F00000000000000000000000000000000000C0
:1041000000000000000000000000000000000000AF
:10411000000000000000000000000000000000009F
:10412000000000000000000000000000000000008F
:10413000000000000000000000000000000000007F
:10414000000000000000000000000000000000006F
:10415000000000000000000000000000000000005F
:10416000000000000000000000000000000000004F
:10417000000000000000000000000000000000003F
:10418000000000000000000000000000000000002F
:10419000000000000000000000000000000000001F
:1041A000000000000000000000000000000000000F
:1041B00000000000000000000000000000000000FF
:1041C00000000000000000000000000000000000EF
:1041D00000000000000000000000000000000000DF
:1041E00000000000000000000000000000000000CF
:1041F00000000000000000000000000000000000BF
:1042000000C00020D9DD000819DA000821DA000812
:1042100029DA000831DA000839DA00080000000065
:1042200000000000000000000000000041DA00086B
:104230004FDA0008000000005DDA00086BDA0008C1
:1042400029DE000829DE000829DE000829DE000832
:1042500029DE000829DE00087BDA000829DE0008D4
:1042600089DA000897DA000829DE0008A5DA0008D4
:10427000B9DA0008CDDA000855AF000891AF0008A0
:10428000E1DA000829DE0008F5DA000809DB000899
:104290001DDB000831DB000829DE000829DE0008EC
:1042A00029DE000829DE000829DE000829DE0008D2
:1042B00029DE0008000000000000000029DE0008E0
:1042C00029DE000829DE000829DE000845DB000899
:1042D00029DE00088DAE000859DB00086DDB000800
:1042E00029DE000829DE00080000000000000000B0
:1042F00000000000000000000000000000000000BE
:104300000000000029DE00080000000029DE00088F
:10431000000000000000000081DB000829DE00082A
:1043200029DE000829DE000829DE000899DB0008E4
:1043300029DE00080000000000000000000000006E
:1043400029DE000829DE000829DE00080000000040
:10435000ADDB0008C1DB0008D5DB000829DE000862
:1043600029DE000829DE000829DE00080000000020
:1043700029DE000829DE000800000000000000001F
:1043800029DE000829DE000829DE00080000000000
:1043900010B5054C237833B9044B13B10448AFF37F
:1043A00000800123237010BD1802002000000000CF
:1043B0002883010808B5034B1BB103490348AFF339
:1043C000008008BD000000001C02002028830108B6
:1043D00010F8012B11F8013B012A28BF9A42F7D0AF
:1043E000D01A7047034613F8012B002AFBD1181A84
:1043F00001387047000000000000000000000000CD
:1044000001F0FF01102A2BDB10F0070F08D010F885
:10441000013B013A8B422DD010F0070F42B3F6D189
:10442000F0B441EA012141EA014122F007047FF0A2
:1044300000070023F0E80256083C85EA010586EAF9
:10444000010685FA47F5A3FA87F586FA47F6A5FA35
:1044500087F68EB9EED1F0BC01F0FF0102F0070241
:1044600032B110F8013B013A83EA010313B1F8D1EC
:104470000020704701387047002D06BF35460338CD
:10448000073815F0010F07D1013015F4807F02BF06
:10449000013015F4C03F0130F0BC0138704700BF57
:1044A00081F0004102E000BF83F0004330B54FEAE5
:1044B00041044FEA430594EA050F08BF90EA020F52
:1044C0001FBF54EA000C55EA020C7FEA645C7FEAE5
:1044D000655C00F0E2804FEA5454D4EB5555B8BF08
:1044E0006D420CDD2C4480EA020281EA030382EA79
:1044F000000083EA010180EA020281EA0303362D0B
:1045000088BF30BD11F0004F4FEA01314FF4801CDD
:104510004CEA113102D0404261EB410113F0004FEF
:104520004FEA03334CEA133302D0524263EB4303A6
:1045300094EA050F00F0A780A4F10104D5F1200E44
:104540000DDB02FA0EFC22FA05F2801841F100019F
:1045500003FA0EF2801843FA05F359410EE0A5F173
:1045600020050EF1200E012A03FA0EFC28BF4CF0A4
:10457000020C43FA05F3C01851EBE37101F000455A
:1045800007D54FF0000EDCF1000C7EEB00006EEB67
:104590000101B1F5801F1BD3B1F5001F0CD34908F1
:1045A0005FEA30004FEA3C0C04F101044FEA445248
:1045B00012F5800F80F09A80BCF1004F08BF5FEACF
:1045C000500C50F1000041EB045141EA050130BDAF
:1045D0005FEA4C0C404141EB0101013C28BFB1F5C1
:1045E000801FE9D291F0000F04BF01460020B1FA0C
:1045F00081F308BF2033A3F10B03B3F120020CDADF
:104600000C3208DD02F1140CC2F10C0201FA0CF0BC
:1046100021FA02F10CE002F11402D8BFC2F1200C21
:1046200001FA02F120FA0CFCDCBF41EA0C019040D7
:10463000E41AA2BF01EB0451294330BD6FEA040420
:104640001F3C1CDA0C340EDC04F11404C4F120020B
:1046500020FA04F001FA02F340EA030021FA04F31D
:1046600045EA030130BDC4F10C04C4F1200220FA74
:1046700002F001FA04F340EA0300294630BD21FAB2
:1046800004F0294630BD94F0000F83F4801306BF78
:1046900081F480110134013D4EE77FEA645C18BF6C
:1046A0007FEA655C29D094EA050F08BF90EA020F03
:1046B00005D054EA000C04BF1946104630BD91EAFB
:1046C000030F1EBF0021002030BD5FEA545C05D1FE
:1046D0004000494128BF41F0004130BD14F580043D
:1046E0003CBF01F5801130BD01F0004545F0FE41B1
:1046F00041F470014FF0000030BD7FEA645C1ABFE6
:10470000194610467FEA655C1CBF0B46024650EA1C
:10471000013406BF52EA033591EA030F41F4002148
:1047200030BD00BF90F0000F04BF0021704730B5CE
:104730004FF4806404F132044FF000054FF00001A3
:1047400050E700BF90F0000F04BF0021704730B564
:104750004FF4806404F1320410F0004548BF404239
:104760004FF000013EE700BF42004FEAE2014FEA8E
:1047700031014FEA02701FBF12F07F4393F07F4F69
:1047800081F06051704732F07F4208BF704793F06C
:104790007F4F04BF41F40021704730B54FF460747F
:1047A00001F0004521F000411CE700BF50EA010282
:1047B00008BF704730B54FF000050AE050EA01022B
:1047C00008BF704730B511F0004502D5404261EB9B
:1047D00041014FF4806404F132045FEA915C3FF4DC
:1047E000D8AE4FF003025FEADC0C18BF03325FEA79
:1047F000DC0C18BF033202EBDC02C2F1200300FA2A
:1048000003FC20FA02F001FA03FE40EA0E0021FA4E
:1048100002F11444BDE600BF70B54FF0FF0C4CF43C
:10482000E06C1CEA11541DBF1CEA135594EA0C0FEE
:1048300095EA0C0F00F0DEF82C4481EA030621EA29
:104840004C5123EA4C5350EA013518BF52EA033564
:1048500041F4801143F4801338D0A0FB02CE4FF016
:104860000005E1FB02E506F00042E0FB03E54FF046
:104870000006E1FB03569CF0000F18BF4EF0010E3E
:10488000A4F1FF04B6F5007F64F5407404D25FEA3A
:104890004E0E6D4146EB060642EAC62141EA5551ED
:1048A0004FEAC52040EA5E504FEACE2EB4F1FD0C2F
:1048B00088BFBCF5E06F1ED8BEF1004F08BF5FEAAD
:1048C000500E50F1000041EB045170BD06F000465F
:1048D00046EA010140EA020081EA0301B4EB5C040C
:1048E000C2BFD4EB0C0541EA045170BD41F4801104
:1048F0004FF0000E013C00F3AB8014F1360FDEBF29
:10490000002001F0004170BDC4F10004203C35DA04
:104910000C341BDC04F11404C4F1200500FA05F387
:1049200020FA04F001FA05F240EA020001F0004228
:1049300021F0004110EBD37021FA04F642EB06019E
:104940005EEA430E08BF20EAD37070BDC4F10C04C8
:10495000C4F1200500FA04F320FA05F001FA04F28C
:1049600040EA020001F0004110EBD37041F1000178
:104970005EEA430E08BF20EAD37070BDC4F1200583
:1049800000FA05F24EEA020E20FA04F301FA05F2EB
:1049900043EA020321FA04F001F0004121FA04F293
:1049A00020EA020000EBD3705EEA430E08BF20EA63
:1049B000D37070BD94F0000F0FD101F0004640009D
:1049C00041EB010111F4801F08BF013CF7D041EA1F
:1049D000060195F0000F18BF704703F00046520023
:1049E00043EB030313F4801F08BF013DF7D043EAF4
:1049F0000603704794EA0C0F0CEA135518BF95EAAA
:104A00000C0F0CD050EA410618BF52EA4306D1D130
:104A100081EA030101F000414FF0000070BD50EA4F
:104A2000410606BF1046194652EA430619D094EAD9
:104A30000C0F02D150EA013613D195EA0C0F05D1C3
:104A400052EA03361CBF104619460AD181EA030117
:104A500001F0004141F0FE4141F470014FF00000CF
:104A600070BD41F0FE4141F4780170BD70B54FF06A
:104A7000FF0C4CF4E06C1CEA11541DBF1CEA1355EA
:104A800094EA0C0F95EA0C0F00F0A7F8A4EB0504CC
:104A900081EA030E52EA03354FEA013100F08880C3
:104AA0004FEA03334FF0805545EA131343EA12638C
:104AB0004FEA022245EA111545EA10654FEA002641
:104AC0000EF000419D4208BF964244F1FD0404F5FA
:104AD000407402D25B084FEA3202B61A65EB030556
:104AE0005B084FEA32024FF480104FF4002CB6EB13
:104AF000020E75EB030E22BFB61A754640EA0C0093
:104B00005B084FEA3202B6EB020E75EB030E22BFD2
:104B1000B61A754640EA5C005B084FEA3202B6EB13
:104B2000020E75EB030E22BFB61A754640EA9C00D2
:104B30005B084FEA3202B6EB020E75EB030E22BFA2
:104B4000B61A754640EADC0055EA060E18D04FEA60
:104B5000051545EA16754FEA06164FEAC30343EA00
:104B600052734FEAC2025FEA1C1CC0D111F4801FCD
:104B70000BD141EA00014FF000004FF0004CB6E7C6
:104B800011F4801F04BF01430020B4F1FD0C88BF65
:104B9000BCF5E06F3FF6AFAEB5EB030C04BFB6EB70
:104BA000020C5FEA500C50F1000041EB045170BD63
:104BB0000EF0004E4EEA113114EB5C04C2BFD4EB90
:104BC0000C0541EA045170BD41F480114FF0000E14
:104BD000013C90E645EA060E8DE60CEA135594EA90
:104BE0000C0F08BF95EA0C0F3FF43BAF94EA0C0F93
:104BF0000AD150EA01347FF434AF95EA0C0F7FF408
:104C000025AF104619462CE795EA0C0F06D152EA5B
:104C100003353FF4FDAE1046194622E750EA41063F
:104C200018BF52EA43067FF4C5AE50EA41047FF450
:104C30000DAF52EA43057FF4EBAE12E74FF0FF3CB5
:104C400006E000BF4FF0010C02E000BF4FF0010C86
:104C50004DF804CD4FEA410C7FEA6C5C4FEA430CFF
:104C600018BF7FEA6C5C1BD001B050EA410C0CBF4E
:104C700052EA430C91EA030F02BF90EA020F0020B0
:104C8000704710F1000F91EA030F58BF994208BF17
:104C900090422CBFD8176FEAE37040F001007047D4
:104CA0004FEA410C7FEA6C5C02D150EA013C07D12B
:104CB0004FEA430C7FEA6C5CD6D152EA033CD3D076
:104CC0005DF8040B704700BF8446104662468C4670
:104CD0001946634600E000BF01B5FFF7B7FF0028A3
:104CE00048BF10F1000F01BD4DF808EDFFF7F4FFCC
:104CF0000CBF012000205DF808FB00BF4DF808ED57
:104D0000FFF7EAFF34BF012000205DF808FB00BF79
:104D10004DF808EDFFF7E0FF94BF012000205DF89B
:104D200008FB00BF4DF808EDFFF7CEFF94BF012050
:104D300000205DF808FB00BF4DF808EDFFF7C4FF49
:104D400034BF012000205DF808FB00BF4FEA41029C
:104D500012F5001215D211D56FF47873B3EB6252CD
:104D600012D94FEAC12343F0004343EA505311F0F4
:104D7000004F23FA02F018BF404270474FF0000086
:104D8000704750EA013005D111F0004008BF6FF0C4
:104D9000004070474FF00000704700BF4FEA4102EB
:104DA000B2F1E04324BFB3F5001CDCF1FE5C0DD989
:104DB00001F0004C4FEAC0024CEA5070B2F1004FD3
:104DC00040EB830008BF20F00100704711F0804FD6
:104DD00021D113F13872BCBF01F00040704741F49B
:104DE00080114FEA5252C2F11802C2F1200C10FA9F
:104DF0000CF320FA02F018BF40F001004FEAC12383
:104E00004FEAD32303FA0CFC40EA0C0023FA02F326
:104E10004FEA4303CCE77FEA625307D150EA0133FC
:104E20001EBF4FF0FE4040F44000704701F00040CC
:104E300040F0FE4040F40000704700BF80F00040AA
:104E400002E000BF81F0004142001FBF5FEA410362
:104E500092EA030F7FEA226C7FEA236C6AD04FEA62
:104E60001262D2EB1363C1BFD218414048404140A7
:104E7000B8BF5B42192B88BF704710F0004F40F459
:104E8000000020F07F4018BF404211F0004F41F475
:104E9000000121F07F4118BF494292EA030F3FD041
:104EA000A2F1010241FA03FC10EB0C00C3F1200354
:104EB00001FA03F100F0004302D5494260EB4000E3
:104EC000B0F5000F13D3B0F1807F06D340084FEA4E
:104ED000310102F10102FE2A51D2B1F1004F40EB43
:104EE000C25008BF20F0010040EA030070474900AB
:104EF00040EB0000013A28BFB0F5000FEDD2B0FA48
:104F000080FCACF1080CB2EB0C0200FA0CF0AABF6A
:104F100000EBC25052421843BCBFD0401843704708
:104F200092F0000F81F4000106BF80F4000001320E
:104F3000013BB5E74FEA41037FEA226C18BF7FEAE5
:104F4000236C21D092EA030F04D092F0000F08BF27
:104F50000846704790EA010F1CBF0020704712F00E
:104F60007F4F04D1400028BF40F00040704712F14D
:104F700000723CBF00F50000704700F0004343F0B2
:104F8000FE4040F4000070477FEA226216BF0846E8
:104F90007FEA23630146420206BF5FEA412390EAAB
:104FA000010F40F4800070474FF0000304E000BFA1
:104FB00010F0004348BF40425FEA000C08BF704752
:104FC00043F0964301464FF000001CE050EA010216
:104FD00008BF70474FF000030AE000BF50EA01022B
:104FE00008BF704711F0004302D5404261EB410118
:104FF0005FEA010C02BF84460146002043F0B6433D
:1050000008BFA3F18053A3F50003BCFA8CF2083A61
:10501000A3EBC25310DB01FA02FC634400FA02FC6A
:10502000C2F12002BCF1004F20FA02F243EB020071
:1050300008BF20F00100704702F1200201FA02FCD3
:10504000C2F1200250EA4C0021FA02F243EB0200C6
:1050500008BF20EADC7070477BB972B90029BEBF77
:1050600000204FF0004106E008BF00281CBF6FF091
:1050700000414FF0FF3000F011BAADF1080C6DE9BE
:1050800004CE002909DB002B1ADB00F08BF8DDF8D9
:1050900004E0DDE9022304B07047404261EB4101C6
:1050A000002B1BDB00F07EF8DDF804E0DDE90223D5
:1050B00004B0404261EB4101524263EB430370474D
:1050C000524263EB430300F06DF8DDF804E0DDE9E4
:1050D000022304B0404261EB41017047524263EB4E
:1050E000430300F05FF8DDF804E0DDE9022304B0DB
:1050F000524263EB4303704753B94AB9002908BFD2
:1051000000281CBF4FF0FF314FF0FF3000F0C6B950
:10511000ADF1080C6DE904CE00F044F8DDF804E0D0
:10512000DDE9022304B07047D0B5FFF71DFB0C4B3F
:10513000002206460F46FFF76FFB00F0B1F9044668
:10514000FFF7F0FA074B0022FFF766FB02460B461B
:1051500030463946FFF7A8F900F0A2F92146D0BD44
:105160000000F03D0000F041D0B50C4B0022064697
:105170000F46FFF751FB00F093F90446FFF7D2FA10
:10518000074B0022FFF748FB02460B4630463946E4
:10519000FFF78AF900F084F92146D0BD0000F03D08
:1051A0000000F0412DE9F047089D8E4604468846F0
:1051B000002B4AD18A42174662D9B2FA82F64EB122
:1051C000C6F1200301FA06F820FA03F3B74043EAD8
:1051D0000808B4404FEA174E1FFA87FCB8FBFEF1EF
:1051E000230C0EFB118843EA084301FB0CF29A42A0
:1051F00009D9FB1801F1FF3080F0EA809A4240F2B1
:10520000E78002393B449A1AA3B2B2FBFEF00EFBD0
:10521000102243EA024300FB0CFC9C4509D9FB1811
:1052200000F1FF3280F0D6809C4540F2D3803B44B1
:10523000023840EA0140A3EB0C0300211DB1F3400A
:105240000022C5E90032BDE8F0878B4205D90DB1D7
:10525000C5E9000100210846F5E7B3FA83F100290A
:1052600046D1734502D3824200F20581841A6EEB67
:10527000030201209046002DE5D0C5E90048E2E791
:10528000002A00F09080B2FA82F6002E40F0A4804E
:105290008A1A030C4FEA174E80B2BCB20121B2FB4E
:1052A000FEFC0EFB1C2243EA024304FB0CF29A4272
:1052B00007D9FB180CF1FF3802D29A4200F2E080C5
:1052C000C4469B1AB3FBFEF20EFB123340EA0343C3
:1052D00002FB04F49C4207D9FB1802F1FF3002D212
:1052E0009C4200F2CA8002461B1B42EA0C40A5E722
:1052F000C1F120068B4022FA06F71F430EFA01F493
:1053000020FA06F32EFA06FE4FEA1749234300FA65
:1053100001F81FFA87FCBEFBF9F01C0C09FB10EE2C
:1053200044EA0E4400FB0CFEA64502FA01F209D93C
:105330003C1900F1FF3A80F09C80A64540F299802C
:1053400002383C44A4EB0E041FFA83FEB4FBF9F3CD
:1053500009FB13444EEA044403FB0CFCA44508D9A2
:105360003C1903F1FF3E80F08280A4457FD9023BC7
:105370003C4443EA0040A4EB0C04A0FB02EC64456F
:105380007346E14662D35FD05DB1B8EB030264EBD4
:10539000090404FA06F622FA01F31E43CC40C5E9DB
:1053A000006400214FE7B1FBF2FC010C41EA0E4121
:1053B00080B240EA01423B4638463C46B846BE46CB
:1053C0002026B1FBF7F1A2EB080241EA0C4166E7A7
:1053D000014618E710462CE7C6F120022EFA02F328
:1053E000B740B14020FA02F24FEA174E0A43B3FB2E
:1053F000FEF8BCB20EFB1833110C41EA034108FB66
:1054000004F9B04089454FEA104380B23ED979187B
:1054100008F1FF3C01D289451FD8A1EB0901B1FB7E
:10542000FEF909FB04F80EFB191192B242EA01429F
:10543000424529D2BA1809F1FF31C4D24245C2D23D
:10544000A9F102013A44BEE7F0459DD2BEEB02034A
:105450006CEB070C0138E14696E7A7EB09094944D4
:10546000A8F1020CB1FBFEF909FB04F8DBE7734677
:105470007FE7504666E70846FDE63B44023A33E7DD
:10548000ACF1020C3B441CE749469CE7A1EB090147
:10549000C446B1FBFEF909FB04F8C4E7704700BF3E
:1054A0004A0011D212F5001211D20DD56FF47873A3
:1054B000B3EB62520ED44FEAC12343F0004343EAF8
:1054C000505323FA02F070474FF00000704750EA43
:1054D000013002D14FF0FF3070474FF000007047AD
:1054E00080B584B000AFF860B9601346FB710E4A16
:1054F000FB6813600D4ABB6813600D4AFB7913709B
:10550000094B1B687F2118460AF06EF9084B1B787F
:105510005B00184610F05AFD03461A46054B1A6008
:1055200000BF1037BD4680BD340200203802002085
:105530003C0200204002002080B500AF074B1B68F2
:10554000002B08D0064B1B68044A1168054A1278E4
:10555000184609F073F800BF80BD00BF400200206C
:10556000340200203C02002080B483B000AF034628
:10557000FB710B4B1B78FA799A420AD2094B1B68D4
:10558000002B06D0074B1A68FB795B0013441B887D
:1055900000E0002318460C37BD465DF8047B7047D9
:1055A0003C0200204002002080B582B000AF78604D
:1055B000044B1B68184609F0C5F800BF0837BD4604
:1055C00080BD00BF3402002080B584B000AF786099
:1055D0007B681B68002B21D07B68012283F8CF20D9
:1055E0007B68002283F8CD207B68002283F8CE20E0
:1055F0007B6800221A717B6818687B6890333B22B5
:10560000194610F087FC0346FB73FB7B002B05D08B
:105610007B681B6818460FF0A5FDB86000BF103707
:10562000BD4680BD80B586B000AF786000237B6149
:105630007B6893F8CD30002B2CD07B6893F8CE306C
:10564000382B23D97B6893F8CE303A2B03D17B6873
:1056500090337B6107E07B6893F8CE303B2B02D11F
:105660007B6891337B617B69002B0FD0786900F0F8
:105670003EF80346012B09D17968786900F05CF89F
:10568000786800F099F97B6801221A717B68002222
:1056900083F8CD207B6818687B6890333B221946DD
:1056A00010F038FC0346FB74FB7C002B05D07B68B4
:1056B0001B6818460FF056FDF86000BF1837BD464E
:1056C00080BD80B483B000AF78607B681B79002B0D
:1056D00001D1012305E07B6893F8483003F0010312
:1056E000DBB218460C37BD465DF8047B704780B4CA
:1056F00085B000AF78600023BB730023FB7309E023
:10570000FB7B7A6813441A78BB7B1344BB73FB7B27
:105710000133FB73FB7B382BF2D97B6839331B7861
:10572000BA7B9A4201D1012300E0002318461437C6
:10573000BD465DF8047B704780B483B000AF7860ED
:1057400039607B681B781A047B6801331B781B0265
:1057500013437A68023212781A4313469B001344AB
:105760001A463B685A627B6804331B78582B18D062
:105770007B6804331B781B027A68053212781A435F
:1057800013465B019B1A9B001A443B689A627B6834
:1057900004331B782D2B04D13B689B6A5A423B682B
:1057A0009A627B6806331B78582B18D07B680733C6
:1057B0001B781B027A68083212781A4313465B0181
:1057C0009B1A9B001A443B68DA627B6806331B789D
:1057D0002D2B04D13B68DB6A5A423B68DA627B6856
:1057E00009331B78582B18D07B680A331B781B02AF
:1057F0007A680B3212781A4313465B019B1A9B009E
:105800001A443B681A637B6809331B782D2B04D13B
:105810003B681B6B5A423B681A637B6893F82820ED
:105820003B6883F849207B681F331B781A047B6828
:1058300020331B781B0213437A68213212781343FA
:105840001A463B685A637B6825331B781A047B68C9
:1058500026331B781B0213437A68273212781343CE
:105860001A463B689A637B6822331B781A047B686C
:1058700023331B781B0213437A68243212781343B4
:105880001A463B68DA637B689A7F3B6883F8482056
:105890007B6829331B781A047B682A331B781B0228
:1058A00013437A682B32127813431A463B681A6402
:1058B0007B682C331B781A047B682D331B781B0202
:1058C00013437A682E32127813431A463B685A649F
:1058D0007B681A331B781B027A681B3212781343D9
:1058E00099B27B6818331B785A1E0B4619468900FB
:1058F0000B4499B23B68143223F822107B681C33A6
:105900001B781BB21B021AB27B681D331B781BB2BB
:1059100013431BB29BB2A3F58A739AB27B68183308
:105920001B78013B11B23A6814339B0013440A46BA
:105930005A807B685A7E3B6883F820207B6831332D
:105940001B781B027A68323212781343642202FBFE
:1059500003F31A463B681A617B6833331B781B02DA
:105960007A68343212781A4313469B0013441A465D
:105970003B685A617B6835331B781B027A68363284
:1059800012781A4313469B0013441A463B689A61E7
:105990007B6837331B781B027A68383212781A43D7
:1059A00013469B0013441A463B68DA6100BF0C376C
:1059B000BD465DF8047B704780B485B000AF786069
:1059C0007B680022A3F84A207B68B3F850207B68EC
:1059D000A3F84C200023FB7326E0FA7B7B6814328B
:1059E00033F822207B68B3F84A309A4207D9FA7B11
:1059F0007B68143233F822207B68A3F84A20FA7BB4
:105A00007B68143233F822207B68B3F84C309A421A
:105A100007D2FA7B7B68143233F822207B68A3F824
:105A20004C20FB7B0133FB73FB7B0F2BD5D900BFD5
:105A300000BF1437BD465DF8047B704780B485B065
:105A400000AFF8607A603B600B467B81FB681A68A8
:105A50007B681B681B689A4208D17B68012283F827
:105A6000CD207B89DAB27B6883F8CE20FB681A6888
:105A70003B681B681B689A4208D13B68012283F887
:105A8000CD207B89DAB23B6883F8CE2000BF143783
:105A9000BD465DF8047B704780B483B000AF034619
:105AA000FB71044AFB79137000BF0C37BD465DF8EB
:105AB000047B7047F406002080B400AF034B1B78D2
:105AC0001846BD465DF8047B704700BFF406002011
:105AD00080B582B000AF0346FB7100F085FC024642
:105AE000FB79DB0013449B79052B01D1012300E0F6
:105AF000002318460837BD4680BD80B582B000AF90
:105B00000023FB800023BB8016E0BB88DBB2184675
:105B1000FFF7DEFF0346012B08D1B7F9043001225D
:105B200002FA03F31AB2FB881343FB80B7F904307F
:105B30009BB201339BB2BB80B7F90430072BE4DD85
:105B4000B7F9063018460837BD4680BD80B582B02B
:105B500000AF7860786800F027FD034618460837E4
:105B6000BD4680BD80B582B000AF00237B6017E0EA
:105B700034497A6813465B0013449B000B44063398
:105B80001B880A3398B22F497A6813465B00134486
:105B90009B000B44063302461A807B6801337B600E
:105BA0007B68632BE4DD00237B6042E025497A6853
:105BB00013465B0013449B000B441B78012B35D12B
:105BC00020497A6813465B0013449B000B4404335E
:105BD0001B88002B2AD01B497A6813465B001344AC
:105BE0009B000B440633198816487A6813465B00FD
:105BF00013449B00034404331B88994216D3114974
:105C00007A6813465B0013449B000B4402331B88E5
:105C1000184600F0D9F80B497A6813465B00134424
:105C20009B000B44063300221A8006E07B68013398
:105C30007B607B68632BB9DD00BF00BF0837BD46C2
:105C400080BD00BF4402002080B582B000AF034693
:105C50003960FB8013467B71074B1B781A46FB8823
:105C600013449BB27A793968184600F0B3FC00BF40
:105C70000837BD4680BD00BFF406002080B485B063
:105C800000AF03460A46FB801346BB800023FB603F
:105C900038E03A49FA6813465B0013449B000B4412
:105CA00002331B88FA889A4229D1BB88002B13D073
:105CB0003249FA6813465B0013449B000B440433DB
:105CC000BA881A802D49FA6813465B0013449B007A
:105CD0000B4401221A704CE02849FA6813465B0015
:105CE00013449B000B44043300221A802349FA68B2
:105CF00013465B0013449B000B4400221A70FB68A0
:105D00000133FB60FB68632BC3DD0023FB602DE0E8
:105D10001A49FA6813465B0013449B000B441B7836
:105D2000002B20D1BB88002B1DD01449FA681346E4
:105D30005B0013449B000B440233FA881A800F491E
:105D4000FA6813465B0013449B000B440433BA8883
:105D50001A800A49FA6813465B0013449B000B44FF
:105D600001221A7005E0FB680133FB60FB68632BBE
:105D7000CEDD1437BD465DF8047B70474402002039
:105D800080B584B000AF03463960FB7107F10803AA
:105D900008223021184610F0DEFA0A4B1B783B72BD
:105DA000FB797B723B68C7F80A3007F108030822C9
:105DB00019464FF4AC60FFF747FF00BF1037BD46F0
:105DC00080BD00BFF406002080B586B000AF03465A
:105DD000FB8000237B820023FB8207F11202FB88F9
:105DE0001146184601F07AFF0346BB827B8A012BDD
:105DF00014BF01230023DBB2FB82FB881B0A9BB28A
:105E0000DBB23B72FB88DBB27B72B7F914301B123A
:105E10001BB2DBB2BB72BB8ADBB2FB72FB8A1B0A12
:105E20009BB2DBB23B73FB8ADBB27B730023BB7399
:105E30000023FB73074B1B7803F588739BB207F1B4
:105E400008010822184600F0C5FB00BF1837BD4600
:105E500080BD00BFF406002080B582B000AF0346CD
:105E6000FB710C4AFB791370FA7913469B001344BB
:105E70009B00184610F0AAF803461A46064B1A6013
:105E8000054B1B68002B01D106F0BCFE00BF083794
:105E9000BD4680BDFC060020F806002080B483B01B
:105EA00000AF03463960FB711346BB80234B1B7860
:105EB000FA799A423BD2224B1968FA7913469B0031
:105EC00013449B000B44FA791A701D4B1968FA7938
:105ED00013469B0013449B000B443A68DA60184B4E
:105EE0001968FA7913469B0013449B000B44BA8847
:105EF0001A82134B1968FA7913469B0013449B00CE
:105F00000B4400229A800E4B1968FA7913469B00C5
:105F100013449B000B4400225A80094B1968FA79FC
:105F200013469B0013449B000B4400229A6000BF61
:105F30000C37BD465DF8047B704700BFFC060020AF
:105F4000F806002080B584B000AF07F0D7FFB86036
:105F50000023FB736DE03C4B1968FA7B13469B00F2
:105F600013449B000B449B68BA68D31A7B607B6820
:105F7000364A93420AD9344B1968FA7B13469B0080
:105F800013449B000B4400229A801FE07B6842F27E
:105F9000107293421AD92E4A7B68B2FBF3F37B80CE
:105FA000294B1968FA7B13469B0013449B000B4452
:105FB0009B887A889A4209D2234B1968FA7B134648
:105FC0009B0013449B000B447A889A801E4B1968EF
:105FD000FA7B13469B0013449B000B44188A1A4B10
:105FE0001968FA7B13469B0013449B000B445B88A3
:105FF0001BB20122194601F0A5FE134B1968FA7B6A
:1060000013469B0013449B000B441B8A0A3398B22F
:106010000D4B1968FA7B13469B0013449B000B44FD
:106020009B881BB20122194601F08CFEFB7B0133D9
:10603000FB73084B1B78FA7B9A428CD300BF00BFDE
:106040001037BD4680BD00BFF8060020407E050029
:1060500080EE3600FC06002080B483B000AF03461B
:10606000FB710B4B1B78FA799A4209D2094B1968DC
:10607000FA7913469B0013449B000B449B8800E075
:10608000002318460C37BD465DF8047B704700BFFF
:10609000FC060020F806002080B483B000AF002387
:1060A000FB710CE00C4B1968FA7913469B00134402
:1060B0009B000B4400225A80FB790133FB71074B94
:1060C0001B78FA799A42EDD300BF00BF0C37BD466A
:1060D0005DF8047B704700BFF8060020FC06002036
:1060E00080B586B000AF0346FB8007F007FF38613C
:1060F0000023FB7541E0264B1968FA7D13469B008F
:1061000013449B000B44DA68FB889A4232D1204B3F
:106110001968FA7D13469B0013449B000B445A8870
:10612000013292B25A801A4B1968FA7D13469B00CD
:1061300013449B000B449B683A69D31AFB60FB68CD
:10614000002B0DD0134AFB68B2FBF3F0104B19681B
:10615000FA7D13469B0013449B000B4482B29A8045
:106160000B4B1968FA7D13469B0013449B000B44AC
:106170003A699A60FB7D0133FB75074B1B78FA7D0A
:106180009A42B8D300BF00BF1837BD4680BD00BFDC
:10619000F806002080EE3600FC06002080B588B0AE
:1061A00000AF254BD3F89430FB6100237B6007F1EF
:1061B000140308220021184610F0CDF81E4BD3F826
:1061C00094301D4A43F40003C2F8943004233B7515
:1061D00000237B75FB691B0EDBB2BB7505211748DD
:1061E0000CF061FC0346DBB2FB75062113480CF092
:1061F0005AFC03467B607B68BB61002205210F4887
:106200000CF038FC002206210C480CF033FC06236D
:106210003B7220237B7207F10A0207F1140303CBC0
:106220001060516007F108030A21184604F08CFF42
:1062300000BF2037BD4680BD001002406826002008
:1062400080B400AFBFF34F8F00BF064BDB6803F491
:10625000E0620449044B1343CB60BFF34F8F00BF90
:1062600000BFFDE700ED00E00400FA0580B588B04E
:1062700004AF78600B46FB700023BB73C821242059
:1062800001F080FD0346494AD3605021242001F0EB
:1062900079FD0346454A13616421202001F072FD17
:1062A0000346424A5361414BDB68002B02D03F4B0F
:1062B0001B69002B3D4A7B6893603C4AFB78137056
:1062C0003A4B41F288329A80384B00225A80374B41
:1062D00001229A62354B1B7803F5E0631A46334B73
:1062E0009A61324B0022DA61304B00225A622F4B06
:1062F00000221A620023FB7314E0FB7B2C4ADB00B4
:10630000134442F210729A80FB7B294ADB0013444B
:10631000FF229A71FB7B2649FA7B01F83320FB7B35
:106320000133FB73FB7B072BE7D9204B1B78184607
:106330001E4B99791E4AC30013440A469A711B4B9F
:106340009868BB7B0133DAB20023029300230193E8
:1063500040F20F7300934FF4E063002100F0BCF9AA
:10636000124B9868BB7B0233DAB2002302930023FE
:10637000019340F2FF6300930023012100F0ACF988
:106380000A4B9B6848F61201184609F0B5FE074B08
:106390009B681B681A68054B9B681B6822F4803257
:1063A0001A6000BF1037BD4680BD00BF0007002047
:1063B0003C07002080B500AF094B9B68184609F0E8
:1063C0006AFC074B05229A71054B1B781846044B53
:1063D0009979044AC30013440A469A7100BF80BDEC
:1063E000000700203C07002080B400AF024B184695
:1063F000BD465DF8047B70473C070020B0B598B0FF
:1064000004AF40E07B6AB3F5E06F1AD37B6AB3F563
:10641000E26F16D27B6A87F84B3097F84B30072B28
:106420000FD897F84B3097F84010494ADB001344D7
:106430000A469A7197F84B30454ADB001344002214
:106440005A807B6A002B1ED197F84120414B1B7864
:106450009A4218D197F84030822B0FD0822B12DC51
:10646000812B09D0812B0EDC802B09D0802B0ADCFC
:10647000012B07D0022B06E0FFF7E2FEFFF7E0FE5C
:1064800000BF00E000BF334BDB6807F12402114678
:10649000184601F019FD0346002BB3D00023FB641E
:1064A0002EE02B4AFB6CDB0013445B880A3399B265
:1064B000274AFB6CDB0013440A465A80244AFB6CD3
:1064C000DB0013445A882249FB6CDB000B449B8899
:1064D0009A4212D91E4AFB6CDB0013449B79FF2BB6
:1064E0000BD01B4AFB6CDB00134400225A80184A75
:1064F000FB6CDB001344FF229A71FB6C0133FB64DD
:10650000FB6C072BCDDD134B5B880A339AB2114B22
:106510005A80104B5A880F4B9B889A4213D30D4BCD
:1065200000225A800B4B9A790A4B83F83020094D90
:106530006C4605F128030FCB84E80F0005F1180322
:106540000FCB00F071F800BF5037BD46B0BD00BFA3
:106550003C0700200007002090B58BB000AF114B26
:106560005B6907F108021146184601F054FC034626
:10657000002B13D10B4B98683C1D07F1080303F166
:10658000180207F10801234609F0C9FB0346002B56
:1065900004D1044B5B69184601F06AFC00BF2C373C
:1065A000BD4690BD0007002080B582B000AF786086
:1065B000074B1B697968184601F086FC0346002BDF
:1065C00001D1012300E0002318460837BD4680BDF5
:1065D0000007002090B58FB004AF03463960FB8000
:1065E00013467B717B79BB61FB88BB600023FB603A
:1065F00000237B6100233B617A7907F1080318339C
:106600003968184610F033FB6C4607F118030FCBBE
:1066100084E80F0007F108030FCB00F005F80346EC
:1066200018462C37BD4690BD84B080B500AF07F149
:10663000080C8CE80F00074B5B6907F1080118464E
:1066400001F07FFC00BF1846BD46BDE8804004B0A5
:10665000704700BF0007002080B58CB000AF7860A5
:1066600007F10C031C3307F10C020021786809F0D4
:1066700031FC084B9B687A689A4207D1054BDB686E
:1066800007F10C021146184601F05BFC00BF3037E1
:10669000BD4680BD0007002080B58CB000AF78609B
:1066A00007F10C031C3307F10C020121786809F093
:1066B00011FC084B9B687A689A4207D1054B1B690D
:1066C00007F10C021146184601F03BFC00BF3037C1
:1066D000BD4680BD0007002080B58CB000AF78605B
:1066E000084611461A460346FB700B46BB7013461C
:1066F0003B800E23FB62BB78FB6100233B620023DF
:106700007B62FB78BB61BB8F5B01BB603B885B013D
:10671000FB60B7F84020BB8F1146184600F016F812
:1067200003463B613A8F3B881146184600F00EF84D
:1067300003467B610123BB6207F1080319467868B1
:1067400009F0DFF900BF3037BD4680BD80B485B0A9
:1067500000AF03460A46FB801346BB800023FB8143
:1067600000237B7300233B7300237B7322E0FA88B2
:10677000BB8853409BB21BB2002B09DB3B7B002B39
:1067800006D1FB885B00FB80BB885B00BB800EE012
:10679000FB895B00FB8101233B73FB8943F0010311
:1067A000FB81FB885B00FB80BB885B00BB807B7B45
:1067B00001337B737B7B0F2BD9D9FB89DB439BB2E6
:1067C0005B01FB81FB8918461437BD465DF8047BED
:1067D0007047000080B483B000AF0346FB71FA79C4
:1067E000124913465B0013449B000B441B68104A7C
:1067F0001360FA790D4913465B0013449B000B4468
:1068000004331B680B4A1360FA79084913465B008E
:1068100013449B000B4408331B68074A136000BFF6
:106820000C37BD465DF8047B704700BFC4070020ED
:10683000E8070020EC070020F007002080B483B0B8
:1068400000AF0023FB710BE0FA79214913465B008E
:1068500013449B000B4400221A60FB790133FB7147
:10686000FB79022BF0D91B4BDB681A4A43F001037A
:10687000D360184B04229A62164B1B68154A43F0EA
:1068800080031360144B4FF496521A80124B4FF44E
:106890007A725A80104B40F6D8629A800F4B3C2295
:1068A0001A800E4B40F28A225A800C4B96229A8014
:1068B0000B4B0A221A800A4B6E225A80084B4FF467
:1068C00016729A8000BF0C37BD465DF8047B704796
:1068D000C407002000100040880700209007002017
:1068E0009807002080B58AB000AF0346B9607A608F
:1068F000FB73FB7B022B32D8FA7B1B4913465B00F0
:1069000013449B000B44BA681A60FA7B164913467D
:106910005B0013449B000B4408337A681A60FA7BCF
:106920007B681904104813465B0013449B00034422
:10693000043319607B689BB200221946B8680AF0DC
:1069400041FB7B687B611123BB610023FB61022358
:106950003B6207F114031946B8680AF0A1F900BFB9
:106960002837BD4680BD00BFC407002080B400AFFB
:106970000E4B00221A700D4B00225A700B4B002256
:106980009A700A4B0022DA70084B00221A71074BEA
:1069900000225A71054B00229A71044B0022DA71D1
:1069A00000BFBD465DF8047B704700BFAC07002008
:1069B00080B586B000AFB9607A603B600346FB7378
:1069C0000023FB75FA7B454913465B0013449B008B
:1069D0000B441B68002B02D10223FB7576E07B6819
:1069E000002B0CBF01230023DAB23B68002B0CBF45
:1069F00001230023DBB21343DBB2002B02D00523BB
:106A0000FB7563E0364B1B78002B02D00123FB752E
:106A10005CE0FB7B1846FFF7DDFEFFF7A7FF314A7E
:106A20007B681360304A3B681360304B55221A7004
:106A3000BB681A782D4B5A70BB685A782B4B9A70EA
:106A4000BB689A78294BDA70BB68DA78274B1A71E1
:106A5000BB681A79254B5A71BB685A79234B9A71D6
:106A6000BB689A79214BDA71BB68DA791F4B1A72CD
:106A70001E4BBE225A721E4B00221A701D4B002262
:106A80001A701D4B00221A701C4B00221A701C4BEE
:106A90000A221A701B4B09221A701B4B00221A7013
:106AA0001A4B00221A701A4B01221A700C4B012249
:106AB0001A70184B1A88184BDA62174B1B68164A63
:106AC00043F001031360144B01225A61134AFB7D0A
:106AD0001370FB7D18461837BD4680BDC4070020E3
:106AE000C0070020B8070020BC070020A007002036
:106AF00082070020800700208107002084070020F3
:106B00007C0700207D0700207E0700207F070020F3
:106B10008307002088070020001000408507002020
:106B200080B584B000AF0346FB710023FB73FA7994
:106B3000284913465B0013449B000B441B68002B41
:106B400002D10223FB733DE0234B1B78002B02D0C4
:106B50000123FB7336E0FB791846FFF73BFEFFF796
:106B600005FF1E4BCC221A701C4B44225A701C4B42
:106B700000221A701B4B00221A701B4B00221A7045
:106B80001A4B00221A701A4B02221A70194B00225B
:106B90001A70194B00221A70184B00221A70184BE9
:106BA00002221A700C4B01221A70164B1A88164BCF
:106BB000DA62154B1B68144A43F001031360124B51
:106BC00001225A61114AFB7B1370FB7B1846103778
:106BD000BD4680BDC4070020C0070020A0070020DC
:106BE0008207002080070020810700208407002002
:106BF0007C0700207D0700207E0700207F07002003
:106C0000830700208807002000100040850700202F
:106C100090B583B000AF2C4B1B78002B02D12B4BCF
:106C200003221A702A4B1B78022B43D0022B44DC20
:106C3000002B02D0012B07D03FE0264B264A92E8DA
:106C4000030083E8030038E0244B1B68002B33D09B
:106C5000214B1B781AB2204B5B781BB21B021BB274
:106C600013431BB2FB80FB88BB801B4B1C7A0821A3
:106C7000194800F0EBF903469C4213D1B7F9042000
:106C800013469B0013445B00002B00DA0F331B11EB
:106C90001A46124B1B6812B21A80114B1B68012254
:106CA0001A7003E00E4B1B6800221A700B4B002277
:106CB0001A6001E000BF00E000BF0A4B00221A701A
:106CC00000BF0C37BD4690BD84070020850700201B
:106CD00083070020F4070020AC070020B80700203D
:106CE000BC070020C007002080B500AF8D4B0022FC
:106CF0001A618D4B1B78012B40F086808B4B1B78E3
:106D0000022B26D0022B2ADC002B02D0012B06D02E
:106D100025E0874B1B68874A12689A611FE0864B03
:106D20001B781A46854B9B5C1A46854B1B7842FAAA
:106D300003F303F00103002B05D07D4B1B68814A50
:106D400012689A610BE07A4B1B687A4A12689A6162
:106D500005E0774B1B687B4A12689A6100BF734B52
:106D60001B780133DAB2714B1A70704B1B78022B0F
:106D700008D86E4B1B781A46734B33F81220694BB8
:106D8000DA624AE1694B00221A70684B1B781A4696
:106D90006D4B33F81220634BDA62694B1B78013379
:106DA000DAB2674B1A70664B1B78072B40F23581BD
:106DB000634B00221A70604B1B780133DAB25E4BD2
:106DC0001A705D4B1A78614B1B789A42C0F025818E
:106DD000594B00221A705E4B1B78002B0BD0524B84
:106DE00002221A70514B1B781A465A4B33F8122064
:106DF0004C4BDA6211E14B4B1B684A4A23F001030A
:106E00001360FFF705FF08E1474B1B78022B40F0AA
:106E1000A780464B1B78022B12D0022B44DC002BA0
:106E200002D0012B06D03FE0414B1B68414A12685B
:106E30009A6139E03E4B1B68424A12689A6133E01E
:106E40003B4B1B681A693F4B1B681340002B14D047
:106E5000394B1B781A46404B9B5C5AB2384B1B7817
:106E6000194601238B405BB2134359B2324B1B7856
:106E70001A46C9B2384B995415E02F4B1B781A4665
:106E8000354B9B5C5AB22E4B1B78194601238B4025
:106E90005BB2DB435BB2134059B2274B1B781A46F7
:106EA000C9B22D4B995400BF204B1B780133DAB285
:106EB0001E4B1A701D4B1B78022B29D91B4B00222D
:106EC0001A701F4B1B780133DAB21D4B1A701C4B22
:106ED0001B78072B1CD91A4B00221A70164B1B78F3
:106EE0000133DAB2144B1A70134B1A78184B1B7813
:106EF0009A420DD30B4B1B680A4A23F0010313601F
:106F0000FFF786FE0C4B00221A70144B00221A70F9
:106F1000064B1B781A460F4B33F81220014BDA62EE
:106F20007BE000BF001000408207002081070020A6
:106F3000E8070020EC0700207F070020A0070020C2
:106F40007E070020F0070020900700207C0700202B
:106F50007D07002098070020AC070020C007002014
:106F60002F4B1B78002B58D12E4B1B78022B12D0A5
:106F7000022B20DC002B02D0012B06D01BE02A4B79
:106F80001B682A4A12689A6115E0274B1B68284A39
:106F900012689A610FE0244B1B681A69244B1B6826
:106FA0001340002B03D0234B00221A7002E0214B28
:106FB00001221A7000BF1B4B1B780133DAB2194B48
:106FC0001A70184B1B78022B08D8164B1B781A46E0
:106FD000194B33F81220194BDA621EE0114B0022D4
:106FE0001A70174B00221A70124B1B78002B0BD013
:106FF0000B4B01221A70124B1B781A46114B33F8B7
:1070000012200E4BDA6208E00C4B1B680B4A23F08F
:10701000010313600C4B00221A7000BF80BD00BF3B
:107020008207002080070020E8070020EC070020EE
:10703000F00700208407002088070020001000408F
:107040008107002090070020C007002080B485B091
:1070500000AF78600B46FB700023FB730023BB730B
:1070600025E0BB7B7A6813441B787B7300233B735A
:1070700017E0FA7B7B7B5340DBB203F00103FB722A
:10708000FB7B5B08FB73FB7A002B04D0FB7B83F05C
:107090007303DB43FB737B7B5B087B733B7B0133BD
:1070A0003B733B7B072BE4D9BB7B0133BB73BA7BC0
:1070B000FB789A42D5D3FB7B18461437BD465DF862
:1070C000047B704780B58AB000AF786007F1080391
:1070D0000022194615480BF0CBFA07F11C030022D9
:1070E000194612480BF0A7FBFB7F03F5FA639BB22E
:1070F000FB847B7F87F82430BB7F87F823303B7A83
:1071000087F820307B7A87F82130BB7A87F82230E5
:107110003B7F87F825307B681A4607F1200303CBB5
:107120001060516078682837BD4680BD6826002011
:1071300080B588B000AF3B4683E80300FB88DBB234
:107140003033DBB2FB773B797B77FB78BB777B799E
:107150003B7707F11C030022194610480BF0E4FAB4
:107160003B783B727B787B72BB78BB720023FB72EF
:1071700000237B610023BB6107F10803002219464D
:1071800006480BF0D8F943F2F222012103480BF034
:1071900071FC00BF2037BD4680BD00BF68260020BF
:1071A00080B588B000AF7860796800200A46034651
:1071B000C7E9042307F1100318460FF0D5F8F8616A
:1071C000FB691B68DBB2BB72FB695B68DBB27B727D
:1071D000FB699B68DBB23B72FB69DB68DBB2FB726D
:1071E000FB691B69DBB20133DBB23B73FB695B6993
:1071F0009BB203F26C739BB2FB8107F1080393E827
:107200000300FFF795FF00BF2037BD4680BD00009B
:1072100080B400AF094B00221A80094B00221A707B
:10722000084B00221A70084B00221A70074B0022EC
:107230001A7000BFBD465DF8047B7047EC09002062
:10724000EE090020EF090020FC070020F0090020D3
:1072500090B583B000AF844B1B88002B40F0A98011
:1072600000237B609EE081497A6813465B001344EB
:107270009B000B440B331B780133D8B27B497A68EF
:1072800013465B0013449B000B440B3302461A70F9
:1072900076497A6813465B0013449B000B44043321
:1072A000B3F9003013F5967F4DDB70497A681346C9
:1072B0005B0013449B000B440433B3F9003040F2ED
:1072C000E24293423FDC69497A6813465B0013440B
:1072D0009B000B4406331B78012B34D163497A6839
:1072E00013465B0013449B000B440B3300221A70BF
:1072F0005E497A6813465B0013449B000B440433D9
:10730000B3F9000059497A6813465B0013449B00A7
:107310000B44023302461A8054497A6813465B00D4
:1073200013449B000B440833188850497A6813466D
:107330005B0013449B000B440233B3F9003001227D
:10734000194600F0FFFC49497A6813465B00134474
:107350009B000B440B331B78052B20D943497A68DB
:1073600013465B0013449B000B440B3300221A703E
:107370003E497A6813465B0013449B000B44083374
:1073800018883A497A6813465B0013449B000B4403
:107390000233B3F900300022194600F0D3FC7B68B9
:1073A00001337B60324B1B781A467B689342FFF6B1
:1073B0005AAF304B1B781A462B4B1B889A4205D983
:1073C000294B1B88DBB21846FFF7AAFB264B1B880C
:1073D000142B33D9284B1B781946244A0B465B00E3
:1073E0000B449B0013440A331878234B1B7819462F
:1073F0001E4A0B465B000B449B0013441B78DB00CA
:107400001E4A99181C4B1B781A4613465B001344FE
:107410009B00164A13441A1D174B1B781C46234623
:107420005B0023449B00114C23440633FFF7C0FA52
:10743000114B1B780133DAB20F4B1A700A4B1B88C1
:1074400001339AB2084B1A800B4B1A78084B1B7801
:107450009A4205D3084B00221A70034B00221A806F
:1074600000BF0C37BD4690BDEC090020000800208D
:10747000FC070020F0090020EE0900200000002099
:1074800080B584B000AF0346B9607A60FB730B4BE4
:107490001B78022B0DD8FB7B7A68B9681846FFF77A
:1074A00021FA064B1B780133DAB2044B1A70002321
:1074B00000E0012318461037BD4680BDF0090020CA
:1074C00080B483B000AF0346FB710B46BB8013460C
:1074D000BB712D4B1B78282B4FD82B4B1B78194693
:1074E0002A4A0B465B000B449B001344FA791A703E
:1074F000254B1B781946254A0B465B000B449B0025
:10750000134402334FF400421A801F4B1B78194674
:107510001E4A0B465B000B449B00134406330022BB
:107520001A70194B1B781946184A0B465B000B441E
:107530009B0013440833BA881A80134B1B781946F2
:10754000124A0B465B000B449B0013440A33BA7982
:107550001A700D4B1B7819460C4A0B465B000B4406
:107560009B0013440B3300221A70074B1B78013326
:10757000DAB2054B1A70002300E0012318460C37DD
:10758000BD465DF8047B7047FC0700200008002022
:1075900080B588B002AF78600023BB7200233B81C6
:1075A0007B685B683B617B681B68FB607B681B7A60
:1075B0003B75274B009307F108030FCB00F052F8FF
:1075C0007B681B693B617B68DB68FB607B681B7DBC
:1075D0003B75204B009307F108030FCB00F042F8F6
:1075E0007B68DB693B617B689B69FB607B6893F828
:1075F00020303B75184B009307F108030FCB00F0C8
:1076000031F87B689B6A3B617B685B6AFB607B68E7
:1076100093F82C303B75114B009307F108030FCB07
:1076200000F020F87B685B6B3B617B681B6BFB6049
:107630007B6893F838303B75094B009307F10803DA
:107640000FCB00F00FF800BF1837BD4680BD00BF5C
:10765000F4090020040A0020140A0020240A002053
:10766000340A002090B585B000AF3C4684E80F0096
:107670003B6A1C463B460FCB84E80F000021386A6A
:1076800000F09EF800BF1437BD4690BD80B500AF36
:1076900000210A4800F094F80021094800F090F811
:1076A0000021084800F08CF80021074800F088F815
:1076B0000021064800F084F800BF80BDF4090020D6
:1076C000040A0020140A0020240A0020340A0020A2
:1076D00080B483B000AF0346FB71084B9B78FA7906
:1076E0009A4205D0054AFB799370044B00221A8018
:1076F00000BF0C37BD465DF8047B7047040A0020CC
:1077000080B483B000AF0346FB71084B9B78FA79D5
:107710009A4205D0054AFB799370044B00221A80E7
:1077200000BF0C37BD465DF8047B7047140A00208B
:1077300080B483B000AF0346FB71084B9B78FA79A5
:107740009A4205D0054AFB799370044B00221A80B7
:1077500000BF0C37BD465DF8047B7047240A00204B
:1077600080B483B000AF0346FB71084B9B78FA7975
:107770009A4205D0054AFB799370044B00221A8087
:1077800000BF0C37BD465DF8047B7047F40900204C
:1077900080B483B000AF0346FB71084B9B78FA7945
:1077A0009A4205D0054AFB799370044B00221A8057
:1077B00000BF0C37BD465DF8047B7047340A0020DB
:1077C00080B582B000AF78600B46FB707B689B7819
:1077D000082B00F23F8201A252F823F00178000842
:1077E0003178000861780008D978000851790008DC
:1077F000C57900083B7A0008CF7A0008B37A000800
:107800007B681B7B002B09D17B6858687B689B6871
:107810009BB20122194609F0D5FB26E27B68586825
:107820007B689B689BB20022194609F0CBFB1CE2E7
:107830007B681B7B002B09D17B6858687B689B6841
:107840009BB20022194609F0BDFB0EE27B68586826
:107850007B689B689BB20122194609F0B3FB04E2E6
:107860007B681B88322B17D87B681B7B002B09D1C8
:107870007B6858687B689B689BB20022194609F0B8
:10788000A1FB20E07B6858687B689B689BB2012263
:10789000194609F097FB16E07B681B7B002B09D18A
:1078A0007B6858687B689B689BB20122194609F087
:1078B00089FB08E07B6858687B689B689BB2002264
:1078C000194609F07FFB7B681B88632B40F2C4815B
:1078D0007B6800221A80BFE17B681B880A2B17D8BF
:1078E0007B681B7B002B09D17B6858687B689B6891
:1078F0009BB20022194609F065FB20E07B685868BE
:107900007B689B689BB20122194609F05BFB16E07D
:107910007B681B7B002B09D17B6858687B689B6860
:107920009BB20122194609F04DFB08E07B685868BC
:107930007B689B689BB20022194609F043FB7B6879
:107940001B88132B40F28A817B6800221A8085E114
:107950007B681B88052B17D87B681B7B002B09D104
:107960007B6858687B689B689BB20022194609F0C7
:1079700029FB7AE17B6858687B689B689BB201228F
:10798000194609F01FFB70E17B681B7B002B09D1B6
:107990007B6858687B689B689BB20122194609F096
:1079A00011FB08E07B6858687B689B689BB20022EB
:1079B000194609F007FB7B6800229A707B68002259
:1079C0001A8052E17B681B88B3F5967F17D87B68D5
:1079D0001B7B002B09D17B6858687B689B689BB236
:1079E0000022194609F0EEFA3FE17B6858687B688F
:1079F0009B689BB20122194609F0E4FA35E17B68E5
:107A00001B7B002B09D17B6858687B689B689BB205
:107A10000122194609F0D6FA08E07B6858687B68AD
:107A20009B689BB20022194609F0CCFA7B680022C1
:107A30009A707B6800221A8017E17B681B88042BF0
:107A400017D87B681B7B002B09D17B6858687B6843
:107A50009B689BB20022194609F0B4FA20E07B68CB
:107A600058687B689B689BB20122194609F0AAFA04
:107A700016E07B681B7B002B09D17B6858687B680C
:107A80009B689BB20122194609F09CFA08E07B68CA
:107A900058687B689B689BB20022194609F092FAED
:107AA0007B681B88632B40F2DB807B6800221A8096
:107AB000D6E0FB78002B00F0D5807B685A687B68A5
:107AC0009B689BB21946104609F094FACAE07B689D
:107AD0001B88092B17D87B681B7B002B09D17B687F
:107AE00058687B689B689BB20022194609F06AFAC5
:107AF000A8E07B6858687B689B689BB201221946A6
:107B000009F060FA9EE07B681B88092B1BD97B6813
:107B10001B88312B17D87B681B7B002B09D17B6816
:107B200058687B689B689BB20122194609F04AFAA3
:107B300088E07B6858687B689B689BB20022194686
:107B400009F040FA7EE07B681B88312B1BD97B68EB
:107B50001B883B2B17D87B681B7B002B09D17B68CC
:107B600058687B689B689BB20022194609F02AFA84
:107B700068E07B6858687B689B689BB20122194665
:107B800009F020FA5EE07B681B883B2B1BD97B68E1
:107B90001B88632B17D87B681B7B002B09D17B6864
:107BA00058687B689B689BB20122194609F00AFA63
:107BB00048E07B6858687B689B689BB20022194646
:107BC00009F000FA3EE07B681B88632B1BD97B68B9
:107BD0001B88952B17D87B681B7B002B09D17B68F2
:107BE00058687B689B689BB20022194609F0EAF945
:107BF00028E07B6858687B689B689BB20122194625
:107C000009F0E0F91EE07B681B88952B1AD97B6888
:107C10001B88C72B16D87B681B7B002B09D17B6880
:107C200058687B689B689BB20122194609F0CAF923
:107C300008E07B6858687B689B689BB20022194605
:107C400009F0C0F97B681B88C72B0DD97B6800221F
:107C50001A8009E000BF08E000BF06E000BF04E0B2
:107C600000BF02E000BF00E000BF7B681B884FF64A
:107C7000FF72934205D07B681B8801339AB27B6800
:107C80001A8000BF0837BD4680BD00BF80B483B0F6
:107C900000AF00237B6013E00F4A7B68002102F8ED
:107CA00023100D4A7B689B00134400225A700A4A35
:107CB0007B689B00134400225A807B6801337B6001
:107CC0007B68B3F5AF7FE7DB00BF00BF0C37BD4675
:107CD0005DF8047B704700BF440A002080B483B085
:107CE00000AF03463960FB80FB88B3F5AF7F16D247
:107CF000FB88134A12F82330002B09D13B68002B74
:107D000006D03B681B8843F001039AB23B681A8097
:107D1000FB880B4A9B001344B3F902300AE03B682E
:107D2000002B06D03B681B8843F001039AB23B68E6
:107D30001A80002318460C37BD465DF8047B704757
:107D4000440A002080B483B000AF0346FB800B469A
:107D5000BB801346FB70FB88B3F5AF7F0AD2FB886C
:107D60000749FA7801F82320FB88054A9B00134451
:107D7000BA885A8000BF0C37BD465DF8047B704757
:107D8000440A002080B584B000AF03460A46FB7168
:107D90001346BB8010200EF019F90346FB60BB8828
:107DA000FA7902FB03F318460EF010F903461A465F
:107DB000FB681A60FB68BA88DA80FB6800221A81C7
:107DC000FB6800225A81FB6800221A73FB68FA796B
:107DD0001A71FB6818461037BD4680BD80B483B069
:107DE00000AF78607B68002B0ED07B681B7B002B7C
:107DF00007D17B681A897B685B899A4201D101238C
:107E000000E00023DBB200E0012318460C37BD463A
:107E10005DF8047B704780B582B000AF7860396050
:107E20007B68002B1FD072B600BF7868FFF7D6FFC3
:107E30000346002B13D17B681B687A685289114670
:107E40007A68127901FB02F299187B681B791A464D
:107E500038680EF00CFF62B600BF002304E062B683
:107E600000BF012300E0012318460837BD4680BD4E
:107E700080B582B000AF78607B68002B1FD072B6EF
:107E800000BF7868FFF7AAFF0346002B13D17B6879
:107E90005B8901337A68D28893FBF2F101FB02F22D
:107EA0009B1A9AB27B685A817B6800221A7362B669
:107EB00000BF002304E062B600BF012300E00123FD
:107EC00018460837BD4680BD80B582B000AF7860E7
:107ED00039607B68002B2FD072B600BF7868FFF73F
:107EE0007DFF0346002B23D17B681B687A6852898B
:107EF00011467A68127901FB02F299187B681B79A6
:107F00001A4638680EF0B3FE7B685B8901337A68E5
:107F1000D28893FBF2F101FB02F29B1A9AB27B68C2
:107F20005A817B6800221A7362B600BF002304E006
:107F300062B600BF012300E0012318460837BD46A2
:107F400080BD80B582B000AF786039607B68002B5F
:107F50003BD07B681B687A68128911467A6812796F
:107F600001FB02F298187B681B791A4639680EF0FB
:107F70007EFE7B681B7B002B0CD07B685B8901330A
:107F80007A68D28893FBF2F101FB02F29B1A9AB253
:107F90007B685A817B681B8901337A68D28893FB9E
:107FA000F2F101FB02F29B1A9AB27B681A817B689C
:107FB0001A897B685B899A420CBF01230023DBB2DC
:107FC0001A467B681A73002300E00123184608371D
:107FD000BD4680BD80B582B000AF78600E4B9B6817
:107FE0000D4A43F4805393607B68B3F5FA4F02D98E
:107FF0004FF4FA437B60094B094A1A60074B06228B
:108000005A607B68DB08054A9360044809F024F84D
:1080100000BF0837BD4680BD002004E09822002044
:108020000030004080B500AF024809F064F800BF9E
:1080300080BD00BF9822002080B500AF374B1422CE
:108040001A74364B00221A72344B0022DA60334B1A
:1080500001221A70314B00225A80304B00225A7490
:108060002E4B00229A742D4B4FF400421A832B4B57
:108070002B4A5A61294B5B69284A128B1946012009
:1080800000F07CF9274B06221A74264B01221A7243
:10809000244B4FF46172DA60224B00221A70214B9C
:1080A00000225A801F4B01225A741E4B00229A74E0
:1080B0001C4B4FF480421A831A4B194A5A61194BD0
:1080C0005B69184A128B1946002000F057F9164BCD
:1080D0000F221A74144B01221A72134B4FF496722A
:1080E000DA60114B00221A700F4B00225A800E4B9F
:1080F00002225A740C4B00229A740B4B4FF400521C
:108100001A83094B064A5A61074B5B69064A128B70
:108110001946002000F032F900BF80BDBC0F0020DE
:1081200000040048D80F0020F40F002080B584B070
:1081300000AF3B1D1846FEF7C5FF3B7A022B02D964
:108140003B7A0A2B03D9284B01221A7202E0264BF4
:1081500000221A727B79002B1AD1BB79012B17D818
:10816000214B1B78002B13D11F4B5B88B3F5967FF7
:1081700003D21D4B4FF496725A801B4B03221A7088
:10818000194B5B69184A128B1946012000F0F6F86A
:1081900007F10E0319464A20FFF7A0FD0346322BD4
:1081A00015DD114B1B78002B11D10F4B5B88B32BC6
:1081B00002D80D4BB4225A800B4B03221A700A4B83
:1081C0005B69094A128B1946012000F0D7F806486E
:1081D00000F010F8054800F00DF8054800F00AF826
:1081E00000BF1037BD4680BDBC0F0020D80F002057
:1081F000F40F002080B582B000AF78607B681B78F8
:10820000042B5CD801A252F823F000BFAD82000815
:1082100021820008318200084B8200086F8200082A
:108220007B681B7A002B43D07B6803221A703FE0E7
:108230007B685B685A1E7B685A607B685B68002BB2
:1082400038D17B6803221A7034E07B685B88002B8E
:1082500005D07B685B88013B9AB27B685A807B685B
:108260005B88002B28D17B6804221A7024E07B688D
:108270001B7A002B16D07B685B7C1846FDF7ECFE62
:1082800003461A467B681B7C9A4217D27B68596961
:108290007B681B8B1A46002000F070F87B68002278
:1082A0001A700BE07B6801221A7007E000BF06E03D
:1082B00000BF04E000BF02E000BF00E000BF00BF5D
:1082C0000837BD4680BD00BF80B582B000AF786082
:1082D0007B681B78042B4DD801A252F823F000BF15
:1082E000F58200081D8300083583000845830008D7
:1082F0005D8300087B68DB689AB27B685A807B6884
:1083000002221A707B6805225A607B6859697B6873
:108310001B8B1A46012000F031F82BE07B6859696D
:108320007B681B8B1A46002000F028F87B6800222F
:108330001A701FE07B685B8803F5E1539AB27B6893
:108340005A8017E07B6859697B681B8B1A460020AE
:1083500000F014F87B6800221A700BE07B68596902
:108360007B681B8B1A46002000F008F87B6800220F
:108370001A7000BF00BF0837BD4680BD80B582B00F
:1083800000AF03463960FB711346BB80FB79012BBC
:1083900006D1BB8801221946386808F013FE11E0A7
:1083A000FB79002B06D1BB8800221946386808F0FB
:1083B00009FE07E0FB79022B04D1BB881946386817
:1083C00008F018FE00BF0837BD4680BD80B500AF7D
:1083D0000248FFF779FF00BF80BD00BFD80F002023
:1083E00080B500AF0248FFF76FFF00BF80BD00BF40
:1083F000F40F002080B582B000AF0346FB710B463E
:10840000BB711346BB80FB79022B14D0022B19DC05
:10841000002B02D0012B07D014E0BA88BB79194693
:108420000A4800F019F80DE0BA88BB7919460848E7
:1084300000F012F806E0BA88BB791946054800F04A
:108440000BF800BF00BF0837BD4680BDBC0F002041
:10845000D80F0020F40F002080B582B000AF786004
:108460000B46FB7013463B80FB78012B19D17B68D0
:108470009B7C0133DAB27B689A747B685B883A88AC
:108480009A4202D97B683A885A807B6803221A7024
:108490007B6859697B681B8B1A460120FFF76EFFCA
:1084A00016E0FB78002B13D17B689B7C002B05D05A
:1084B0007B689B7C013BDAB27B689A747B689B7C0F
:1084C000002B05D17B6800225A807B6804221A7039
:1084D00000BF0837BD4680BD80B590B000AF5F4B90
:1084E00050221A8004F094FCFEF7A8F9FEF790FEE3
:1084F000FFF7CCFB5A4802F053FD04215948FDF721
:10850000B5FE0420FDF7C8FAFFF796FD564801F0C6
:10851000CBFD40F6B830FFF75DFD544803F09AFC00
:108520005349544800F08AFE00F0BCFB04F070FB95
:108530000320FDF791FC06224F495048FCF7D0FF7D
:108540008023BB604E4B7B6001233B734FF48073F1
:108550007B614B4B3B6100233B764FF400733B62E6
:10856000474BFB61002387F824304FF48073FB6294
:108570004FF09043BB62002387F830308023BB6309
:10858000404B7B63012387F83C303B1D1846FEF7C8
:10859000FFFF0220FFF7E4F8402239490020FEF7F0
:1085A0006FFF00227B212720FEF78AFF00227D211A
:1085B0000620FEF785FF00227E212320FEF780FFA4
:1085C00000227F211D20FEF77BFF4FF47A710A20E5
:1085D000FDF754FB4FF47A710B20FDF74FFB4FF47E
:1085E0007A710D20FDF74AFB4FF47A710C20FDF7EC
:1085F00045FB4FF47A710E20FDF740FB4FF47A7182
:108600002D20FDF73BFB40F6B8317B20FDF736FB14
:1086100040F6B8317D20FDF731FB40F6B8317E20C1
:10862000FDF72CFB40F6B8317F20FDF727FB3C22FD
:1086300004210020FDF732FC3D2208210120FDF736
:108640002DFC3E2201210220FDF728FC642101209F
:1086500004F010FB00BF4037BD4680BD1010002065
:108660002C23002070220020A82200208C2600202D
:10867000B02300203424002028220020C421002020
:10868000000800480004004880B58AB000AF002010
:10869000FFF71EF80020FFF733F80020FFF748F837
:1086A0000020FFF775F801224FF40041104808F050
:1086B00089FC00224FF480410D4808F083FC002221
:1086C0004FF400510A4808F07DFCFDF773FEFDF7FA
:1086D00065FD04F017FC03E03B1D184600F054F85C
:1086E0003B1D1846FDF732FA0346012BF4D0F0E7A4
:1086F0000004004880B584B000AF0023FB733B1D2D
:108700001846FEF7DFFCFB79FB73164B1B78FA7BF0
:108710009A4208D0134AFB7B137000F047FF01F028
:10872000A9FDFDF7B9FC00F013F90F4B1B88002BD6
:1087300005D00D4B1B88013B9AB20B4B1A800A4B9C
:108740001B88002B05D10320FEF7F2FF0120FEF766
:10875000BFFF064B1B680133044A136000BF10378C
:10876000BD4680BD181000201010002014100020FD
:1087700080B500AF034B50221A800020FEF7D8FFCF
:1087800000BF80BD1010002090B587B000AF7860AA
:108790007B681B689BB203F47F637B8200237B6151
:1087A0007B681B7F1BB21B021AB27B685B7F1BB20C
:1087B00013433B827B689B7F1BB21B021AB27B6810
:1087C000DB7F1BB21343FB817B6893F820301BB225
:1087D0001B021AB27B6893F821301BB21343BB8192
:1087E0007B8AB3F5C46F5DD0B3F5C46F00F38980A5
:1087F000B3F5AA6F5DD0B3F5AA6F00F38280B3F52D
:10880000987F13D0B3F5987F7BDCB3F5907F1FD0B2
:10881000B3F5907F75DCB3F5887F10D0B3F5887F12
:108820006FDC512B22D0B3F5807F6AE03B8ADBB24C
:10883000FA89D1B2BA891846FFF7DCFD61E03B8ABC
:10884000BA89D2B2B7F90E101846FFF77BFA58E092
:10885000B7F91030012B02D1FFF7B8FD4EE0B7F9A0
:108860001030002B4AD1FFF7BBFD47E07B681B7F30
:108870001B067A6913437B617B685B7F1B047A6903
:1088800013437B617B689B7F1B027A6913437B6187
:108890007B68DB7F1A467B6913437B617869FEF74F
:1088A0007FFC2EE07B681C330821184602F05BFC3D
:1088B00027E07B681C7FFDF7FFF803469C421FD131
:1088C0007B685B7F022B12D0022B19DC002B02D0BD
:1088D000012B05D014E065210020FDF751FA0CE0D2
:1088E0001A4B1B6819460120FDF74AFA05E040F2D1
:1088F00001110220FDF744FA00BF01E000BF00E0D3
:1089000000BF7B681B68512B1BD17B681B7F1B063C
:108910007A6913437B617B685B7F1B047A6913432D
:108920007B617B689B7F1B027A6913437B617B6859
:10893000DB7F1A467B6913437B617869FEF730FC65
:1089400000BF00BF1C37BD4690BD00BF1410002003
:1089500080B582B000AFBB1D19462D20FFF7BEF9D0
:108960000346B3F57A7F0EDA154B1B78002B0AD13C
:10897000134B01221A706421002004F07BF964215A
:10898000032004F077F9BB1D19462D20FFF7A6F947
:108990000346B3F5FA6F0EDD094B1B78002B0AD0A6
:1089A000074B00221A700021002004F063F9002117
:1089B000032004F05FF900BF0837BD4680BD00BF4B
:1089C0001910002080B582B000AF78607B681A680B
:1089D000094B1B689A4202D103F034FA07E07B6826
:1089E0001A68064B1B689A4201D101F0E3FE00BFF2
:1089F0000837BD4680BD00BF2C230020A8220020E0
:108A000080B582B000AF78607B681A68224B1B6823
:108A10009A4202D103F01AFA39E07B681A681F4BB8
:108A20001B689A420CD17B68B3F858207B68B3F876
:108A30005A309BB2D31A9BB2184601F0A5FE26E02D
:108A40007B681A68164B1B689A420DD17B68B3F895
:108A500058207B68B3F85A309BB2D31A9BB21946A0
:108A6000786800F0B9FD12E07B681A680D4B1B684E
:108A70009A420CD17B68B3F858207B68B3F85A301F
:108A80009BB2D31A9BB21946786800F0A5FD00BFCF
:108A90000837BD4680BD00BF2C230020A82200203F
:108AA00034240020B023002080B582B000AF78606D
:108AB0000B467B807B681A68114B1B689A4204D175
:108AC0007B88184601F060FE16E07B681A680D4B43
:108AD0001B689A4205D17B881946786800F07CFDB6
:108AE0000AE07B681A68084B1B689A4204D17B88AD
:108AF0001946786800F070FD00BF0837BD4680BD9C
:108B0000A822002034240020B023002080B582B0A9
:108B100000AF0346FB80FB881846FDF7E1FA00BF73
:108B20000837BD4680BD000080B58AB000AF3B1D50
:108B300000221A605A609A60DA601A61002387F88E
:108B400027304FF48041544808F024FA034687F850
:108B500027300020FCF708FD0346BB84BB8C184679
:108B6000FBF7F0FD40A3D3E90023FBF755FE0246D7
:108B70000B46104619464FF00002484BFBF74CFEDF
:108B800002460B461046194639A3D3E90023FBF7EA
:108B90006DFF02460B46C7E9062397F82730012BE5
:108BA00003D10320FEF7C4FD02E00020FEF7C0FD64
:108BB00031A3D3E90023D7E90601FCF7BDF803464A
:108BC000002B05D000220821354808F0FBF90EE003
:108BD0002BA3D3E90023D7E90601FCF78FF803465E
:108BE000002B04D0012208212D4808F0EBF926A320
:108BF000D3E90023D7E90601FCF79EF80346002BD2
:108C000014D04FF400437B600123BB600023FB6062
:108C100000233B613B1D19461F4808F041F8002224
:108C20004FF400411C4808F0CDF918E018A3D3E92F
:108C30000023D7E90601FCF761F80346002B00D1B9
:108C40000DE04FF400437B600023BB600023FB601A
:108C500000233B613B1D19460F4808F021F800BF77
:108C60002837BD4680BD00BF0000000000E2E93F9C
:108C700085EB51B81E850340000000000026CB4064
:108C8000000000000064C940000000000070C74000
:108C900000000000007CC54000080048000028409B
:108CA000001C004880B400AF034B0F221A7400BFB1
:108CB000BD465DF8047B70474010002000000000B6
:108CC0002DE9F04389B000AF00237B8107F10A034F
:108CD000194640F22F10FFF701F803461E4607F130
:108CE0000A03194640F24310FEF7F8FF03463344E7
:108CF00007EE903AF8EEE77AD34BC3ED087A07F126
:108D00000A03194640F23310FEF7E8FF03461E46F9
:108D100007F10A03194640F24710FEF7DFFF03464A
:108D200033441846FBF70EFD4FF00002C74BFBF72C
:108D30009DFE02460B4610461946FCF72FF80346E7
:108D4000C14A936107F10A03194640F23110FEF758
:108D5000C5FF03461E4607F10A03194640F24510B7
:108D6000FEF7BCFF0346334407EE903AB8EEE77ACD
:108D7000B54BD3ED067A67EE277AC7ED077A07F190
:108D80000A03194640F22D10FEF7A8FF03461E46BF
:108D900007F10A03194640F24110FEF79FFF034610
:108DA000334407EE903AF8EEE77AA74BC3ED057A25
:108DB00007F10A0319464FF49770FEF78FFF034639
:108DC0001846FBF7BFFC4FF00002A14BFBF74EFE2D
:108DD00002460B469046994607F10A0319464FF49E
:108DE000A170FEF77BFF03461846FBF7ABFC4FF084
:108DF0000002974BFBF73AFE02460B4640464946B7
:108E0000FBF754FB02460B4610461946FBF7C6FF1C
:108E100003468D4AD3618C4BD3ED087A9FED8D7A52
:108E200067EE876A97ED077AC6EE877A864BC3EDC1
:108E3000047A07F10A0319464FF49A70FEF74EFFC1
:108E400003461E4607F10A0319464FF4A470FEF7C5
:108E500045FF0346334407EE903AF8EEE77A7A4B43
:108E6000C3ED027A07F10A03194640F23510FEF706
:108E700035FF03461E4607F10A03194640F2491022
:108E8000FEF72CFF0346334407EE903AF8EEE77AFC
:108E90006D4BC3ED037A07F10A0319464FF49B703B
:108EA000FEF71CFF03461E4607F10A0319464FF45E
:108EB000A570FEF713FF0346334407EE903AF8EE31
:108EC000E77A614BC3ED007A07F10A03194640F2D5
:108ED0003710FEF703FF03461E4607F10A03194643
:108EE00040F24B10FEF7FAFE0346334407EE903A89
:108EF000F8EEE77A544BC3ED017A07F10A031946FD
:108F00004FF49870FEF7EAFE03461E4607F10A0387
:108F100019464FF4A270FEF7E1FE0346334407EE14
:108F2000903AF8EEE77AC7ED067A07F10A03194698
:108F30004FF49970FEF7D2FE0346DAB2464B1A7729
:108F400007F10A0319464FF4A370FEF7C7FE034664
:108F5000DAB2414B83F824203F4E3B461846FEF7D9
:108F6000B1F806F112033A461168526819605A6066
:108F7000394A07F10C0312321068516803C33A7B77
:108F8000354B1B7C9A4269D23B7C022B66D93B7CD9
:108F90000A2B63D8304B1B7C1A463B7BD31A013B10
:108FA0004FF4616202FB03F17B7BC3F13C02134689
:108FB0001B019B1A9B000B44DA171C461546264BD7
:108FC000C3E90245204BD3ED087A97ED077A77EE97
:108FD000677A17EE900AFBF7C7FB04460D461E4B57
:108FE000D3E9022310461946FBF7E8FB14A3D3E9A3
:108FF0000023FBF73BFD02460B4620462946FBF7C4
:1090000035FD02460B4610461946FBF7C7FE0346E0
:109010007B610D4B93ED067AD7ED056AC6EE877A34
:109020000D4BC3ED007A0C4BD3ED007AB1EE007A14
:1090300077EEC77A084BC3ED007A12E0AFF30080F9
:10904000000000000020AC401C1000200000344054
:10905000000024400000C84240100020584B594AEC
:109060001A60574BD3ED007A97ED067AB4EEE77AA3
:10907000F1EE10FA02D5524ABB69136000F0A8F86D
:10908000514BD3ED047AFDEEE77A17EE903A1BB21E
:10909000012219460A20FEF755FE4B4BD3ED067A06
:1090A000B2EE047A67EE877AFDEEE77A17EE903A31
:1090B0001BB2012219460B20FEF744FE424BD3EDB2
:1090C000077AB2EE047A67EE877AFDEEE77A17EE5A
:1090D000903A1BB2012219460E20FEF733FE3A4B9E
:1090E000D3ED057AFDEEE77A17EE903A1BB2012236
:1090F00019461220FEF726FE334BD3ED087AFDEE1B
:10910000E77A17EE903A1BB2012219461020FEF7BB
:1091100019FE2D4BD3ED007AFDEEE77A17EE903A6B
:109120001BB2012219460820FEF70CFE264B93EDD8
:10913000017AF2EE046AC7EE267AFDEEE77A17EEC0
:10914000903A1BB2012219460920FEF7FBFD1E4B87
:10915000D3ED027AFDEEE77A17EE903A1BB20122C8
:1091600019461120FEF7EEFD174B93ED037AF2EE50
:10917000046AC7EE267AFDEEE77A17EE903A1BB244
:10918000012219460F20FEF7DDFD0F4BD3ED027AC9
:109190009FED0E7A67EE876A0B4B93ED067AC6EE6B
:1091A000877AFDEEE77A17EE903A1BB20122194654
:1091B0000C20FEF7C7FD00BF2437BD46BDE8F08395
:1091C000401000200000FA431C1000200000C8429C
:1091D00080B584B000AF0023FB73174B1B7F002BBF
:1091E00001D00123FB73144BD3ED007AFDEEE77A37
:1091F00017EE903ABB8100233B71FB7B7B71B7F983
:109200000C301B121BB2DBB2BB71BB89DBB2FB7132
:1092100000233B7200237B720023BB720023FB728E
:109220003B1D082219464FF44470FCF70DFD00BFAA
:109230001037BD4680BD00BF4010002080B582B011
:1092400000AF78603960184B184A9A66164B184A76
:10925000DA66154B00221A80134BDC225A80124B1F
:10926000FA229A80104B1B88002B08D00E4B9B6E65
:109270007A681A600C4B9B6E1846FCF7A5F90A4BEE
:109280005B88002B08D0084BDB6E3A681A60064BEF
:10929000DB6E1846FCF798F9034B002283F8522046
:1092A00000BF0837BD4680BD70100020E0100020D0
:1092B000B0110020000000002DE9F04F87B000AF92
:1092C0000023FB82B44B9B6E1846FCF7ABF9B24B04
:1092D000DB6E1846FCF7A6F9AF4B93F85230002B23
:1092E00001D100F08DF900F04FFA02F0E1FE0346E3
:1092F0001846FBF727FA4FF00002A84BFBF7B6FB26
:1093000002460B4610461946FBF748FD0346A24AA3
:109310001361A14BD3E9162310461946FBF746FA11
:1093200082468B469C4B1B691846FBF71DFA4FF093
:1093300000029A4BFBF770FA02460B46504659461C
:10934000FBF7B4F802460B4610461946FBF70CFF34
:1093500002460B469049C1E916238F4BD3E916010B
:109360008F4A4FF00003FBF7C7FE02460B4610463C
:109370001946FBF72BFE07EE100A874BD3ED187A40
:10938000B4EEE77AF1EE10FA0FDD834BD3ED187AE5
:109390009FED847A67EE877A17EE900AFBF7C4FE9A
:1093A00002460B467C49C1E916237B4BDB6E5B6AA8
:1093B0001846FBF7B7F94FF00002784BFBF756FB66
:1093C00002460B4610461946FBF7E8FC0346724A74
:1093D0009361714BD3E9162310461946FBF7F6FD4E
:1093E00007EE100A6C4BD3ED067A27EE277ADFEDF5
:1093F0006D6AC7EE267A684BC3ED057A664B93ED2E
:10940000047A654BD3ED067A67EE277A624BC3ED9B
:10941000037A614BD3E91601614A4FF00003FBF771
:109420006BFE02460B461046194602460B4696183E
:109430003E605B417B60D7E90023141843EB0105D4
:109440004FF000024FF000036B0143EAD463620166
:1094500014EB020845EB030918EB0003BB6049EB72
:109460000103FB60D7E90201FBF7B0FD06EE900AAD
:10947000494B93ED187AC6EE877A474BC3ED027AD3
:1094800007F1160319462C20FEF728FC034607EEC9
:10949000903AF8EEE77A404BC3ED0B7A07F11603EA
:1094A00019462820FEF71AFC03461846FBF74AF92E
:1094B0004FF000023C4BFBF7D9FA02460B46104630
:1094C0001946FBF76BFC0346334A5363324B1B6B65
:1094D0001846FBF749F904460D462F4BDB6A184640
:1094E000FBF742F92AA3D3E90023FBF7BFFA0246B0
:1094F0000B4620462946FAF7D9FF02460B4610468E
:109500001946FBF74BFC0346234A1363224B93EDAA
:109510000B7A214BD3ED037A77EE677A1E4BC3EDBE
:10952000087A1D4B5B6A1846FBF71EF904460D4688
:10953000194B1B6A1846FBF717F915A3D3E900234B
:10954000FBF794FA02460B4620462946FAF7AEFF8F
:1095500002460B4610461946FBF720FC03460E4A0E
:1095600053620D4B93ED047A0B4BD3ED0D7A77EEEE
:10957000277A094BC3ED0A7A00F098F900F0F0F968
:1095800000BF1C37BD46BDE8F08F00BFAFF30080C1
:10959000000000000020AC407010002000408F4010
:1095A00080EE360000BA5B4A0000244080B400AF71
:1095B000084B002283F85020064B4FF000021A633C
:1095C000044B4FF000025A6200BFBD465DF8047BB9
:1095D000704700BF7010002080B582B000AF786087
:1095E0000B467B80054B9A6E044BDB6E798878685E
:1095F000FCF724FA00BF0837BD4680BD701000207C
:109600002DE9F04F8DB000AF012387F82F304FF0D8
:1096100000024FF00003C7E90823594B1B881A4684
:10962000574B5B88134407EE903AF8EEE77A544BB9
:10963000C3ED187A524B1B88002B26D0504B9B6EE3
:109640001B79002B1ED04E4B9B6E93F84930002B9C
:1096500018D04B4B1B881A46494B9B6E93F84930E8
:1096600003FB02F248F6A04302FB03F3DA171846A5
:109670001146D7E9082312EB000A43EB010BC7E9B7
:1096800008AB02E0002387F82F303D4B5B88002BAE
:109690002DD03B4BDB6E1B79002B25D0384BDB6E7E
:1096A00093F84930002B1FD0354B5B881A46344B5A
:1096B000DB6E93F8493002FB03F348F6A04202FB4D
:1096C00003F3DA17BB61FA61D7E90823D7E906ABE0
:1096D00051465118B960594643EB0101F960D7E989
:1096E0000223C7E9082302E0002387F82F3097F808
:1096F0002F30002B3FD02249D7E90823C1E9162398
:109700001F4BD3E916011F4A4FF00003FBF7F4FC8F
:1097100002460B461046194602460B4696183E6016
:109720005B417B60D7E90023141843EB01054FF040
:1097300000024FF000036B0143EAD463620114EBB3
:10974000020845EB030918EB00033B6149EB0103F9
:109750007B61D7E90401FBF739FC06EE900A084B60
:1097600093ED187AC6EE877A054BC3ED027A044B67
:10977000012283F8522000BF3437BD46BDE8F08F88
:109780007010002080EE360080B500AF454B9B6E18
:109790001846FBF796FF0346002B07D0414BDB6EC4
:1097A0001846FBF78EFF0346002B24D13D4B9B6EE2
:1097B00093F84930622B05D83A4BDB6E93F8493069
:1097C000622B18D9374B93F85130002B13D1354BFE
:1097D000D3ED187A9FED347A67EE877A17EE900A08
:1097E000FBF7A2FC02460B462E49C1E916232D4B7E
:1097F000012283F851202B4B9B6E1846FBF761FF2B
:109800000346002B0BD0274BDB6E1846FBF759FFA6
:109810000346002B03D0234B002283F85120214B19
:109820000022A3F866201F4B9B6E1B79002B06D0ED
:109830001C4B9B6EB3F84C201A4BA3F86620194BB7
:10984000DB6E1B79002B0FD0164BDB6EB3F84C2070
:10985000144BB3F866309A4206D2124BDB6EB3F863
:109860004C20104BA3F866200E4BB3F8663040F640
:109870004752934213D90B4B012283F85020094BD6
:10988000D3ED187A9FED087A67EE877A17EE900A83
:10989000FBF74AFC02460B460249C1E9162300BF0A
:1098A00080BD00BF7010002000BA5B4A80B483B056
:1098B00000AF294BD3ED187AF2EE046A87EEA67A50
:1098C000DFED266AC7EE267AC7ED017A224B93EDCB
:1098D000187AF0EE006AC7EE267A1F4BC3ED077ABE
:1098E0001D4B9B6EB3F84A201B4BDB6EB3F84A301E
:1098F0009A4207D9184B9B6EB3F84A20164BA3F82F
:10990000642006E0144BDB6EB3F84A20124BA3F838
:109910006420114BB3F8643040F64752934214D997
:109920000D4BB3F86430C3F55A630C3307EE903A2D
:10993000B8EEE77AD7ED017A67EE277AB0EE007AD3
:1099400077EE877A044BC3ED077A00BF0C37BD462C
:109950005DF8047B704700BF701000200000C84213
:1099600080B582B000AF0123FB71C04BD3ED027A0A
:109970009FEDBF7A67EE877AFDEEE77A17EE903AB1
:109980001BB2FA7919464FF49670FEF7DBF9B74B24
:10999000D3ED037AFDEEE77A17EE903A1BB2FA792F
:1099A000194640F22D10FEF7CDF9B04BD3ED047AF5
:1099B000B2EE047A67EE877AFDEEE77A17EE903A18
:1099C0001BB2FA7919464FF49770FEF7BBF9A74B13
:1099D000D3ED067AB2EE047A67EE877AFDEEE77A87
:1099E00017EE903A1BB2FA79194640F23310FEF79F
:1099F000A9F99E4BD3ED057AFDEEE77A17EE903A82
:109A00001BB2FA79194640F22F10FEF79BF9974BDB
:109A1000D3ED077AFDEEE77A17EE903A1BB2FA79AA
:109A200019464FF49870FEF78DF9904BD3ED187AE4
:109A3000FDEEE77A17EE903A1BB2FA79194640F23A
:109A40003110FEF77FF9894B93F850301BB2FA7949
:109A500019464FF49970FEF775F9844BD3ED087AE7
:109A6000FDEEE77A17EE903A1BB2FA7919464FF4F9
:109A70009A70FEF767F97D4BD3ED097AFDEEE77A30
:109A800017EE903A1BB2FA79194640F23510FEF7FC
:109A900059F9764BD3ED0B7AFDEEE77A17EE903A53
:109AA0001BB2FA7919464FF49B70FEF74BF96F4BD6
:109AB000D3ED0C7AFDEEE77A17EE903A1BB2FA7905
:109AC000194640F23710FEF73DF9684B9B6E1B7943
:109AD000002B00F07081654B9B6E5B6A654AA2FBB0
:109AE00003235B091BB2FA7919461620FEF72AF9FF
:109AF0005E4B9B6E93F849301BB2FA7919461420DD
:109B0000FEF720F9594B9B6E1B6B5A4A82FB0312DE
:109B10005211DB17D31A1BB2FA7919461520FEF73A
:109B200011F9524B9B6EDB6B1BB2FA791946172069
:109B3000FEF708F94D4B9B6E5B6B1BB2FA79194629
:109B40001820FEF7FFF8494B9B6EB3F850301BB25C
:109B5000FA791946B420FEF7F5F8444B9B6EB3F83A
:109B600054301BB2FA791946B520FEF7EBF83F4B9B
:109B70009B6EB3F858301BB2FA791946B620FEF73F
:109B8000E1F83A4B9B6EB3F85C301BB2FA79194698
:109B9000B720FEF7D7F8354B9B6EB3F860301BB299
:109BA000FA791946B820FEF7CDF8304B9B6EB3F822
:109BB00064301BB2FA791946B920FEF7C3F82B4B73
:109BC0009B6EB3F868301BB2FA791946BA20FEF7DB
:109BD000B9F8264B9B6EB3F86C301BB2FA79194674
:109BE000BB20FEF7AFF8214B9B6EB3F870301BB271
:109BF000FA791946BC20FEF7A5F81C4B9B6EB3F80A
:109C000074301BB2FA791946BD20FEF79BF8174B4A
:109C10009B6EB3F878301BB2FA791946BE20FEF776
:109C200091F8124B9B6EB3F87C301BB2FA7919464F
:109C3000BF20FEF787F80D4B9B6EB3F880301BB248
:109C4000FA791946C020FEF77DF8084B9B6EB3F8F1
:109C500084301BB2FA791946C120FEF773F8034B22
:109C60009B6EB3F888301BB206E000BF7010002076
:109C70000000C8421F85EB51FA791946C220FEF751
:109C800061F8B74B9B6EB3F88C301BB2FA7919466A
:109C9000C320FEF757F8B24B9B6EB3F95230FA79F6
:109CA0001946C420FEF74EF8AD4B9B6EB3F9563003
:109CB000FA791946C520FEF745F8A94B9B6EB3F912
:109CC0005A30FA791946C620FEF73CF8A44B9B6E31
:109CD000B3F95E30FA791946C720FEF733F8A04B86
:109CE0009B6EB3F96230FA791946C820FEF72AF85C
:109CF0009B4B9B6EB3F96630FA791946C920FEF783
:109D000021F8974B9B6EB3F96A30FA791946CA204D
:109D1000FEF718F8924B9B6EB3F96E30FA7919463C
:109D2000CB20FEF70FF88E4B9B6EB3F97230FA79A9
:109D30001946CC20FEF706F8894B9B6EB3F97630B6
:109D4000FA791946CD20FDF7FDFF854B9B6EB3F9DF
:109D50007A30FA791946CE20FDF7F4FF804B9B6EDE
:109D6000B3F97E30FA791946CF20FDF7EBFF7C4B33
:109D70009B6EB3F98230FA791946D020FDF7E2FFE5
:109D8000774B9B6EB3F98630FA791946D120FDF7EF
:109D9000D9FF734B9B6EB3F98A30FA791946D220FA
:109DA000FDF7D0FF6E4B9B6EB3F98E30FA791946F2
:109DB000D320FDF7C7FF6A4BDB6E1B79002B00F049
:109DC0006D81674BDB6E5B6A664AA2FB03235B090E
:109DD0001BB2FA7919462020FDF7B4FF604BDB6E09
:109DE00093F849301BB2FA7919461E20FDF7AAFFF5
:109DF0005B4BDB6E1B6B5B4A82FB03125211DB1762
:109E0000D31A1BB2FA7919461F20FDF79BFF544B5A
:109E1000DB6EDB6B1BB2FA7919462120FDF792FF4E
:109E20004F4BDB6E5B6B1BB2FA7919462220FDF7B4
:109E300089FF4B4BDB6EB3F850301BB2FA791946F1
:109E4000DC20FDF77FFF464BDB6EB3F854301BB2CE
:109E5000FA791946DD20FDF775FF414BDB6EB3F84B
:109E600058301BB2FA791946DE20FDF76BFF3C4BE8
:109E7000DB6EB3F85C301BB2FA791946DF20FDF7D0
:109E800061FF374BDB6EB3F860301BB2FA791946CD
:109E9000E020FDF757FF324BDB6EB3F864301BB2A6
:109EA000FA791946E120FDF74DFF2D4BDB6EB3F833
:109EB00068301BB2FA791946E220FDF743FF284BC0
:109EC000DB6EB3F86C301BB2FA791946E320FDF76C
:109ED00039FF234BDB6EB3F870301BB2FA791946A9
:109EE000E420FDF72FFF1E4BDB6EB3F874301BB27E
:109EF000FA791946E520FDF725FF194BDB6EB3F81B
:109F000078301BB2FA791946E620FDF71BFF144B97
:109F1000DB6EB3F87C301BB2FA791946E720FDF707
:109F200011FF0F4BDB6EB3F880301BB2FA79194684
:109F3000E820FDF707FF0A4BDB6EB3F884301BB255
:109F4000FA791946E920FDF7FDFE054BDB6EB3F803
:109F500088301BB2FA791946EA20FDF7F3FE03E0D8
:109F6000701000201F85EB514E4BDB6EB3F88C3028
:109F70001BB2FA791946EB20FDF7E4FE494BDB6E84
:109F8000B3F95230FA791946EC20FDF7DBFE454B68
:109F9000DB6EB3F95630FA791946ED20FDF7D2FEA3
:109FA000404BDB6EB3F95A30FA791946EE20FDF7D3
:109FB000C9FE3C4BDB6EB3F95E30FA791946EF20EF
:109FC000FDF7C0FE374BDB6EB3F96230FA79194604
:109FD000F020FDF7B7FE334BDB6EB3F96630FA794C
:109FE0001946F120FDF7AEFE2E4BDB6EB3F96A3059
:109FF000FA791946F220FDF7A5FE2A4BDB6EB3F97C
:10A000006E30FA791946F320FDF79CFE254BDB6E86
:10A01000B3F97230FA791946F420FDF793FE214B1B
:10A02000DB6EB3F97630FA791946F520FDF78AFE32
:10A030001C4BDB6EB3F97A30FA791946F620FDF73E
:10A0400081FE184BDB6EB3F97E30FA791946F720A2
:10A05000FDF778FE134BDB6EB3F98230FA791946BF
:10A06000F820FDF76FFE0F4BDB6EB3F98630FA79FF
:10A070001946F920FDF766FE0A4BDB6EB3F98A300C
:10A08000FA791946FA20FDF75DFE064BDB6EB3F94F
:10A090008E30FA791946FB20FDF754FE00BF0837D1
:10A0A000BD4680BD7010002080B584B000AF7860E0
:10A0B000424B00221A70424B00221A70414B002280
:10A0C0001A70414A7B681360404B00221A703F4B64
:10A0D0001B785A1CD1B23D4A11701A463C4B4EF6C1
:10A0E000D75123F81210394B1B785A1CD1B2374A7A
:10A0F00011701A46364B4EF6D55123F81210334BD9
:10A100001B785A1CD1B2314A11701A46304B4EF6A8
:10A11000D35123F812102D4B1B785A1CD1B22B4A65
:10A1200011701A462A4B4EF6D25123F81210274BC3
:10A130001B785A1CD1B2254A11701A46244B4EF690
:10A14000BC5123F81210214B1B785A1CD1B21F4A64
:10A1500011701A461E4B4EF6BB5123F812101B4BC2
:10A160001B785A1CD1B2194A11701A46184B4EF678
:10A17000BD5123F81210154B1B785A1CD1B2134A4B
:10A1800011701A46124B4EF6DB5123F812100E4B8B
:10A190001B6832220F4918460BF0BCFE0346FB73C6
:10A1A000FB7B002B05D0084B1B6818460AF0DAFF32
:10A1B000B86000BF1037BD4680BD00BF031300204C
:10A1C0000413002001130020B4120020001300200B
:10A1D000EC1200208012002080B586B000AF07236B
:10A1E0003B711D4B1B78002B08D01C4B1B78002BA0
:10A1F00001D000F04DF8184B00221A70184B1B6864
:10A200003222184918460BF085FE0346FB75FB7D8C
:10A21000002B05D0124B1B6818460AF0A3FF3861CB
:10A22000114B1B785A1CD1B20F4A11701A460F4BB2
:10A2300033F81230FB800C4B1A780D4B1B789A4286
:10A2400002D3094B00221A703B1D184600F0BEFADB
:10A2500000BF1837BD4680BD031300200413002043
:10A26000B41200208012002001130020EC12002004
:10A270000013002080B500AF012200212A20FDF745
:10A2800061FD012200212B20FDF75CFD00BF80BD98
:10A2900080B582B000AF0023BB701E4B1B783A2BF9
:10A2A00034D101211C4800F079FB0346FB71BA78D8
:10A2B000FB791344DBB2BB70FB79072B25D104215A
:10A2C000164800F06BFB0346BB80BB88DAB2BB7854
:10A2D0001344DBB2BB70BB881B0A9BB2DAB2BB78FB
:10A2E0001344DBB2BB7002210D4800F057FB03465C
:10A2F000FB70BA78FB781344DBB2BB70BB88BA1C26
:10A300000849184600F010F800E000BF00BF083709
:10A31000BD4680BD801200208112002082120020E4
:10A32000861200208812002080B586B000AF034658
:10A33000B9607A60FB81FB89A3F56D43B83B382B8C
:10A3400000F28B8101A252F823F000BF2BA6000877
:10A350005BA600085BA60008CBA5000895A5000831
:10A36000FBA500085BA600085BA600085BA600082A
:10A370005BA600085BA600085BA600085BA60008B9
:10A380005BA600085BA600085BA600085BA60008A9
:10A390005BA600085BA600085BA600085BA6000899
:10A3A0005BA600085BA600085BA600085BA6000889
:10A3B0005BA600085FA5000825A500085BA60008AD
:10A3C000F3A400085BA60008B3A400085BA600087D
:10A3D0005BA600085BA6000863A400085BA6000853
:10A3E0005BA600085BA600085BA600085BA6000849
:10A3F0005BA600085BA600085BA600085BA6000839
:10A400005BA600085BA600085BA600085BA6000828
:10A410005BA600085BA600085BA600085BA6000818
:10A420005BA600085BA600085BA6000831A4000834
:10A430000421B86800F0B2FA0346FB82BB68191D1C
:10A44000FB8A7A68184600F025F90346002B00F0D5
:10A450000681B7F91630012219463020FDF772FC4B
:10A46000FDE00421B86800F099FA0346FB82BB685E
:10A47000191DFB8A7A68184600F00CF90346002B78
:10A4800000F0EF80FB8A1846FAF75CF94FF0000203
:10A490007E4BFAF7EBFA02460B4610461946FAF7DE
:10A4A00055FC03461BB2012219463120FDF74AFC38
:10A4B000D7E00421B86800F071FA0346FB82BB685C
:10A4C000191DFB8A7A68184600F0E4F80346002B51
:10A4D00000F0C980B7F91630012219462820FDF78F
:10A4E00031FCB7F91630012219460D20FDF72AFC80
:10A4F000B9E00421B86800F051FA0346FB82BB685A
:10A50000191DFB8A7A68184600F0C4F80346002B30
:10A5100000F0AB80B7F91630012219462920FDF76B
:10A5200011FCA2E00421B86800F038FA0346FB826F
:10A53000BB68191DFB8A7A68184600F0ABF8034621
:10A54000002B00F09480FB8A002B00F09080B7F97C
:10A550001630012219462A20FDF7F4FB87E004217A
:10A56000B86800F01BFA0346FB82BB68191DFB8A22
:10A570007A68184600F08EF80346002B79D0FB8AE3
:10A58000002B76D0B7F91630012219462B20FDF7A3
:10A59000D9FB6EE00821B86800F000FA3861BB68AA
:10A5A00008337A681946386900F0A9F80346002B89
:10A5B00061D03B69364AA2FB03235B091BB201222F
:10A5C00019462C20FDF7BEFB55E00421B86800F0C9
:10A5D000E5F90346FB82BB68191DFB8A7A681846B9
:10A5E00000F058F80346002B47D0B7F91630012287
:10A5F00019462D20FDF7A6FB3FE00421B86800F0C6
:10A60000CDF90346FB82BB68191DFB8A7A681846A0
:10A6100000F040F80346002B31D0B7F91630012284
:10A6200019462E20FDF78EFB29E00421B86800F0C2
:10A63000B5F90346FB82BB68191DFB8A7A68184688
:10A6400000F028F80346002B1BD0B7F91630012282
:10A6500019462F20FDF776FB13E000BF12E000BF84
:10A6600010E000BF0EE000BF0CE000BF0AE000BF3A
:10A6700008E000BF06E000BF04E000BF02E000BF4A
:10A6800000E000BF00BF1837BD4680BD0000594044
:10A690001F85EB5180B584B000AF0346B9607A6086
:10A6A000FB817B681A78FB89DBB21344DAB27B68E2
:10A6B0001A707B681A78FB891B0A9BB2DBB21344C1
:10A6C000DAB27B681A700221B86800F067F90146B7
:10A6D0007B681A78CBB21344DAB27B681A70BB6815
:10A6E00002331B780A2B05D17B681B78552B01D1CF
:10A6F000012300E0002318461037BD4680BD80B519
:10A7000084B000AFF860B9607A607B681A78FB6843
:10A71000DBB21344DAB27B681A707B681A78FB6884
:10A720001B0ADBB21344DAB27B681A707B681A78B2
:10A73000FB681B0CDBB21344DAB27B681A707B68CF
:10A740001A78FB681B0EDBB21344DAB27B681A700E
:10A750000221B86800F022F901467B681A78CBB272
:10A760001344DAB27B681A70BB6802331B780A2B79
:10A7700005D17B681B78552B01D1012300E0002314
:10A7800018461037BD4680BD80B483B000AF034685
:10A79000FB80064B01221A70FB88DAB2044B1A7058
:10A7A00000BF0C37BD465DF8047B704703130020E3
:10A7B0000413002080B400AF034B00221A7000BFC6
:10A7C000BD465DF8047B70470213002080B584B05D
:10A7D00000AF78605523FB7300237B730023BB73AA
:10A7E0006B4B1B78002B40F0CF80BB7B5A1CBA739D
:10A7F0001A46684B3A2199547B681B781846BB7BF4
:10A80000644A13440122194600F01BF97B681B7847
:10A81000FA7BD31AFB73BB7B0133BB737B681B785A
:10A82000072B04D07B681B78082B40F092807B6854
:10A830005B881846BB7B574A13440422194600F034
:10A8400000F97B685B88DBB2FA7BD31AFB737B6809
:10A850005B881B0A9BB2DBB2FA7BD31AFB73BB7B10
:10A860000433BB73BB7B4B4A1344022219460020BE
:10A8700000F0E7F8BB7B0233BB737B681B78082BC7
:10A8800067D17B681B7A013B042B62D801A252F886
:10A8900023F000BFA9A80008CFA8000803A900085A
:10A8A00053A9000853A900087B685868BB7B394A44
:10A8B00013440222194600F0C4F87B685B68DBB2DF
:10A8C000FA7BD31AFB73BB7B0233BB7341E07B681B
:10A8D0005868BB7B2F4A13440422194600F0B1F894
:10A8E0007B685B68DBB2FA7BD31AFB737B685B68BF
:10A8F0001B0ADBB2FA7BD31AFB73BB7B0433BB733B
:10A9000027E07B685868BB7B224A1344082219461B
:10A9100000F097F87B685B68DBB2FA7BD31AFB73B5
:10A920007B685B681B0ADBB2FA7BD31AFB737B681C
:10A930005B681B0CDBB2FA7BD31AFB737B685B682A
:10A940001B0EDBB2FA7BD31AFB73BB7B0833BB73E2
:10A9500000BFF87BBB7B0F4A13440222194600F06C
:10A9600070F8BB7B0233BB73BB7B0A4A0A21D1540C
:10A97000BB7B01337B73084B1B687A7B92B2054922
:10A9800018460AF05FF800E000BF1037BD4680BDF2
:10A9900002130020B8120020B412002080B487B047
:10A9A00000AF78600B46FB7000237B610023FB74D3
:10A9B0007B68FB60FB78012B0CD1FB681B78392B83
:10A9C00003D8FB681B78303B02E0FB681B78373B01
:10A9D0007B612FE00023FB7428E0FB7A1B01FB72F4
:10A9E000FB681B78392B04D8FB681B78303BDBB243
:10A9F00003E0FB681B78373BDBB2FA7A1344FB7247
:10AA0000FB7C03F00103DBB2002B09D0FA7AFB7C5C
:10AA1000013B9B0002FA03F31A467B6913447B61F6
:10AA2000FB680133FB60FB7C0133FB74FA7CFB7831
:10AA30009A42D2D37B6918461C37BD465DF8047B29
:10AA4000704780B487B000AFF860B9601346FB71FF
:10AA500000237B750023FB754FF0FF333B61FB79CF
:10AA60009B003A6902FA03F33B613B69DB433B61BC
:10AA70003A69FB6813403B61FB79012B0DD13B69BF
:10AA8000092B04D83B69DBB23033DBB203E03B690E
:10AA9000DBB23733DBB2BA6813700023BB7540E01A
:10AAA000BB7D9B000F2202FA03F31A463B691A4052
:10AAB000BB7D5B08DBB2DB0022FA03F3DAB2FB7D7D
:10AAC0001344FB75BB7D03F00103DBB2002B25D0E3
:10AAD000FB7D1B097B757B7D092B03D87B7D303388
:10AAE000DBB202E07B7D3733DBB2BA7D013AB96875
:10AAF0000A441370FB7D03F00F037B757B7D092BEC
:10AB000003D87B7D3033DBB202E07B7D3733DBB2B1
:10AB1000BA7DB9680A4413700023FB75BB7D01330D
:10AB2000BB75BA7DFB799A42BAD300BF00BF1C3710
:10AB3000BD465DF8047B704780B584B000AFF86017
:10AB4000B9607A602E4AFB6813602E4ABB681360B6
:10AB50002D4A7B6813600A210E20FDF713F9034686
:10AB60002A4A13600A210E20FDF70CF90346284AF1
:10AB7000136000F0D5F8274B00221A70264B0022F4
:10AB80001A70214B1B6880221A60FB681B6803F156
:10AB900024021D4B1B689A601B4B1B681F4ADA601E
:10ABA00000F0F4F8174B1B6892221A60154B1B68D3
:10ABB0001B4ADA60FB681B6803F12802114B1B6813
:10ABC0009A600F4B1B681B681A680D4B1B681B684B
:10ABD00022F001021A600A4B1B681B6800225A60AF
:10ABE000074B1B681B684FF486529A60044B1B6826
:10ABF0001B6815221A6000BF1037BD4680BD00BF1C
:10AC00001013002014130020181300200813002034
:10AC10000C1300201C1300201D1300202013002003
:10AC20003013002090B587B000AF78600B46FB7002
:10AC3000FB780A2B27D87F233B72AA237B72FB78F1
:10AC4000BB72FA7807F108030333796818460CF0F1
:10AC50000EF8FB780333DAB2FB78DC1C07F108034B
:10AC60001146184600F0F2F803461A4604F118039C
:10AC70003B4403F8102C064B1B6807F108021146F1
:10AC80001846FDF75EF900BF1C37BD4690BD00BFFA
:10AC90000813002080B500AF0B4B1B78002B10D1A0
:10ACA0000A4B1B680A491846FDF70EF90346002BAC
:10ACB00008D1074B9B780433DBB2184600F08CF8C0
:10ACC00000E000BF80BD00BF1C130020081300205F
:10ACD0003013002080B586B000AF786039600F4B2C
:10ACE0001B6807F1080211461846FDF7EDF8034608
:10ACF000002B0DD13A7A3B681A703B7A1A4607F15D
:10AD000008030133194678680BF0B1FF012300E016
:10AD1000002318461837BD4680BD00BF0C13002025
:10AD200080B500AF184B1B684FF4E1325A60164BE8
:10AD30001B6800229A60144B1B680022DA60124BD9
:10AD40001B6800221A61104B1B680C225A610E4BC3
:10AD50001B6800229A610C4B1B680022DA610A4BC7
:10AD60001B6800221A62084B1B6800225A62064BBD
:10AD70001B68184609F018FE0346002B01D001F0AD
:10AD800041FF00BF80BD00BF1013002080B400AFA2
:10AD90000E4B1B680E225A600C4B1B681A680B4B3B
:10ADA0001B6842F001021A60094B1B681B681A6895
:10ADB000074B1B681B6842F015021A60054B012205
:10ADC0001A7000BFBD465DF8047B70471813002061
:10ADD000101300201D13002080B483B000AF034681
:10ADE000FB71FB790E2B25D8154B01221A70154BE0
:10ADF0001B681A68134B1B6822F001021A60114B82
:10AE00001B68FA795A60104B1B681B6840221A6253
:10AE10000C4B1B681A680B4B1B6842F001021A604E
:10AE2000094B1B681B681A68074B1B681B6842F0BC
:10AE300049021A6000BF0C37BD465DF8047B7047BD
:10AE40001C130020141300201013002080B485B0C0
:10AE500000AF78600B46FB700023BB730023FB73CD
:10AE600009E0FB7B7A6813441A78BB7B1344BB73FD
:10AE7000FB7B0133FB73FA7BFB789A42F1D3BB7BFC
:10AE800018461437BD465DF8047B704790B583B013
:10AE900000AF2A4B1B681B68DB6903F01003002B13
:10AEA00037D0274B1B685B68DBB2C3F10E03FB7125
:10AEB000234B1B681A68224B1B6822F001021A60A0
:10AEC0001E4B1B681B6810221A621E4B1B787F2BBF
:10AED0001DD11C4B5B78AA2B19D1FA79194B9B78A1
:10AEE00004339A4213D1FB79013B164AD45CFB79B7
:10AEF000013BDBB219461348FFF7A8FF03469C420B
:10AF000005D1114B1B6811491846FDF71AF8FFF7D8
:10AF10003DFF0A4B1B681B68DB6903F04003002BF5
:10AF200007D0064B1B681B6840221A62084B0022A0
:10AF30001A7000BF0C37BD4690BD00BF1013002033
:10AF400018130020201300200C13002022130020CF
:10AF50001C13002080B400AF0A4B1B681A68094B11
:10AF60001B6822F001021A60074B5B68064A43F433
:10AF700080535360054B00221A7000BFBD465DF838
:10AF8000047B704714130020000002401C130020B3
:10AF900080B400AF00BFBD465DF8047B7047000081
:10AFA00080B582B000AF7860094B00221A70094B5F
:10AFB00000221A7000F0FAF8074B1B68074A126863
:10AFC00019467868FFF7B8FD00BF0837BD4680BD59
:10AFD0004A1300205C2100209025002048250020F5
:10AFE00080B582B000AF524B1B880A339AB2504BE7
:10AFF0001A804F4B1B8840F6B832934202D94D4B12
:10B0000000221A704C4B1B880A339AB24A4B1A80A2
:10B01000494B1B8841F2883293420DD9464B00229E
:10B020001A80FAF76AFD0346012219460120FCF74F
:10B0300089FE012000F014FE00237B6017E03F49E9
:10B040007A6813465B0013449B000B4406331B884D
:10B050000A3398B239497A6813465B0013449B005F
:10B060000B44063302461A807B6801337B607B68A1
:10B07000B3F5967FE3DB00237B6042E02F497A68DB
:10B0800013465B0013449B000B441B78012B35D106
:10B090002A497A6813465B0013449B000B4404332F
:10B0A0001B88002B2AD025497A6813465B0013447D
:10B0B0009B000B440633198820487A6813465B00CE
:10B0C00013449B00034404331B88994216D31B4945
:10B0D0007A6813465B0013449B000B4402331B88C1
:10B0E000184600F0BDFD15497A6813465B0013440D
:10B0F0009B000B44063300221A8006E07B68013374
:10B100007B607B68B3F5967FB8DBFFF7C3FD0C4926
:10B110000C48FFF7DFFD0346002B05D0084B1B78DA
:10B12000022B01D900F0DCFD00BF0837BD4680BD11
:10B130005E2100205C210020602100204C130020B3
:10B140004A1300204013002080B582B000AF786021
:10B150000B46FB70FB7819467868FFF763FD00BF6C
:10B160000837BD4680BD80B586B000AF78600B461D
:10B17000FB7007F10C030A22002118460BF0EBF8D4
:10B1800006233B7320237B73FA7807F10C03023309
:10B19000796818460BF06BFD07F10C030A2118467D
:10B1A000FFF7D2FF00BF1837BD4680BD80B500AFA6
:10B1B00040F6B831082000F0CFFC40F6B831092045
:10B1C00000F0CAFC4FF47A710A2000F0C5FC4FF47D
:10B1D0007A710B2000F0C0FC4FF47A710C2000F063
:10B1E000BBFC4FF47A710D2000F0B6FC4FF47A717D
:10B1F0000E2000F0B1FC40F6B8310F2000F0ACFC9E
:10B2000040F6B831102000F0A7FC4FF47A711120FD
:10B2100000F0A2FC41F28831122000F09DFC4FF4B6
:10B220007A71142000F098FC40F6B831152000F037
:10B2300093FC40F6B831162000F08EFC40F6B83191
:10B24000172000F089FC40F6B831182000F084FC8B
:10B250004FF47A711E2000F07FFC40F6B8311F20B9
:10B2600000F07AFC40F6B831202000F075FC40F682
:10B27000B831212000F070FC40F6B831222000F0F7
:10B280006BFC4FF47A71282000F066FC4FF47A7161
:10B29000292000F061FC40F6B8312A2000F05CFC67
:10B2A00040F6B8312B2000F057FC4FF47A712C2077
:10B2B00000F052FC4FF47A712D2000F04DFC40F666
:10B2C000B8312E2000F048FC40F6B8312F2000F0B5
:10B2D00043FC40F6B831302000F03EFC40F6B83177
:10B2E000312000F039FC41F28831322000F034FC8A
:10B2F00041F28831332000F02FFC41F288314FF4C5
:10B300008B7000F029FC41F2883140F2171000F0F8
:10B3100023FC41F288314FF48C7000F01DFC41F2A7
:10B32000883140F2191000F017FC41F288314FF4D7
:10B330008D7000F011FC41F2883140F21B1000F0DA
:10B340000BFC41F288314FF48E7000F005FC41F2A5
:10B35000883140F21D1000F0FFFB41F288314FF4BC
:10B360008F7000F0F9FB41F2883140F21F1000F0BD
:10B37000F3FB41F288314FF4907000F0EDFB41F2A5
:10B3800088314FF4917000F0E7FB41F2883140F2D0
:10B39000231000F0E1FB41F288314FF4927000F08D
:10B3A000DBFB41F2883140F2251000F0D5FB41F281
:10B3B00088314FF4937000F0CFFB41F2883140F2B6
:10B3C000271000F0C9FB4FF4FA614FF4967000F0BB
:10B3D000C3FB4FF4FA6140F22D1000F0BDFB4FF4B7
:10B3E000FA614FF4977000F0B7FB4FF4FA6140F246
:10B3F0002F1000F0B1FB4FF4FA614FF4987000F099
:10B40000ABFB4FF4FA6140F2311000F0A5FB4FF4B2
:10B41000FA614FF4997000F09FFB4FF4FA6140F22B
:10B42000331000F099FB4FF4FA614FF49A7000F07A
:10B4300093FB4FF4FA6140F2351000F08DFB4FF4AE
:10B44000FA614FF49B7000F087FB4FF4FA6140F211
:10B45000371000F081FB4FF4FA614FF49C7000F05C
:10B460007BFB4FF4FA6140F2391000F075FB4FF4AA
:10B47000FA614FF49D7000F06FFB4FF4FA6140F2F7
:10B480003B1000F069FB4FF4FA614FF49E7000F03E
:10B4900063FB4FF4FA6140F23D1000F05DFB4FF4A6
:10B4A000FA614FF4A07000F057FB4FF4FA6140F2DC
:10B4B000411000F051FB4FF4FA614FF4A17000F01D
:10B4C0004BFB4FF4FA6140F2431000F045FB4FF4A0
:10B4D000FA614FF4A27000F03FFB4FF4FA6140F2C2
:10B4E000451000F039FB4FF4FA614FF4A37000F0FF
:10B4F00033FB4FF4FA6140F2471000F02DFB4FF49C
:10B50000FA614FF4A47000F027FB4FF4FA6140F2A7
:10B51000491000F021FB4FF4FA614FF4A57000F0E0
:10B520001BFB4FF4FA6140F24B1000F015FB4FF497
:10B53000FA614FF4A67000F00FFB4FF4FA6140F28D
:10B540004D1000F009FB4FF4FA614FF4A77000F0C2
:10B5500003FB4FF4FA6140F24F1000F0FDFA4FF494
:10B56000FA614FF4A87000F0F7FA4FF4FA6140F274
:10B57000511000F0F1FA4FF4FA614FF4AA7000F0A4
:10B58000EBFA4FF4FA6140F2551000F0E5FA4FF48F
:10B59000FA614FF4AB7000F0DFFA4FF4FA6140F259
:10B5A000571000F0D9FA4FF4FA614FF4AC7000F084
:10B5B000D3FA40F6B831502000F0CEFA40F6B83158
:10B5C000512000F0C9FA40F6B831522000F0C4FA18
:10B5D00040F6B831532000F0BFFA40F6B8315A2097
:10B5E00000F0BAFA40F6B8315B2000F0B5FA40F648
:10B5F000B8315C2000F0B0FA40F6B8315D2000F0C0
:10B60000ABFA40F6B831552000F0A6FA40F6B83152
:10B61000562000F0A1FA40F6B8313C2000F09CFA28
:10B6200040F6B8313D2000F097FA40F6B8313E20A0
:10B6300000F092FA40F6B8313F2000F08DFA40F663
:10B64000B831402000F088FA40F6B831412000F0CF
:10B6500083FA40F6B831422000F07EFA40F6B83165
:10B66000432000F079FA41F288314FF4827000F003
:10B6700073FA41F2883140F2051000F06DFA41F2A0
:10B6800088314FF4837000F067FA40F6B8314620F5
:10B6900000F062FA40F6B831472000F05DFA40F65B
:10B6A000B831482000F058FA40F6B831492000F08F
:10B6B00053FA40F6B8314A2000F04EFA40F6B8315D
:10B6C0004B2000F049FA40F6B8314C2000F044FA23
:10B6D00040F6B8314D2000F03FFA41F288314FF486
:10B6E000877000F039FA41F2883140F20F1000F013
:10B6F00033FA41F288314FF4887000F02DFA40F6A9
:10B70000B831622000F028FA40F6B831632000F02A
:10B7100023FA40F6B831642000F01EFA40F6B83142
:10B72000652000F019FA40F6B831662000F014FAEE
:10B7300040F6B831672000F00FFA40F6B8316820C3
:10B7400000F00AFA40F6B831692000F005FA40F638
:10B75000B8316A2000F000FA40F6B8316B2000F0F2
:10B76000FBF940F6B8316C2000F0F6F940F6B8313C
:10B770006D2000F0F1F940F6B8316E2000F0ECF9E0
:10B7800040F6B8316F2000F0E7F940F6B83170208C
:10B7900000F0E2F940F6B831712000F0DDF940F632
:10B7A000B831722000F0D8F940F6B831732000F0BB
:10B7B000D3F940F6B831742000F0CEF940F6B83134
:10B7C000752000F0C9F940F6B831782000F0C4F9CE
:10B7D00040F6B831792000F0BFF940F6B8317A2050
:10B7E00000F0BAF940F6B8317B2000F0B5F940F628
:10B7F000B8317C2000F0B0F940F6B8317D2000F07F
:10B80000ABF940F6B8317E2000F0A6F940F6B83129
:10B810007F2000F0A1F941F28831902000F09CF9DE
:10B8200041F28831912000F097F941F2883192205D
:10B8300000F092F94FF47A71A12000F08DF94FF4E5
:10B840007A71A22000F088F941F28831A32000F03B
:10B8500083F941F28831A42000F07EF940F6B83136
:10B86000802000F079F940F6B831812000F074F9B9
:10B8700040F6B831822000F06FF940F6B8318320ED
:10B8800000F06AF940F6B831842000F065F940F61E
:10B89000B831852000F060F940F6B831892000F019
:10B8A0005BF940F6B8318A2000F056F940F6B8311D
:10B8B0008B2000F051F940F6B8318C2000F04CF9A3
:10B8C00040F6B8318D2000F047F940F6B8318E20AF
:10B8D00000F042F940F6B831B42000F03DF940F6EE
:10B8E000B831B52000F038F940F6B831B62000F094
:10B8F00033F940F6B831B72000F02EF940F6B831F0
:10B90000B82000F029F940F6B831B92000F024F948
:10B9100040F6B831BA2000F01FF940F6B831BB202C
:10B9200000F01AF940F6B831BC2000F015F940F6E5
:10B93000B831BD2000F010F940F6B831BE2000F05B
:10B940000BF940F6B831BF2000F006F940F6B831E7
:10B95000C02000F001F940F6B831C12000F0FCF839
:10B9600040F6B831C22000F0F7F840F6B831C320F5
:10B9700000F0F2F840F6B831C42000F0EDF840F6DF
:10B98000B831C52000F0E8F840F6B831C62000F024
:10B99000E3F840F6B831C72000F0DEF840F6B831E1
:10B9A000C82000F0D9F840F6B831C92000F0D4F82A
:10B9B00040F6B831CA2000F0CFF840F6B831CB20BD
:10B9C00000F0CAF840F6B831CC2000F0C5F840F6D7
:10B9D000B831CD2000F0C0F840F6B831CE2000F0EC
:10B9E000BBF840F6B831CF2000F0B6F840F6B831D9
:10B9F000D02000F0B1F840F6B831D12000F0ACF81A
:10BA000040F6B831D22000F0A7F840F6B831D32084
:10BA100000F0A2F840F6B831DC2000F09DF840F6C6
:10BA2000B831DD2000F098F840F6B831DE2000F0A3
:10BA300093F840F6B831DF2000F08EF840F6B831C8
:10BA4000E02000F089F840F6B831E12000F084F8F9
:10BA500040F6B831E22000F07FF840F6B831E3203C
:10BA600000F07AF840F6B831E42000F075F840F6BE
:10BA7000B831E52000F070F840F6B831E62000F06B
:10BA80006BF840F6B831E72000F066F840F6B831C0
:10BA9000E82000F061F840F6B831E92000F05CF8E9
:10BAA00040F6B831EA2000F057F840F6B831EB2004
:10BAB00000F052F840F6B831EC2000F04DF840F6B6
:10BAC000B831ED2000F048F840F6B831EE2000F033
:10BAD00043F840F6B831EF2000F03EF840F6B831B8
:10BAE000F02000F039F840F6B831F12000F034F8D9
:10BAF00040F6B831F22000F02FF840F6B831F320CC
:10BB000000F02AF840F6B831F42000F025F840F6AD
:10BB1000B831F52000F020F840F6B831F62000F0FA
:10BB20001BF840F6B831F72000F016F840F6B831AF
:10BB3000F82000F011F840F6B831F92000F00CF8C8
:10BB400040F6B831FA2000F007F840F6B831FB2093
:10BB500000F002F800BF80BD80B485B000AF03469E
:10BB60000A46FB801346BB800023FB6038E03B495C
:10BB7000FA6813465B0013449B000B4402331B8896
:10BB8000FA889A4229D1BB88002B13D03349FA682E
:10BB900013465B0013449B000B440433BA881A809D
:10BBA0002E49FA6813465B0013449B000B440122A4
:10BBB0001A704EE02949FA6813465B0013449B0053
:10BBC0000B44043300221A802449FA6813465B00B0
:10BBD00013449B000B4400221A70FB680133FB6086
:10BBE000FB68B3F5967FC2DB0023FB602DE01B49A9
:10BBF000FA6813465B0013449B000B441B78002B30
:10BC000020D1BB88002B1DD01449FA6813465B0075
:10BC100013449B000B440233FA881A800F49FA68D8
:10BC200013465B0013449B000B440433BA881A800C
:10BC30000A49FA6813465B0013449B000B44012237
:10BC40001A7006E0FB680133FB60FB68B3F5967F72
:10BC5000CDDB1437BD465DF8047B70474C130020E4
:10BC600080B586B000AF0346FB8000237B820023B3
:10BC7000FB8207F11202FB8811461846FCF72EF8EA
:10BC80000346BB827B8A012B14BF01230023DBB256
:10BC9000FB8202233B7221237B72FB881B0A9BB22F
:10BCA000DBB2BB72FB88DBB2FB72B7F914301B123C
:10BCB0001BB2DBB23B73BB8ADBB27B73FB8A1B0A12
:10BCC0009BB2DBB2BB73FB8ADBB2FB7307F10803E9
:10BCD00008211846FEF7A6FF00BF1837BD4680BDF5
:10BCE00080B584B000AF534B1B781BB21B021AB255
:10BCF000504B5B781BB213431BB2FB810023BB602C
:10BD00004C4B9B781BB21B021AB24A4BDB781BB21E
:10BD100013431BB2FB80474B1B791BB21B021AB2A9
:10BD2000444B5B791BB213431BB2BB80FB8940F2CF
:10BD30007772934210D0B3F5EF6F76DA40F2137258
:10BD4000934210D040F2137293426EDC512B2BD0F1
:10BD5000B3F5907F58D068E0374B01221A70374B0B
:10BD600000221A8060E0334B9B781BB21B021AB290
:10BD7000304BDB781BB213431BB27B802D4B1B79FE
:10BD80001BB21B021AB22B4B5B791BB213431BB2C3
:10BD90003B803A887B8811461846FFF7DDFE7B889A
:10BDA0001846FFF75DFF3FE0224B00229A71214BBE
:10BDB0000022DA711F4B00221A721E4B00225A72A7
:10BDC00008221F494FF4A260F9F73EFF194B9B78F8
:10BDD0001B06BA681343BB60164BDB781B04BA68BA
:10BDE0001343BB60134B1B791B02BA681343BB6040
:10BDF000104B5B791A46BB681343BB60B868FBF70E
:10BE0000CFF9FCF7B5FC0FE0FB88C3F30E0398B243
:10BE1000B7F90410B7F90630DB439BB2DB0BDBB29A
:10BE20001A46FBF78FFF00BF00BF00BF1037BD46AB
:10BE300080BD00BF401300205C2100205E21002057
:10BE40004213002080B400AF00BFFDE780B400AF14
:10BE500000BFFDE780B582B000AF78602D4A7B68F7
:10BE600013602D4B00221A7001224FF480612B4881
:10BE700005F0A8F800224FF48051284805F0A2F8F8
:10BE8000142002F047F801224FF48051234805F0B6
:10BE900099F8142002F03EF8214B00221A70214933
:10BEA000012000F031F9142002F034F81C4B41223B
:10BEB0001A701B4B00225A70194B40229A70194974
:10BEC000032000F021F9142002F024F8144B08227A
:10BED0001A701449012000F017F9142002F01AF822
:10BEE0000F4B10221A700F49012000F00DF90320AA
:10BEF00002F010F80A4B00221A70094B00225A7007
:10BF0000074B00229A70064B0022DA7000BF0837F8
:10BF1000BD4680BD8021002084210020000800480B
:10BF200068210020742100202DE9B04F00AF00F0FF
:10BF3000CBF80346002B00F09280534B00221A608E
:10BF4000524B1B781B0403F4FE024F4B1B68134338
:10BF50004D4A13604D4B5B781A024B4B1B681343E1
:10BF6000494A1360494B9B781A46474B1B68134359
:10BF7000454A1360454B1B785BB2002B07DA424BF6
:10BF80001B686FEA43236FEA53233F4A13603E4B1B
:10BF90001B68DA17984691463D4B03FB09F20023D4
:10BFA00003FB08F313443A4AA8FB02452B441D4601
:10BFB00022462B46002B06DA364912EB010A43F1E2
:10BFC000000B52465B464FF000004FF00001D00DD1
:10BFD00040EA4320D91502460B462F4B1A602F4BDF
:10BFE0001A682F4B1B7819462E4B53F82130D31A61
:10BFF0002A4A13602A4B1B781946274B1B68294A8B
:10C0000042F82130254B1A68234B1B681344234AFE
:10C010001360224B1B68244A82FB03129210DB1729
:10C02000D31A224A13601E4B1B780133DAB21C4B21
:10C030001A701B4B1B78092B02D9194B00221A705E
:10C040001A4B1B68184A82FB03129210DB17D31A93
:10C050001BB2012219463320FBF774FE0DE0134B8F
:10C060001B68114A82FB03129210DB17D31A1BB212
:10C07000002219463320FBF765FE0449042000F036
:10C0800043F800BFBDE8B08F882100206421002064
:10C09000400D0300FFFF7F008C210020C021002005
:10C0A000BC21002094210020676666669021002054
:10C0B00080B400AF034B1B681846BD465DF8047B97
:10C0C000704700BF9021002080B483B000AF0D4BBB
:10C0D0001A780C4B5B781344DAB20A4B9B78134402
:10C0E000DBB2653BFB71074BDB78FA799A4201D1F1
:10C0F000012300E0002318460C37BD465DF8047BA1
:10C10000704700BF6421002080B582B000AF0346B5
:10C110003960FB71174B1B78002B01D0012324E001
:10C12000144B01221A7000224FF48061124804F06F
:10C1300049FF1021114804F02DFF0346002B08D1C0
:10C140000F4B1868FB799BB23A680E4906F064FD04
:10C150000AE0012001F0DEFE094B1868FB799BB272
:10C160003A68084906F058FD002318460837BD46CE
:10C1700080BD00BF84210020000800480004004862
:10C18000802100206821002080B582B000AF786057
:10C190007B681B68074A934208D101224FF48061F3
:10C1A000054804F00FFF054B00221A7000BF083746
:10C1B000BD4680BD003001400008004884210020B9
:10C1C00080B483B000AF786000BF0C37BD465DF827
:10C1D000047B704780B500AF174B184A9A60BFF3D5
:10C1E0004F8F00BFBFF36F8F00BF62B600BF01F07B
:10C1F0001CFE00F025F800F0D3FB00F067FB00F018
:10C2000029F900F0ABF900F02BFB00F06DF800F01D
:10C210003DFA00F055F900F071F900F0CFF900F0A7
:10C2200001FA00F05DFA00F099FAFCF755F9FCF715
:10C230002BFA00BFFDE700BF00ED00E00042000860
:10C2400080B596B000AF07F11403442200211846D0
:10C250000AF081F83B4600221A605A609A60DA6060
:10C260001A614FF4007004F065FF0346002B01D003
:10C2700000F0C8FC09237B614FF48033BB610123CC
:10C28000BB620223FB6303233B6402237B64192309
:10C29000BB640723FB6402233B6502237B6507F134
:10C2A0001403184604F09CFF0346002B01D000F055
:10C2B000A9FC0F233B6003237B600023BB604FF48A
:10C2C0008063FB604FF480633B613B46032118466B
:10C2D00005F0A6FB0346002B01D000F093FC00BF45
:10C2E0005837BD4680BD000080B586B000AF3B46E4
:10C2F00000221A605A609A60DA601A615A614D4BE6
:10C300004D4A1A604B4B00225A604A4B00229A60F9
:10C31000484B0022DA60474B01221A61454B042248
:10C320005A61444B00221A76424B01225A76414B05
:10C330000622DA613F4B002283F820203D4B002289
:10C340009A623C4B0022DA623A4B012283F8302099
:10C35000384B00225A63374B002283F83820354887
:10C3600002F024F80346002B01D000F04BFC334BC5
:10C370003B6006237B600023BB607F23FB600423BC
:10C380003B6100237B613B4619462A4802F00EFCC4
:10C390000346002B01D000F035FC294B3B600C23F9
:10C3A0007B603B461946234802F000FC0346002B05
:10C3B00001D000F027FC234B3B6012237B603B46FF
:10C3C00019461C4802F0F2FB0346002B01D000F096
:10C3D00019FC1D4B3B6018237B603B4619461548F2
:10C3E00002F0E4FB0346002B01D000F00BFC174BDE
:10C3F0003B604FF480737B603B4619460D4802F06A
:10C40000D5FB0346002B01D000F0FCFB104B3B603A
:10C410004FF483737B603B461946064802F0C6FB27
:10C420000346002B01D000F0EDFB00BF1837BD46DE
:10C4300080BD00BFC421002000000450400020192E
:10C440000002B0250004002A0008302E00106032DF
:10C450000000214380B500AF174B184A1A60164BF5
:10C4600005225A60144B00229A60134B0022DA60B6
:10C47000114B4FF460221A610F4B4FF440125A6176
:10C480000D4B00221A760C4B00225A760A4B0022E2
:10C490009A76094B0122DA76074B00221A77064B6F
:10C4A00000225A77044803F031FA0346002B01D0EA
:10C4B00000F0A8FB00BF80BD702200200064004097
:10C4C00080B500AF0B4B0C4A1A600A4B06225A602B
:10C4D000084B40F6FF72DA60064B40F277129A6022
:10C4E000044804F0B9FD0346002B01D000F08AFB9C
:10C4F00000BF80BD982200200030004080B500AF12
:10C50000144B154A1A60134B4FF496425A60114B64
:10C5100000229A600F4B0022DA600E4B00221A6153
:10C520000C4B0C225A610B4B00229A61094B0022E2
:10C530001A62084B10225A62064B4FF480529A63DB
:10C54000044808F031FA0346002B01D000F05AFBF2
:10C5500000BF80BDA82200200080004080B500AF51
:10C56000144B154A1A60134B4FF4E1325A60114BC9
:10C5700000229A600F4B0022DA600E4B00221A61F3
:10C580000C4B0C225A610B4B00229A61094B002282
:10C59000DA61084B00221A62064B00225A620548F3
:10C5A00008F002FA0346002B01D000F02BFB00BF7D
:10C5B00080BD00BF2C2300200038014080B500AFB3
:10C5C000164B174A1A60154B4FF416525A60134B0C
:10C5D00000229A60114B0022DA60104B00221A618F
:10C5E0000E4B04225A610D4B00229A610B4B002224
:10C5F000DA610A4B00221A62084B10225A62074B7A
:10C600004FF480529A63054808F0CEF90346002B98
:10C6100001D000F0F7FA00BF80BD00BFB0230020BA
:10C620000044004080B500AF164B174A1A60154B06
:10C630004FF416525A60134B00229A60114B00229D
:10C64000DA60104B00221A610E4B04225A610D4B26
:10C6500000229A610B4B0022DA610A4B00221A6217
:10C66000084B10225A62074B4FF480529A630548D8
:10C6700008F09AF90346002B01D000F0C3FA00BF7E
:10C6800080BD00BF342400200048004080B500AFCA
:10C69000114B124A1A60104B00225A600E4B7C223A
:10C6A0009A600D4B40F2CF72DA600B4B00221A6198
:10C6B000094B00225A61084B00229A61064B002266
:10C6C000DA61054805F0BCFE0346002B01D000F0FE
:10C6D00099FA00BF80BD00BF6826002000280040F6
:10C6E00080B500AF1B4B1C4A1A601A4B4FF4827284
:10C6F0005A60184B00229A60164B4FF4E062DA60E1
:10C70000144B00221A61134B01225A61114B4FF452
:10C7100000729A610F4B3822DA610E4B00221A62C6
:10C720000C4B00225A620B4B00229A62094B0722E3
:10C73000DA62084B00221A63064B00225A6305484E
:10C7400006F0C7F90346002B01D000F05BFA00BFEA
:10C7500080BD00BF8C2600200030014080B58EB027
:10C7600000AF07F1280300221A605A609A60DA606D
:10C7700007F11C0300221A605A609A603B460022AF
:10C780001A605A609A60DA601A615A619A61334B92
:10C790004FF080421A60314B32225A602F4B0022F8
:10C7A0009A602E4B4FF47A72DA602C4B00221A6199
:10C7B0002A4B00229A61294806F082FF0346002B8B
:10C7C00001D000F01FFA4FF48053BB6207F1280339
:10C7D0001946224807F0C6FB0346002B01D000F0A3
:10C7E00011FA1E4806F0C3FF0346002B01D000F0EB
:10C7F00009FA0023FB6100237B6207F11C03194641
:10C80000164808F04DF80346002B01D000F0FAF965
:10C8100060233B6000237B600023BB6000233B61FF
:10C820003B46082219460D4807F088FA0346002BBC
:10C8300001D000F0E7F93B460C221946074807F003
:10C840007DFA0346002B01D000F0DCF9034801F02B
:10C85000ADF800BF3837BD4680BD00BF802700203F
:10C8600080B584B000AF3B1D00221A605A609A6008
:10C87000144B154A1A60134B04225A60114B0022C4
:10C880009A60104B4FF47A72DA600E4B00229A6174
:10C890000C4806F015FF0346002B01D000F0B2F95A
:10C8A00000237B600023FB603B1D1946054807F011
:10C8B000F7FF0346002B01D000F0A4F900BF1037AA
:10C8C000BD4680BDCC2700200010004080B582B05E
:10C8D00000AF324B9B6C314A43F0010393642F4B02
:10C8E0009B6C03F001037B607B682C4B9B6C2B4A99
:10C8F00043F002039364294B9B6C03F002033B60FB
:10C900003B68002202210B2003F01DFF0B2003F0E7
:10C9100036FF002201210C2003F015FF0C2003F04C
:10C920002EFF002204210D2003F00DFF0D2003F047
:10C9300026FF002202210E2003F005FF0E2003F047
:10C940001EFF002202210F2003F0FDFE0F2003F046
:10C9500016FF00220421102003F0F5FE102003F042
:10C960000EFF002201213B2003F0EDFE3B2003F0EF
:10C9700006FF00220221442003F0E5FE442003F0DC
:10C98000FEFE00220221452003F0DDFE452003F0DB
:10C99000F6FE00BF0837BD4680BD00BF0010024054
:10C9A00080B58AB000AF07F1140300221A605A6004
:10C9B0009A60DA601A618E4BDB6C8D4A43F0040397
:10C9C000D3648B4BDB6C03F004033B613B69884B06
:10C9D000DB6C874A43F08003D364854BDB6C03F048
:10C9E0008003FB60FB68824BDB6C814A43F00103F0
:10C9F000D3647F4BDB6C03F00103BB60BB687C4BF3
:10CA0000DB6C7B4A43F00203D364794BDB6C03F0AD
:10CA100002037B607B68764BDB6C754A43F008034E
:10CA2000D364734BDB6C03F008033B603B6800226C
:10CA300049F2E0716F4804F0C5FA00224FF2C501D7
:10CA40006D4804F0BFFA00224FF480714FF090401F
:10CA500004F0B8FA00220421684804F0B3FA002276
:10CA60000821674804F0AEFA4FF400537B610023BD
:10CA7000BB610023FB6107F1140319465D4804F014
:10CA80000FF94FF480437B610023BB610223FB61FC
:10CA900007F114031946574804F002F949F2A0734C
:10CAA0007B610123BB610023FB6100233B6207F133
:10CAB000140319464F4804F0F3F80C237B614FF43C
:10CAC0008813BB610023FB6107F114031946494831
:10CAD00004F0E6F801237B614FF48813BB61002367
:10CAE000FB6107F1140319464FF0904004F0D8F8A9
:10CAF00008237B610023BB610023FB6107F1140362
:10CB000019464FF0904004F0CBF84FF2C5037B611B
:10CB10000123BB610023FB6100233B6207F1140387
:10CB20001946354804F0BCF840237B611123BB61F2
:10CB30000023FB6100233B6207F1140319462D48D3
:10CB400004F0AEF84FF480737B610123BB610023D6
:10CB5000FB6100233B6207F1140319464FF090403C
:10CB600004F09EF804237B610123BB610023FB6179
:10CB700000233B6207F114031946204804F090F8A3
:10CB800008237B610123BB610023FB6100233B621F
:10CB900007F1140319461A4804F082F84FF4407361
:10CBA0007B610023BB610023FB6107F1140319467D
:10CBB000114804F075F800220621062003F0C3FD99
:10CBC000062003F0DCFD00220621082003F0BBFD57
:10CBD000082003F0D4FD00220621092003F0B3FD54
:10CBE000092003F0CCFD00BF2837BD4680BD00BF43
:10CBF000001002400008004800040048000C0048F3
:10CC0000001C004880B400AF72B600BF00BFFDE753
:10CC100080B584B000AF154B60221A60134B002220
:10CC20005A60124B00229A60104B0022DA600F4BC0
:10CC300000221A610D4B00225A610C4B00229A61AE
:10CC400000233B730A4B7B600C23BB6001233A1D1E
:10CC500007CA00F0ABF80823BB6002233A1D07CADD
:10CC600000F0A4F800BF1037BD4680BD3C2800206E
:10CC70008027002080B582B000AF03460A46FB71D2
:10CC80001346BB71FB79012B02D0FB79022B54D1E7
:10CC9000BA7913469B0013445B001A46404B5A6016
:10CCA000FA79404913465B0013449B000B44083358
:10CCB000BA791A70FA793B4913465B0013449B001A
:10CCC0000B441868FA79374913465B0013449B00FC
:10CCD0000B4404331B68194606F088FEFA79314983
:10CCE00013465B0013449B000B441868FA792D49E6
:10CCF00013465B0013449B000B4404331B681A4625
:10CD0000274907F01BF80346002B01D0FFF77AFFF5
:10CD1000FA79244913465B0013449B000B441868BE
:10CD2000FA79204913465B0013449B000B440433FB
:10CD30001B68194606F07CFD2EE0FA791949134666
:10CD40005B0013449B000B440833BA791A70FB79DB
:10CD5000002B10D1BB79002B06D001224FF480515B
:10CD6000114804F02FF917E000224FF480510E48CB
:10CD700004F028F910E0FB79032B0DD1BB79002BCF
:10CD800005D001220421084804F01CF904E0002227
:10CD90000421054804F016F900BF0837BD4680BDE0
:10CDA0003C280020182800200004004890B585B0D9
:10CDB00000AF3C1D84E80700FB70FA7879681348DF
:10CDC00013465B0013449B0003441960FA78B9686A
:10CDD0000E4813465B0013449B0003440433196060
:10CDE000FA78387B094913465B0013449B000B44D7
:10CDF000083302461A707B68BA681146184606F076
:10CE000017FD00BF1437BD4690BD00BF1828002095
:10CE100080B400AF0F4B01229A800F4B05229A80FD
:10CE20000E4B0A229A800E4B32229A800D4B6422BE
:10CE30009A800D4BFA229A800C4B4FF4FA729A802A
:10CE40000B4B4FF47A729A8000BFBD465DF8047BAD
:10CE5000704700BF58280020602800206828002064
:10CE600070280020782800208028002088280020B2
:10CE70009028002080B500AF0C4800F027F80C483F
:10CE800000F024F80B4800F021F80B4800F01EF8E1
:10CE90000A4800F01BF80A4800F018F8094800F0AA
:10CEA00015F8094800F012F800BF80BD582800208E
:10CEB00060280020682800207028002078280020A2
:10CEC00080280020882800209028002080B483B08B
:10CED00000AF78607B685B8801339AB27B685A80C8
:10CEE0007B685A887B689B889A4205D37B680122BD
:10CEF0001A707B6800225A8000BF0C37BD465DF86F
:10CF0000047B704780B500AF244B1B78002B04D006
:10CF100000F054F8214B00221A70214B1B78002B93
:10CF200004D000F052F81E4B00221A701D4B1B78E3
:10CF3000002B04D000F04FF81A4B00221A701A4B45
:10CF40001B78002B04D000F052F8174B00221A7007
:10CF5000164B1B78002B04D000F050F8134B002226
:10CF60001A70134B1B78002B04D000F053F8104BB1
:10CF700000221A700F4B1B78002B04D000F051F8E0
:10CF80000C4B00221A700C4B1B78002B04D000F0C5
:10CF90004FF8094B00221A7000BF80BD58280020AE
:10CFA00060280020682800207028002078280020B1
:10CFB00080280020882800209028002080B400AF1E
:10CFC00000BFBD465DF8047B704780B500AFF9F740
:10CFD000C3FA00BF80BD80B500AFF9F70FFAF8F7CC
:10CFE000C1FDFAF753FBFDF7FBFF00BF80BD80B426
:10CFF00000AF00BFBD465DF8047B704780B500AF51
:10D00000FAF726F9FDF7E8F8FEF78EFFF8F794FA3D
:10D0100000BF80BD80B400AF00BFBD465DF8047B9B
:10D02000704780B400AF00BFBD465DF8047B704719
:10D0300080B500AFFAF7F6FFFBF778F8FBF75AFB7D
:10D04000F8F780FFFCF738F9FBF73AFEFBF76CFDC9
:10D0500000BF80BD80B483B000AF0F4B1B6E0E4A83
:10D0600043F0010313660C4B1B6E03F001037B605E
:10D070007B68094B9B6D084A43F080539365064BD0
:10D080009B6D03F080533B603B6800BF0C37BD468F
:10D090005DF8047B704700BF0010024080B5A2B06D
:10D0A00000AF786007F1740300221A605A609A603A
:10D0B000DA601A6107F118035C220021184609F0B2
:10D0C0004AF97B681B68434A93427FD14FF48043FF
:10D0D000BB614FF04053BB6607F11803184604F0DC
:10D0E000A5FE0346002B01D0FFF78CFD3A4BDB6C0D
:10D0F000394A43F40053D364374BDB6C03F40053D9
:10D100007B617B69344BDB6C334A43F00103D364AE
:10D11000314BDB6C03F001033B613B692E4BDB6C55
:10D120002D4A43F00203D3642B4BDB6C03F0020364
:10D13000FB60FB68F2237B670B23BB670023FB6765
:10D1400007F1740319464FF0904003F0A9FD022344
:10D150007B670B23BB670023FB6707F1740319464A
:10D160001E4803F09DFD1E4B1E4A1A601C4B0022F8
:10D170005A601B4B00229A60194B0022DA60184B50
:10D1800080221A61164B4FF480725A61144B4FF48F
:10D1900080629A61124B0022DA61114B00221A62FE
:10D1A0000F4803F007FB0346002B01D0FFF72AFDD1
:10D1B0007B680B4ADA640A4A7B6893620022022188
:10D1C000122003F0C0FA122003F0D9FA00BF88370A
:10D1D000BD4680BD0000045000100240000400481D
:10D1E000282200200800024080B58AB000AF786095
:10D1F00007F1140300221A605A609A60DA601A611B
:10D200007B681B68244A934241D1244B9B6D234A7F
:10D2100043F000739365214B9B6D03F000733B61FA
:10D220003B691E4BDB6C1D4A43F00103D3641B4B6F
:10D23000DB6C03F00103FB60FB684FF4C0537B61C0
:10D240000223BB610023FB6103233B6209237B6252
:10D2500007F1140319464FF0904003F021FD00221E
:10D260000221132003F06FFA132003F088FA002242
:10D270000121142003F067FA142003F080FA002241
:10D280000121152003F05FFA152003F078FA00BFA2
:10D290002837BD4680BD00BF00640040001002403A
:10D2A00080B5A6B000AF786007F1840300221A6051
:10D2B0005A609A60DA601A6107F128035C22002143
:10D2C000184609F048F87B681B689C4A934240F076
:10D2D00096802023BB6200237B6507F12803184654
:10D2E00004F0A4FD0346002B01D0FFF78BFC944B08
:10D2F000DB6D934A43F00103D365914BDB6D03F083
:10D3000001037B627B6A8E4BDB6C8D4A43F0040326
:10D31000D3648B4BDB6C03F004033B623B6A032357
:10D32000C7F884300223C7F888300023C7F88C3050
:10D330000323C7F890300823C7F8943007F184031B
:10D340001946804803F0ACFC7F4B804A1A607E4B44
:10D3500004225A607C4B00229A607B4B0022DA60E8
:10D36000794B80221A61784B00225A61764B002259
:10D370009A61754B0022DA61734B00221A6272487F
:10D3800003F018FA0346002B01D0FFF73BFC7B6843
:10D390006D4A1A676C4A7B6893626D4B6D4A1A60DE
:10D3A0006B4B04225A606A4B10229A60684B002231
:10D3B000DA60674B80221A61654B00225A61644B28
:10D3C00000229A61624B0022DA61614B00221A62EC
:10D3D0005F4803F0EFF90346002B01D0FFF712FC82
:10D3E0007B685B4ADA665A4A7B68936200220221B4
:10D3F000462003F0A8F9462003F0C1F9B3E17B68A9
:10D400001B68554A934240F0B1800123BB62002360
:10D41000BB6407F12803184604F008FD0346002BFF
:10D4200001D0FFF7EFFB464B1B6E454A43F48043A8
:10D430001366434B1B6E03F48043FB61FB69404B57
:10D44000DB6C3F4A43F00103D3643D4BDB6C03F0DC
:10D450000103BB61BB694FF4C063C7F8843002238A
:10D46000C7F888300023C7F88C300323C7F8903002
:10D470000723C7F8943007F1840319464FF0904012
:10D4800003F00EFC354B364A1A60344B02225A60C8
:10D49000324B00229A60314B0022DA602F4B8022FF
:10D4A0001A612E4B00225A612C4B00229A612B4BA1
:10D4B0000022DA61294B00221A62284803F07AF927
:10D4C0000346002B01D0FFF79DFB7B68234A1A67B8
:10D4D000224A7B689362234B234A1A60214B022223
:10D4E0005A60204B10229A601E4B0022DA601D4BBE
:10D4F00080221A611B4B00225A611A4B00229A614A
:10D50000184B0022DA61174B00221A62154803F00B
:10D5100051F90346002B01D0FFF774FB7B68114AD9
:10D52000DA66104A7B68936200220221252003F00C
:10D530000AF9252003F023F915E100BF008000401F
:10D540000010024000080048B82400208004024077
:10D55000002500206C0402400038014048250020CE
:10D560005800024090250020440002407B681B6860
:10D570007F4A934240F085800223BB620023FB6414
:10D5800007F12803184604F051FC0346002B01D094
:10D59000FFF738FB774B9B6D764A43F40033936576
:10D5A000744B9B6D03F400337B617B69714BDB6CC7
:10D5B000704A43F00103D3646E4BDB6C03F001034C
:10D5C0003B613B690423C7F884300223C7F88830E5
:10D5D0000023C7F88C300323C7F890300723C7F81F
:10D5E000943007F1840319464FF0904003F058FB44
:10D5F0004FF40043C7F884300223C7F88830002373
:10D60000C7F88C300323C7F890300323C7F8943051
:10D6100007F1840319464FF0904003F041FB564B4D
:10D62000564A1A60544B02225A60534B00229A60A9
:10D63000514B0022DA60504B80221A614E4B00227F
:10D640005A614D4B00229A614B4B0022DA614A4BE2
:10D6500000221A62484803F0ADF80346002B01D0BF
:10D66000FFF7D0FA7B68444A1A67434A7B689362A3
:10D6700000220321262003F066F8262003F07FF81D
:10D6800071E07B681B683E4A93426CD10423BB6205
:10D6900000233B6507F12803184604F0C7FB034647
:10D6A000002B01D0FFF7AEFA324B9B6D314A43F4A9
:10D6B000802393652F4B9B6D03F48023FB60FB68F5
:10D6C0002C4BDB6C2B4A43F00403D364294BDB6CFB
:10D6D00003F00403BB60BB684FF40163C7F88430F8
:10D6E0000223C7F888300023C7F88C300323C7F81B
:10D6F00090300723C7F8943007F184031946214876
:10D7000003F0CEFA204B214A1A601F4B02225A60C6
:10D710001D4B00229A601C4B0022DA601A4B8022BB
:10D720001A61194B00225A61174B00229A61164B5D
:10D730000022DA61144B00221A62134803F03AF80F
:10D740000346002B01D0FFF75DFA7B680E4A1A678B
:10D750000D4A7B68936200220321272002F0F3FF29
:10D76000272003F00CF800BF9837BD4680BD00BFEE
:10D770000044004000100240D82500206C00024008
:10D7800000480040000800482026002030000240E9
:10D7900080B59AB000AF786007F10C035C220021DD
:10D7A000184608F0D8FD7B681B680F4A934217D1D2
:10D7B0004FF40033FB604FF440737B6607F10C03BA
:10D7C000184604F033FB0346002B01D0FFF71AFA8A
:10D7D000064BD3F89030054A43F40043C2F890302A
:10D7E00000BF6837BD4680BD0028004000100240E1
:10D7F00080B58AB000AF786007F1140300221A6088
:10D800005A609A60DA601A617B681B68444A9342E6
:10D8100040F08280434B1B6E424A43F480531366B0
:10D82000404B1B6E03F480533B613B693D4BDB6C0B
:10D830003C4A43F00203D3643A4BDB6C03F002032F
:10D84000FB60FB6838237B610223BB610023FB6123
:10D8500003233B6205237B6207F114031946324818
:10D8600003F01EFA314B324A1A60304B01225A60E3
:10D870002E4B00229A602D4B0022DA602B4B802227
:10D880001A612A4B00225A61284B00229A61274BC9
:10D890000022DA61254B00221A62244802F08AFF36
:10D8A0000346002B01D0FFF7ADF97B681F4A9A654C
:10D8B0001E4A7B6893621F4B1F4A1A601D4B04224D
:10D8C0005A601C4B10229A601A4B0022DA60194BE6
:10D8D00080221A61174B00225A61164B00229A616E
:10D8E000144B0022DA61134B00221A62114802F035
:10D8F00061FF0346002B01D0FFF784F97B680D4AD6
:10D900005A650C4A7B68936200220121232002F0B1
:10D910001AFF232002F033FF00BF2837BD4680BD29
:10D92000003001400010024000040048F0260020B2
:10D930001C000240382700204404024080B584B017
:10D9400000AF78607B681B68B3F1804F0CD1154B3A
:10D950009B6D144A43F001039365124B9B6D03F0DA
:10D960000103FB60FB6818E07B681B680E4A93426A
:10D9700013D10C4B9B6D0B4A43F010039365094B7D
:10D980009B6D03F01003BB60BB68002200213620B2
:10D9900002F0D9FE362002F0F2FE00BF1037BD467D
:10D9A00080BD00BF001002400010004080B588B06C
:10D9B00000AF786007F10C0300221A605A609A6089
:10D9C000DA601A617B681B68B3F1804F1CD1104B81
:10D9D000DB6C0F4A43F00203D3640D4BDB6C03F0A6
:10D9E0000203BB60BB684FF44063FB6002233B61F2
:10D9F00000237B610023BB610123FB6107F10C0362
:10DA00001946044803F04CF900BF2037BD4680BDDD
:10DA1000001002400004004880B400AF00BFFDE7E2
:10DA200080B400AF00BFFDE780B400AF00BFFDE7EA
:10DA300080B400AF00BFFDE780B400AF00BFFDE7DA
:10DA400080B400AF00BFBD465DF8047B704780B472
:10DA500000AF00BFBD465DF8047B704780B400AFE7
:10DA600000BFBD465DF8047B704780B500AF00F095
:10DA700031FAFFF7FFF900BF80BD80B500AF01208C
:10DA800003F0D2FA00BF80BD80B500AF042003F0E0
:10DA9000CBFA00BF80BD80B500AF082003F0C4FA08
:10DAA00000BF80BD80B500AF024803F01AF800BF88
:10DAB00080BD00BF2822002080B500AF024803F0DF
:10DAC00010F800BF80BD00BFF026002080B500AF79
:10DAD000024803F006F800BF80BD00BF20260020EA
:10DAE00080B500AF024802F0FCFF00BF80BD00BF60
:10DAF000D825002080B500AF024800F084FE00BFAA
:10DB000080BD00BFC421002080B500AF024802F0F4
:10DB100019FB00BF80BD00BF7022002080B500AFA0
:10DB2000024802F00FFB00BF80BD00BF7022002042
:10DB300080B500AF024802F005FB00BF80BD00BF0A
:10DB40007022002080B500AF024805F0F1F900BF57
:10DB500080BD00BF8C26002080B500AF024807F0D2
:10DB600001F800BF80BD00BFB023002080B500AF2A
:10DB7000024806F0F7FF00BF80BD00BF342400203C
:10DB800080B500AFF9F7B0F8024805F0B7FF00BF65
:10DB900080BD00BFCC27002080B500AF024802F056
:10DBA000A0FF00BF80BD00BF3827002080B500AFB8
:10DBB000024802F096FF00BF80BD00BF0025002094
:10DBC00080B500AF024802F08CFF00BF80BD00BFEF
:10DBD000B824002080B500AF024806F0C3FF00BFA4
:10DBE00080BD00BFA822002080B400AF01231846EA
:10DBF000BD465DF8047B704780B582B000AF7860A9
:10DC0000396008F0FDFF034616221A604FF0FF331B
:10DC100018460837BD4680BD80B582B000AF786039
:10DC20004FF0FF317868FFF7E7FF00BFFDE780B5F1
:10DC300086B000AFF860B9607A6000237B610AE0CB
:10DC4000AFF300800146BB685A1CBA60CAB21A70B2
:10DC50007B6901337B617A697B689A42F0DB7B6880
:10DC600018461837BD4680BD80B586B000AFF86055
:10DC7000B9607A6000237B6109E0BB685A1CBA6016
:10DC80001B781846AFF300807B6901337B617A69AA
:10DC90007B689A42F1DB7B6818461837BD4680BD29
:10DCA00080B483B000AF78604FF0FF3318460C3774
:10DCB000BD465DF8047B704780B483B000AF7860E8
:10DCC00039603B684FF400525A60002318460C3705
:10DCD000BD465DF8047B704780B483B000AF7860C8
:10DCE000012318460C37BD465DF8047B704780B4AD
:10DCF00085B000AFF860B9607A6000231846143729
:10DD0000BD465DF8047B704780B586B000AF786093
:10DD1000144A154BD31A7B617B693B61134B1B681B
:10DD2000002B02D1114B124A1A60104B1A687B6803
:10DD300013443A699A4207D208F062FF03460C2264
:10DD40001A604FF0FF3309E0084B1B68FB60074B7C
:10DD50001A687B681344054A1360FB681846183735
:10DD6000BD4680BD00C00020000F00009C280020A0
:10DD7000182A002080B400AF154BD3F88830144A1D
:10DD800043F47003C2F88830124B1B68114A43F009
:10DD9000010313600F4B00229A600E4B1B680D4A63
:10DDA00023F0A85323F4102313600A4B4FF480523E
:10DDB000DA60084B1B68074A23F480231360054B85
:10DDC00000229A6100BFBD465DF8047B704700BF2A
:10DDD00000ED00E000100240DFF834D0FFF7CAFF8A
:10DDE000002103E00B4B5B58435004310A480B4BB6
:10DDF00042189A42F6D30A4A02E0002342F8043B52
:10DE0000084B9A42F9D308F001FFFEF7E3F9FEE769
:10DE100000C00020508601080000002018020020E9
:10DE200018020020142A0020FEE780B582B000AF5F
:10DE30000023FB71032002F07BFC002000F00EF8B1
:10DE40000346002B02D00123FB7101E0FFF702F92A
:10DE5000FB7918460837BD4680BD000080B584B008
:10DE600000AF78600023FB73174B1B78002B23D087
:10DE7000164B1A68144B1B7819464FF47A73B3FB90
:10DE8000F1F3B2FBF3F3184602F087FC0346002BD4
:10DE90000FD17B680F2B09D8002279684FF0FF3033
:10DEA00002F051FC0A4A7B68136007E00123FB7310
:10DEB00004E00123FB7301E00123FB73FB7B1846A5
:10DEC0001037BD4680BD00BF540100204C0100202A
:10DED0005001002080B400AF064B1B781A46064B59
:10DEE0001B681344044A136000BFBD465DF8047B01
:10DEF000704700BF54010020A028002080B400AF6C
:10DF0000034B1B681846BD465DF8047B704700BF95
:10DF1000A028002080B584B000AF7860FFF7EEFF46
:10DF2000B8607B68FB60FB68B3F1FF3F05D00A4B2C
:10DF30001B781A46FB681344FB6000BFFFF7DEFF47
:10DF40000246BB68D31AFA689A42F7D800BF00BFEE
:10DF50001037BD4680BD00BF5401002080B483B09F
:10DF600000AF786039607B689B6823F47C123B6863
:10DF70001A437B689A6000BF0C37BD465DF8047B8E
:10DF8000704780B483B000AF786039607B689B686D
:10DF900023F0E0723B681A437B689A6000BF0C373D
:10DFA000BD465DF8047B704780B483B000AF7860F5
:10DFB0007B689B6803F0E07318460C37BD465DF83C
:10DFC000047B704780B487B000AFF860B9607A60B6
:10DFD0003B60FB6860331A46BB689B0013447B615F
:10DFE0007B691A68084B13407A6802F0F8413A6876
:10DFF0000A43134343F000427B691A6000BF1C3799
:10E00000BD465DF8047B704700F0FF0380B485B027
:10E0100000AF786039607B6860331A463B689B00CC
:10E020001344FB60FB681B6803F0F8431846143781
:10E03000BD465DF8047B704780B487B000AFF860E0
:10E04000B9607A60FB6860331A46BB689B00134472
:10E050007B617B691B6823F000427B681A437B6904
:10E060001A6000BF1C37BD465DF8047B704780B462
:10E0700083B000AF78607B68DB6803F44063002BFB
:10E0800001D1012300E0002318460C37BD465DF89E
:10E09000047B704780B487B000AFF860B9607A60E5
:10E0A000FB6830331A46BB681B0A9B0003F00C0365
:10E0B00013447B617B691A68BB6803F01F031F214F
:10E0C00001FA03F3DB431A407B689B0E03F01F0148
:10E0D000BB6803F01F0301FA03F31A437B691A605C
:10E0E00000BF1C37BD465DF8047B704780B483B029
:10E0F00000AF78607B68DB6C03F0C003002B01D1BC
:10E10000012300E0002318460C37BD465DF8047B70
:10E11000704780B487B000AFF860B9607A60FB6880
:10E1200014331A46BB685B0E9B0003F004031344D0
:10E130007B617B691A68BB681B0D03F01F03072115
:10E1400001FA03F3DB431A40BB681B0D03F01F0306
:10E15000796801FA03F31A437B691A6000BF1C3720
:10E16000BD465DF8047B704780B485B000AFF860B1
:10E17000B9607A60FB68D3F8B020BB68C3F31203C0
:10E18000DB431A407B6803F018030849D940BB6899
:10E190000B40C3F312031A43FB68C3F8B02000BF5F
:10E1A0001437BD465DF8047B704700BFFFFF0700D2
:10E1B00080B483B000AF78607B689B6823F0204315
:10E1C00023F03F037A68936000BF0C37BD465DF8CB
:10E1D000047B704780B483B000AF78607B689B6835
:10E1E00003F00053B3F1005F01D1012300E00023ED
:10E1F00018460C37BD465DF8047B704780B483B089
:10E2000000AF78607B689B6823F0104323F03F03E6
:10E2100043F080527B689A6000BF0C37BD465DF8C2
:10E22000047B704780B483B000AF78607B689B68E4
:10E2300003F08053B3F1805F01D1012300E000239C
:10E2400018460C37BD465DF8047B704780B483B038
:10E2500000AF78607B689B6823F0004323F03F03A6
:10E2600043F001027B689A6000BF0C37BD465DF841
:10E27000047B704780B483B000AF78607B689B6894
:10E2800023F0004323F03F0343F002027B689A60CF
:10E2900000BF0C37BD465DF8047B704780B483B087
:10E2A00000AF78607B689B6803F00103012B01D10C
:10E2B000012300E0002318460C37BD465DF8047BBF
:10E2C000704780B483B000AF78607B689B6803F0D0
:10E2D0000203022B01D1012300E0002318460C3772
:10E2E000BD465DF8047B704780B483B000AF7860B2
:10E2F0007B689B6823F0004323F03F0343F0040254
:10E300007B689A6000BF0C37BD465DF8047B7047A0
:10E3100080B483B000AF78607B689B6823F00043D3
:10E3200023F03F0343F010027B689A6000BF0C3774
:10E33000BD465DF8047B704780B483B000AF786061
:10E340007B689B6803F00403042B01D1012300E0E8
:10E35000002318460C37BD465DF8047B704780B437
:10E3600083B000AF78607B689B6823F0004323F0A4
:10E370003F0343F020027B689A6000BF0C37BD4624
:10E380005DF8047B704780B483B000AF78607B6831
:10E390009B6803F00803082B01D1012300E0002350
:10E3A00018460C37BD465DF8047B704780B588B0D1
:10E3B00000AF78600023FB770023BB607B68002BF5
:10E3C00001D101232CE17B681B69002B7B685B6D0D
:10E3D000002B09D17868FEF761FE7B6800229A6500
:10E3E0007B68002283F850207B681B681846FFF783
:10E3F000F1FE0346002B04D07B681B681846FFF72C
:10E40000D7FE7B681B681846FFF70CFF0346002BFE
:10E4100015D17B681B681846FFF7F0FE824B1B681E
:10E420009B09824AA2FB03239B0901335B00BB606B
:10E4300002E0BB68013BBB60BB68002BF9D17B6885
:10E440001B681846FFF7EEFE0346002B0DD17B68D4
:10E450005B6D43F010027B685A657B689B6D43F0EF
:10E4600001027B689A650123FB777B681B6818466D
:10E47000FFF762FF78617B685B6D03F01003002B90
:10E4800040F0C5807B69002B40F0C1807B685B6DEC
:10E4900023F4817343F002027B685A657B681B6832
:10E4A0001846FFF7FBFE0346002B0BD16048FFF731
:10E4B000F5FE0346002B05D17B685B6819465D4875
:10E4C000FFF74CFD7B685B7E5A037B685B6B1A43EE
:10E4D0007B68DB681A437B689B681A437B6893F808
:10E4E00020301B041343BB617B6893F82030012B61
:10E4F00006D17B685B6A013B5B04BA691343BB616D
:10E500007B689B6A002B09D07B689B6A03F470725E
:10E510007B68DB6A1343BA691343BB617B681B6882
:10E52000DA68454B13407A681268B9690B43D360C7
:10E530007B681B681846FFF7FFFE38617B681B6825
:10E540001846FFF720FFF8603B69002B3DD1FB68C0
:10E55000002B3AD17B681B7E9A037B6893F830309E
:10E560005B001343BB617B681B68DB6823F480435B
:10E5700023F002037A681268B9690B43D3607B68A1
:10E5800093F83830012B18D17B681B681B6923F482
:10E59000FF6323F004037A68D16B7A68126C11432D
:10E5A0007A68526C11437A68926C0A431A437B680A
:10E5B0001B6842F001021A6107E07B681B681A6958
:10E5C0007B681B6822F001021A617B681B69012BC2
:10E5D0000CD17B681B681B6B23F00F017B68DB6928
:10E5E0005A1E7B681B680A431A6307E07B681B6836
:10E5F0001A6B7B681B6822F00F021A637B685B6DE5
:10E6000023F0030343F001027B685A6507E07B684F
:10E610005B6D43F010027B685A650123FB77FB7F3B
:10E6200018462037BD4680BD4C010020632D3E05B5
:10E63000000004500003045007C0F0FF80B586B00E
:10E6400000AFF860B9607A60FB681B681846FFF796
:10E6500073FE0346002B67D1FB6893F85030012B03
:10E6600001D1022363E0FB68012283F85020F8689F
:10E6700000F038FF0346FB75FB7D002B4FD1FB6894
:10E680005B6D23F4706323F0010343F48072FB6835
:10E690005A65FB685B6D03F48053002B06D0FB6862
:10E6A0009B6D23F00602FB689A6502E0FB6800227E
:10E6B0009A65FB68DB6C204ADA62FB68DB6C1F4AF8
:10E6C0001A63FB68DB6C1E4A5A63FB681B681C22DA
:10E6D0001A60FB68002283F85020FB681B685A68A8
:10E6E000FB681B6842F010025A60FB681B68DA681E
:10E6F000FB681B6842F00102DA60FB68D86CFB68BB
:10E700001B6840331946BA687B6802F00BF9034670
:10E71000FB75FB681B681846FFF7E6FD06E0FB6823
:10E72000002283F8502001E00223FB75FB7D184690
:10E730001837BD4680BD00BF67F600083FF70008E8
:10E740005BF7000880B584B000AF78607B6893F811
:10E750005030012B01D1022351E07B68012283F864
:10E7600050200321786800F001FE0346FB73FB7B19
:10E77000002B3FD17B681B68DA687B681B6822F03E
:10E780000102DA607B68DB6C93F82530DBB2022B88
:10E790000FD17B68DB6C184602F024F90346FB734B
:10E7A000FB7B002B05D07B685B6D43F040027B68F0
:10E7B0005A657B681B685A687B681B6822F01002E8
:10E7C0005A60FB7B002B05D1786800F0EDFE034614
:10E7D000FB7302E0786800F0E7FEFB7B002B09D1B9
:10E7E0007B685B6D23F4885323F0010343F001023F
:10E7F0007B685A657B68002283F85020FB7B1846B3
:10E800001037BD4680BD80B588B000AF786000236A
:10E81000FB617B681B681B68BB617B681B685B686E
:10E820007B61BB6903F00203002B17D07B6903F007
:10E830000203002B12D07B685B6D03F01003002BEA
:10E8400005D17B685B6D43F400627B685A6578682C
:10E8500001F052F87B681B6802221A60BB6903F062
:10E860000403002B04D07B6903F00403002B09D1BF
:10E87000BB6903F00803002B5ED07B6903F008033B
:10E88000002B59D07B685B6D03F01003002B05D182
:10E890007B685B6D43F400727B685A657B681B681C
:10E8A0001846FFF7E4FB0346002B3ED07B681B684D
:10E8B000DB683B613B6903F40053002B35D17B6877
:10E8C0001B681B6803F00803082B2ED17B681B68AC
:10E8D0001846FFF731FD0346002B1AD17B681B68F1
:10E8E0005A687B681B6822F00C025A607B685B6D7B
:10E8F00023F480727B685A657B685B6D03F48053F8
:10E90000002B12D17B685B6D43F001027B685A6576
:10E910000BE07B685B6D43F010027B685A657B6897
:10E920009B6D43F001027B689A657868F6F73CFEC0
:10E930007B681B680C221A60BB6903F02003002B64
:10E9400004D07B6903F02003002B09D1BB6903F0DD
:10E950004003002B72D07B6903F04003002B6DD085
:10E960007B685B6D03F01003002B05D17B685B6D4A
:10E9700043F400527B685A657B681B681846FFF7B2
:10E98000B5FBF8607B681B681846FFF770FBB86042
:10E990007B681B68DB683B61FB68002B47D03B69E9
:10E9A00003F00073002B07D0BB68002B3FD03B69FE
:10E9B00003F40053002B3AD17B681B681B6803F0FB
:10E9C0004003402B33D13B6903F40013002B2ED1BD
:10E9D0007B681B681846FFF7D6FC0346002B1AD14C
:10E9E0007B681B685A687B681B6822F060025A606B
:10E9F0007B685B6D23F480527B685A657B685B6D36
:10EA000003F48073002B12D17B685B6D43F001022D
:10EA10007B685A650BE07B685B6D43F010027B6896
:10EA20005A657B689B6D43F001027B689A65786844
:10EA300000F03AFF7B681B6860221A60BB6903F034
:10EA40008003002B11D07B6903F08003002B0CD0D6
:10EA50007B685B6D43F480327B685A65786800F0B0
:10EA600090F87B681B6880221A60BB6903F480738E
:10EA7000002B12D07B6903F48073002B0DD07B68D0
:10EA80005B6D43F400327B685A65786800F020FFC4
:10EA90007B681B684FF480721A60BB6903F40073D3
:10EAA000002B12D07B6903F40073002B0DD07B6820
:10EAB0005B6D43F480227B685A65786800F012FF32
:10EAC0007B681B684FF400721A60BB6903F0100387
:10EAD000002B2AD07B6903F01003002B25D07B6824
:10EAE0005B6B002B02D10123FB6108E07B681B6894
:10EAF000DB6803F00103002B01D00123FB61FB69FC
:10EB0000012B0ED17B685B6D43F480627B685A6594
:10EB10007B689B6D43F002027B689A65786800F021
:10EB20003AF87B681B6810221A60BB6903F48063A3
:10EB3000002B18D07B6903F48063002B13D07B6813
:10EB40005B6D43F480427B685A657B689B6D43F044
:10EB500008027B689A657B681B684FF480621A60C4
:10EB6000786800F0ABFE00BF2037BD4680BD80B4A2
:10EB700083B000AF786000BF0C37BD465DF8047B02
:10EB8000704780B483B000AF786000BF0C37BD46DB
:10EB90005DF8047B704780B483B000AF786000BF3D
:10EBA0000C37BD465DF8047B7047000080B5B6B0F9
:10EBB00000AF78603960002387F8D7300023FB600E
:10EBC0007B6893F85030012B01D10223B9E37B68B5
:10EBD000012283F850207B681B681846FFF7ACFBC6
:10EBE0000346002B40F09E833B685B68052B24D8CE
:10EBF0003B685B68023B032B1BD801A252F823F051
:10EC000011EC000819EC000821EC000829EC0008C0
:10EC10003B680C225A6010E03B6812225A600CE0FC
:10EC20003B6818225A6008E03B684FF480725A60D3
:10EC300003E03B6806225A6000BF7B6818683B68A7
:10EC400059683B681B681A46FFF724FA7B681B6803
:10EC50001846FFF771FBC7F8D0007B681B681846A1
:10EC6000FFF791FBC7F8CC00D7F8D030002B40F06D
:10EC7000A681D7F8CC30002B40F0A1817B681868C2
:10EC80003B6819683B689B681A46FFF742FA3B6885
:10EC90005A697B681B68DB68DB0803F003035B00D1
:10ECA00002FA03F3C7F8C8303B681B69042B0AD08B
:10ECB0007B6818683B6819693B681A68D7F8C830E0
:10ECC000FFF780F97BE17B681B6800211846FFF79E
:10ECD0009DF90346C3F31203002B0AD17B681B681E
:10ECE00000211846FFF792F903469B0E03F01F021E
:10ECF0001EE07B681B6800211846FFF787F9034672
:10ED0000C7F8BC30D7F8BC3093FAA3F3C7F8C030CB
:10ED1000D7F8C030C7F8B830D7F8B830002B01D1D9
:10ED2000202304E0D7F8B830B3FA83F3DBB21A46F5
:10ED30003B681B68C3F31203002B05D13B681B68BB
:10ED40009B0E03F01F0318E03B681B68C7F8B03048
:10ED5000D7F8B03093FAA3F3C7F8AC30D7F8AC309B
:10ED6000C7F8B430D7F8B430002B01D1202304E029
:10ED7000D7F8B430B3FA83F3DBB29A4206D17B689A
:10ED80001B68002200211846FFF756F97B681B68B4
:10ED900001211846FFF73AF90346C3F31203002B8B
:10EDA0000AD17B681B6801211846FFF72FF903463B
:10EDB0009B0E03F01F021EE07B681B6801211846B2
:10EDC000FFF724F90346C7F8A430D7F8A43093FA24
:10EDD000A3F3C7F8A030D7F8A030C7F8A830D7F809
:10EDE000A830002B01D1202304E0D7F8A830B3FAD3
:10EDF00083F3DBB21A463B681B68C3F31203002B94
:10EE000005D13B681B689B0E03F01F0318E03B68AD
:10EE10001B68C7F89830D7F8983093FAA3F3C7F86F
:10EE20009430D7F89430C7F89C30D7F89C30002B3A
:10EE300001D1202304E0D7F89C30B3FA83F3DBB28E
:10EE40009A4206D17B681B68002201211846FFF711
:10EE5000F3F87B681B6802211846FFF7D7F80346D2
:10EE6000C3F31203002B0AD17B681B6802211846EA
:10EE7000FFF7CCF803469B0E03F01F021EE07B68F1
:10EE80001B6802211846FFF7C1F80346C7F88C300B
:10EE9000D7F88C3093FAA3F3C7F88830D7F88830C6
:10EEA000C7F89030D7F89030002B01D1202304E030
:10EEB000D7F89030B3FA83F3DBB21A463B681B688D
:10EEC000C3F31203002B05D13B681B689B0E03F0B4
:10EED0001F0316E03B681B68C7F88030D7F8803006
:10EEE00093FAA3F3FB67FB6FC7F88430D7F884303D
:10EEF000002B01D1202304E0D7F88430B3FA83F348
:10EF0000DBB29A4206D17B681B68002202211846B8
:10EF1000FFF792F87B681B6803211846FFF776F825
:10EF20000346C3F31203002B0AD17B681B6803213D
:10EF30001846FFF76BF803469B0E03F01F0217E01D
:10EF40007B681B6803211846FFF760F803467B6760
:10EF50007B6F93FAA3F33B673B6FBB67BB6F002BE1
:10EF600001D1202303E0BB6FB3FA83F3DBB21A466F
:10EF70003B681B68C3F31203002B05D13B681B6879
:10EF80009B0E03F01F0311E03B681B68BB66BB6E62
:10EF900093FAA3F37B667B6EFB66FB6E002B01D1BD
:10EFA000202303E0FB6EB3FA83F3DBB29A4206D16F
:10EFB0007B681B68002203211846FFF73DF87B6839
:10EFC0001B681846FFF76AF90346002B40F04081A2
:10EFD0007B6818683B6819683B68DB681A46FFF76E
:10EFE000C3F83B68DB688F4A934240F031817B680D
:10EFF00018683B681B68C3F31203002B0BD13B68F6
:10F000001B689B0E013303F01F03092B94BF0123E0
:10F010000023DBB219E03B681B68FB65FB6D93FACC
:10F02000A3F3BB65BB6D3B663B6E002B01D1202378
:10F0300003E03B6EB3FA83F3DBB2013303F01F034B
:10F04000092B94BF01230023DBB2002B79D03B684E
:10F050001B68C3F31203002B07D13B681B689B0E90
:10F0600001339B0603F0F84215E03B681B683B65E3
:10F070003B6D93FAA3F3FB64FB6C7B657B6D002B0C
:10F0800001D1202303E07B6DB3FA83F3DBB20133BC
:10F090009B0603F0F8423B681B68C3F31203002B86
:10F0A00009D13B681B689B0E013303F01F0301214C
:10F0B00001FA03F317E03B681B687B647B6C93FAEF
:10F0C000A3F33B643B6CBB64BB6C002B01D12023DE
:10F0D00003E0BB6CB3FA83F3DBB2013303F01F032D
:10F0E000012101FA03F342EA03013B681B68C3F301
:10F0F0001203002B0AD13B681B689B0E013303F0FF
:10F100001F0213465B0013441B0518E03B681B6895
:10F11000BB63BB6B93FAA3F37B637B6BFB63FB6B00
:10F12000002B01D1202303E0FB6BB3FA83F3DBB2A6
:10F13000013303F01F0213465B0013441B050B430E
:10F1400081E03B681B68C3F31203002B07D13B68C7
:10F150001B689B0E01339B0603F0F84215E03B68E9
:10F160001B68FB62FB6A93FAA3F3BB62BB6A3B6357
:10F170003B6B002B01D1202303E03B6BB3FA83F3FD
:10F18000DBB201339B0603F0F8423B681B68C3F314
:10F190001203002B09D13B681B689B0E013303F05F
:10F1A0001F03012101FA03F317E03B681B683B6270
:10F1B0003B6A93FAA3F3FB61FB697B627B6A002BDA
:10F1C00001D1202303E07B6AB3FA83F3DBB201337E
:10F1D00003F01F03012101FA03F342EA03013B6834
:10F1E0001B68C3F31203002B0DD13B681B689B0EF9
:10F1F000013303F01F0213465B0013441E3B1B0543
:10F2000043F000731EE03B681B687B617B6993FAE7
:10F21000A3F33B613B69BB61BB69002B04D1202395
:10F2200006E000BF00007F40BB69B3FA83F3DBB2A6
:10F23000013303F01F0213465B0013441E3B1B0502
:10F2400043F000730B433A6892681946FEF761FF7A
:10F250003B681A683D4B1340002B6CD03C48FEF7CE
:10F26000A3FEC7F8C4003B681B683A4A934227D103
:10F27000D7F8C43003F40003002B21D17B681B684E
:10F28000354A934257D1D7F8C43043F400031946A6
:10F290002F48FEF776FE314B1B689B09304AA2FBD4
:10F2A00003239B095A1C13465B0013449B00FB601D
:10F2B00002E0FB68013BFB60FB68002BF9D13AE000
:10F2C0003B681B68274A934213D1D7F8C43003F038
:10F2D0008073002B0DD17B681B681F4A93422AD193
:10F2E000D7F8C43043F0807319461948FEF749FE39
:10F2F00021E03B681B681C4A93421CD1D7F8C430FC
:10F3000003F48003002B16D17B681B68124A9342DA
:10F3100011D1D7F8C43043F4800319460C48FEF7E6
:10F3200030FE08E07B685B6D43F020027B685A6525
:10F33000012387F8D7307B68002283F8502097F8A4
:10F34000D7301846D837BD4680BD00BF00000880C2
:10F3500000030450000052C7000004504C0100207C
:10F36000632D3E05000084CB0100008080B588B08D
:10F3700000AF786039600023FB613B68BB617B684C
:10F380001B681846FEF7D8FF38617B681B68184673
:10F39000FEF7F9FFF8603B69002B03D1FB68002BF7
:10F3A00000F098807B681B68DB6803F00073002B1B
:10F3B0002AD07B685B7E012B26D17B681B7E012BCC
:10F3C00022D10123BB6114E0FB69454A93420DD968
:10F3D0007B685B6D43F010027B685A657B689B6DB0
:10F3E00043F001027B689A65012374E0FB690133F5
:10F3F000FB617B681B681B6803F04003402BE3D173
:10F400007B681B6840221A60BB69022B14D07B68A2
:10F410001B681846FEF790FF0346002B0CD07B6854
:10F420001B681846FEF74DFF0346002B04D17B688E
:10F430001B681846FEF76CFFBB69012B14D07B6874
:10F440001B681846FEF79FFF0346002B0CD07B6815
:10F450001B681846FEF735FF0346002B04D17B6876
:10F460001B681846FEF77BFFBB69022B05D0BB6902
:10F47000032B05D10C237B6105E008237B6102E0AF
:10F4800004237B6100BFFEF739FDB8601BE0FEF787
:10F4900035FD0246BB68D31A052B14D97B681B685F
:10F4A0009A687B691340002B0DD07B685B6D43F03D
:10F4B00010027B685A657B689B6D43F001027B6894
:10F4C0009A65012307E07B681B689A687B69134093
:10F4D000002BDCD1002318462037BD4680BD00BF7D
:10F4E000FFFF3FA380B584B000AF78607B681B68E6
:10F4F0001846FEF7D3FE0346002B4DD17B681B68F0
:10F500009A68284B1340002B0DD07B685B6D43F04D
:10F5100010027B685A657B689B6D43F001027B6833
:10F520009A65012339E07B681B681846FEF78EFE5A
:10F53000FEF7E4FCF86028E07B681B681846FEF7DD
:10F54000ADFE0346002B04D17B681B681846FEF70E
:10F550007DFEFEF7D3FC0246FB68D31A022B14D9BA
:10F560007B681B681B6803F00103012B0DD07B68CF
:10F570005B6D43F010027B685A657B689B6D43F0BE
:10F5800001027B689A65012307E07B681B681B68A2
:10F5900003F00103012BCFD1002318461037BD46DD
:10F5A00080BD00BF3F00008080B584B000AF7860B0
:10F5B0007B681B681846FEF784FEF8607B681B6852
:10F5C0001846FEF76BFE0346002B47D0FB68002B66
:10F5D00044D17B681B689B6803F00D03012B0CD1A1
:10F5E0007B681B681846FEF745FE7B681B68032294
:10F5F0001A60FEF783FCB86029E07B685B6D43F01E
:10F6000010027B685A657B689B6D43F001027B6842
:10F610009A65012323E0FEF771FC0246BB68D31A0A
:10F62000022B14D97B681B689B6803F00103002B35
:10F630000DD07B685B6D43F010027B685A657B6878
:10F640009B6D43F001027B689A65012307E07B68AC
:10F650001B689B6803F00103002BDCD100231846D4
:10F660001037BD4680BD80B584B000AF78607B6840
:10F670009B6AFB60FB685B6D03F05003002B4BD172
:10F68000FB685B6D43F40072FB685A65FB681B689E
:10F690001B6803F00803002B21D0FB681B68184689
:10F6A000FEF7E5FC0346002B32D0FB681B68DB68E5
:10F6B00003F40053002B2BD1FB685B6D23F48072A5
:10F6C000FB685A65FB685B6D03F48053002B1FD108
:10F6D000FB685B6D43F00102FB685A6518E0FB684C
:10F6E0001B68DB6803F00203002B11D1FB685B6D24
:10F6F00023F48072FB685A65FB685B6D03F48053EA
:10F70000002B05D1FB685B6D43F00102FB685A6575
:10F71000F868F5F749FF0EE0FB685B6D03F0100336
:10F72000002B03D0F868FFF736FA04E0FB68DB6CC7
:10F730005B6B7868984700BF1037BD4680BD80B5C9
:10F7400084B000AF78607B689B6AFB60F868FFF765
:10F750000EFA00BF1037BD4680BD80B584B000AF43
:10F7600078607B689B6AFB60FB685B6D43F04002DE
:10F77000FB685A65FB689B6D43F00402FB689A6561
:10F78000F868FFF708FA00BF1037BD4680BD80B4A7
:10F7900083B000AF786039607B689B6823F040439A
:10F7A00023F03F033A6802F08042134343F00042E3
:10F7B0007B689A6000BF0C37BD465DF8047B7047DC
:10F7C00080B483B000AF78607B689B6803F000432F
:10F7D000B3F1004F01D1012300E0002318460C379C
:10F7E000BD465DF8047B704780B584B000AF78609B
:10F7F00039600023BB607B6893F85030012B01D146
:10F8000002234DE07B68012283F850207868FFF7DF
:10F81000CBFE0346FB73FB7B002B36D17B685B6D15
:10F8200023F4885323F0020343F002027B685A65F5
:10F830007B681B6839681846FFF7A9FF14E0BB68AE
:10F840000133BB60BB68B3F5912F0DD37B685B6D53
:10F8500023F0120343F010027B685A657B68002294
:10F8600083F8502001231BE07B681B681846FFF7D4
:10F87000A7FF0346002BE2D17B685B6D23F00303F7
:10F8800043F001027B685A6505E07B685B6D43F0DD
:10F8900010027B685A657B68002283F85020FB7B4E
:10F8A00018461037BD4680BD80B483B000AF786085
:10F8B00000BF0C37BD465DF8047B704780B483B051
:10F8C00000AF786000BF0C37BD465DF8047B704721
:10F8D00080B483B000AF786000BF0C37BD465DF8E0
:10F8E000047B704780B483B000AF786000BF0C37F2
:10F8F000BD465DF8047B704780B483B000AF78608C
:10F9000000BF0C37BD465DF8047B704780B584B0FE
:10F9100000AF78607B68002B01D10123EDE07B68AC
:10F9200093F82030DBB2002B02D17868FDF75CFC45
:10F930007B681B681A687B681B6842F001021A60CA
:10F94000FEF7DCFAF86012E0FEF7D8FA0246FB6830
:10F95000D31A0A2B0BD97B685B6A43F400327B68AD
:10F960005A627B68052283F820200123C5E07B686A
:10F970001B685B6803F00103002BE5D07B681B6804
:10F980001A687B681B6822F002021A60FEF7B6FA5A
:10F99000F86012E0FEF7B2FA0246FB68D31A0A2BAF
:10F9A0000BD97B685B6A43F400327B685A627B68E0
:10F9B000052283F8202001239FE07B681B685B6899
:10F9C00003F00203002BE5D17B681B7E012B08D1DD
:10F9D0007B681B681A687B681B6842F080021A60AB
:10F9E00007E07B681B681A687B681B6822F080024E
:10F9F0001A607B685B7E012B08D17B681B681A68E4
:10FA00007B681B6842F040021A6007E07B681B6855
:10FA10001A687B681B6822F040021A607B689B7E34
:10FA2000012B08D17B681B681A687B681B6842F051
:10FA300020021A6007E07B681B681A687B681B68F5
:10FA400022F020021A607B68DB7E012B08D17B68E4
:10FA50001B681A687B681B6822F010021A6007E0B6
:10FA60007B681B681A687B681B6842F010021A608A
:10FA70007B681B7F012B08D17B681B681A687B6839
:10FA80001B6842F008021A6007E07B681B681A686E
:10FA90007B681B6822F008021A607B685B7F012B81
:10FAA00008D17B681B681A687B681B6842F00402F7
:10FAB0001A6007E07B681B681A687B681B6822F085
:10FAC00004021A607B689A687B68DB681A437B686B
:10FAD0001B691A437B685B6942EA03017B685B68C8
:10FAE0005A1E7B681B680A43DA617B6800225A62EF
:10FAF0007B68012283F82020002318461037BD467A
:10FB000080BD80B487B000AF786039607B681B68C7
:10FB10007B617B6893F82030FB74FB7C012B03D066
:10FB2000FB7C022B40F0AA807B69D3F8003243F0C3
:10FB300001027B69C3F800223B685B6903F01F0385
:10FB4000012202FA03F3FB607B69D3F81C22FB68F5
:10FB5000DB431A407B69C3F81C223B68DB69002B3E
:10FB600023D17B69D3F80C22FB68DB431A407B6905
:10FB7000C3F80C223B68DB6819043B685B689BB2E6
:10FB80003A68526919437B69483243F832103B683E
:10FB90009B6819043B681B689AB23B685B690A431F
:10FBA00079694833DB000B445A603B68DB69012B01
:10FBB00022D17B69D3F80C22FB681A437B69C3F816
:10FBC0000C223B681B6819043B685B689BB23A686F
:10FBD000526919437B69483243F832103B689B688D
:10FBE00019043B68DB689AB23B685B690A43796930
:10FBF0004833DB000B445A603B689B69002B09D1FA
:10FC00007B69D3F80422FB68DB431A407B69C3F8A5
:10FC1000042207E07B69D3F80422FB681A437B695E
:10FC2000C3F804223B681B69002B09D17B69D3F818
:10FC30001422FB68DB431A407B69C3F8142207E0F7
:10FC40007B69D3F81422FB681A437B69C3F814223A
:10FC50003B681B6A012B07D17B69D3F81C22FB6828
:10FC60001A437B69C3F81C227B69D3F8003223F066
:10FC700001027B69C3F80022002306E07B685B6A0F
:10FC800043F480227B685A62012318461C37BD4624
:10FC90005DF8047B704780B584B000AF78607B6806
:10FCA00093F82030DBB2012B2ED17B68022283F83F
:10FCB00020207B681B681A687B681B6822F00102A1
:10FCC0001A60FEF71BF9F86012E0FEF717F902461A
:10FCD000FB68D31A0A2B0BD97B685B6A43F40032AA
:10FCE0007B685A627B68052283F82020012312E09A
:10FCF0007B681B685B6803F00103002BE5D17B6820
:10FD000000225A62002306E07B685B6A43F400220B
:10FD10007B685A62012318461037BD4680BD80B407
:10FD200089B000AFF860B9607A603B60FB6893F817
:10FD30002030FB77FB681B689B68BB61FB7F012B56
:10FD400003D0FB7F022B40F0B880BB6903F08063D7
:10FD5000002B0AD1BB6903F00063002B05D1BB69FE
:10FD600003F08053002B00F0A080BB691B0E03F052
:10FD700003037B617B69022B07D9FB685B6A43F451
:10FD80000002FB685A6201239EE001227B699A40CF
:10FD90003B681A60BB689B68002B0DD1BB681B6871
:10FDA0005A05BB68DB68F96809681A437B69183330
:10FDB0001B010B441A600FE0BB685B68DA00BB688C
:10FDC0009B681A43BB68DB68F96809681A437B695A
:10FDD00018331B010B441A60FB681968BB681A6969
:10FDE0007B6918331B010B4404331A60BB681B7D0D
:10FDF000012B11D1FB681A687B6918331B0113446E
:10FE000004331B68FA68116843F480727B69183305
:10FE10001B010B4404331A607B6807331B781A06F6
:10FE20007B6806331B781B041A437B6805331B78F9
:10FE30001B0213437A68043212781046FA6811687C
:10FE400043EA00027B691B010B4403F5C6731A6089
:10FE50007B6803331B781A067B6802331B781B040C
:10FE60001A437B6801331B781B0213437A681278AC
:10FE70001046FA68116843EA00027B691B010B44D3
:10FE800003F5C4731A60FB681A687B6918331B0199
:10FE900013441B68FA68116843F001027B69183348
:10FEA0001B010B441A6000230EE0FB685B6A43F4FD
:10FEB0000012FB685A62012306E0FB685B6A43F4A8
:10FEC0008022FB685A62012318462437BD465DF83C
:10FED000047B704780B487B000AFF860B9607A6087
:10FEE0003B60FB6893F82030FB75FB7D012B03D052
:10FEF000FB7D022B40F0F380BB68002B0ED1FB682A
:10FF00001B68DB6803F00303002B16D1FB685B6AF8
:10FF100043F40012FB685A620123E7E0FB681B68A8
:10FF20001B6903F00303002B07D1FB685B6A43F4F2
:10FF30000012FB685A620123D8E0FB681A68BB68AC
:10FF40001B331B0113441B6803F004027B689A6097
:10FF50007B689B68002B0CD1FB681A68BB681B335D
:10FF60001B0113441B685B0DC3F30A027B681A6014
:10FF70000BE0FB681A68BB681B331B0113441B684A
:10FF8000DB0823F060427B685A60FB681A68BB6834
:10FF90001B331B0113441B6803F002027B68DA6009
:10FFA000FB681A68BB681B331B01134404331B68CE
:10FFB00003F00F027B681A61FB681A68BB681B3389
:10FFC0001B01134404331B681B0ADAB27B689A6175
:10FFD000FB681A68BB681B331B01134404331B689E
:10FFE0001B0C9AB27B685A61FB681A68BB681B01DC
:10FFF000134403F5DC731B68DAB23B681A70FB68C4
:020000040801F1
:100000001A68BB681B01134403F5DC731B681A0AEA
:100010003B680133D2B21A70FB681A68BB681B01D7
:10002000134403F5DC731B681A0C3B680233D2B22D
:100030001A70FB681A68BB681B01134403F5DC7374
:100040001B681A0E3B680333D2B21A70FB681A6839
:10005000BB681B01134403F5DE731A683B68043365
:10006000D2B21A70FB681A68BB681B01134403F50F
:10007000DE731B681A0A3B680533D2B21A70FB683C
:100080001A68BB681B01134403F5DE731B681A0C66
:100090003B680633D2B21A70FB681A68BB681B0152
:1000A000134403F5DE731B681A0E3B680733D2B2A4
:1000B0001A70BB68002B08D1FB681B68DA68FB6804
:1000C0001B6842F02002DA6007E0FB681B681A69CF
:1000D000FB681B6842F020021A61002306E0FB68FF
:1000E0005B6A43F48022FB685A62012318461C377E
:1000F000BD465DF8047B704780B485B000AF786082
:1001000039607B6893F82030FB73FB7B012B02D0B6
:10011000FB7B022B09D17B681B6859697B681B68D4
:100120003A680A435A61002306E07B685B6A43F43D
:1001300080227B685A62012318461437BD465DF859
:10014000047B704780B58AB000AF786000237B6283
:100150007B681B685B693B627B681B685B68FB6153
:100160007B681B689B68BB617B681B68DB687B6185
:100170007B681B681B693B617B681B689B69FB6034
:100180003B6A03F00103002B7CD0BB6903F0010341
:10019000002B23D07B681B6801229A60BB6903F0A7
:1001A0000203002B03D0786800F083F916E0BB69E6
:1001B00003F00403002B04D07B6A43F400637B62EA
:1001C0000CE0BB6903F00803002B04D07B6A43F406
:1001D00080537B6202E0786800F089F9BB6903F420
:1001E0008073002B24D07B681B684FF480729A6068
:1001F000BB6903F40073002B03D0786800F063F947
:1002000016E0BB6903F48063002B04D07B6A43F4DF
:1002100000537B620CE0BB6903F40063002B04D045
:100220007B6A43F480437B6202E0786800F069F9FE
:10023000BB6903F48033002B24D07B681B684FF428
:1002400080329A60BB6903F40033002B03D07868D6
:1002500000F043F916E0BB6903F48023002B04D0BF
:100260007B6A43F400437B620CE0BB6903F4002328
:10027000002B04D07B6A43F480337B6202E0786811
:1002800000F049F93B6A03F00803002B0CD07B69AE
:1002900003F01003002B07D07B6A43F400737B62EA
:1002A0007B681B681022DA603B6A03F00403002BB2
:1002B0000BD07B6903F00803002B06D07B681B681A
:1002C0000822DA60786800F030F93B6A03F0020334
:1002D000002B09D07B681B68DB6803F00303002B4D
:1002E00002D07868F6F7B8F93B6A03F04003002BB8
:1002F0000CD03B6903F01003002B07D07B6A43F45A
:1003000080637B627B681B6810221A613B6A03F082
:100310002003002B0BD03B6903F00803002B06D011
:100320007B681B6808221A61786800F008F93B6A4C
:1003300003F01003002B09D07B681B681B6903F0D6
:100340000303002B02D07868F6F7A6F93B6A03F4A2
:100350000033002B0BD0FB6903F01003002B06D0F9
:100360007B681B6810225A60786800F0F2F83B6ADC
:1003700003F48033002B0BD0FB6903F00803002B40
:1003800006D07B681B6808225A60786800F0EBF89A
:100390003B6A03F40043002B7BD0FB6903F00403AA
:1003A000002B72D03B6A03F48073002B08D0FB68EB
:1003B00003F00103002B03D07B6A43F001037B624F
:1003C0003B6A03F40073002B08D0FB6803F00203C0
:1003D000002B03D07B6A43F002037B623B6A03F489
:1003E0008063002B08D0FB6803F00403002B03D0CC
:1003F0007B6A43F004037B623B6A03F40063002BD7
:1004000043D0FB6803F07003002B3ED0FB6803F081
:100410007003602B2BD0602B2ED8502B22D0502B6A
:100420002AD8402B19D0402B26D8302B10D0302B77
:1004300022D8102B02D0202B05D01DE07B6A43F080
:1004400008037B6219E07B6A43F010037B6214E0CF
:100450007B6A43F020037B620FE07B6A43F040033A
:100460007B620AE07B6A43F080037B6205E07B6A83
:1004700043F480737B6200E000BF7B681B689A696D
:100480007B681B6822F070029A617B681B680422FB
:100490005A607B6A002B08D07B685A6A7B6A1A43D1
:1004A0007B685A62786800F068F800BF2837BD465C
:1004B00080BD80B483B000AF786000BF0C37BD460C
:1004C0005DF8047B704780B483B000AF786000BFF4
:1004D0000C37BD465DF8047B704780B483B000AF35
:1004E000786000BF0C37BD465DF8047B704780B470
:1004F00083B000AF786000BF0C37BD465DF8047B69
:10050000704780B483B000AF786000BF0C37BD4641
:100510005DF8047B704780B483B000AF786000BFA3
:100520000C37BD465DF8047B704780B483B000AFE4
:10053000786000BF0C37BD465DF8047B704780B41F
:1005400083B000AF786000BF0C37BD465DF8047B18
:10055000704780B483B000AF786000BF0C37BD46F1
:100560005DF8047B704780B483B000AF786000BF53
:100570000C37BD465DF8047B704780B483B000AF94
:10058000786000BF0C37BD465DF8047B7047000003
:1005900080B485B000AF78607B6803F00703FB6030
:1005A0000C4BDB68BB60BA684FF6FF031340BB60BF
:1005B000FB681A02BB68134343F0BF6343F4003384
:1005C000BB60044ABB68D36000BF1437BD465DF80A
:1005D000047B704700ED00E080B400AF044BDB68A3
:1005E0001B0A03F007031846BD465DF8047B7047FD
:1005F00000ED00E080B483B000AF0346FB7197F9D3
:100600000730002B0BDBFB7903F01F02074997F93A
:1006100007305B09012000FA02F241F8232000BFF5
:100620000C37BD465DF8047B704700BF00E100E079
:1006300080B483B000AF03463960FB7197F907308F
:10064000002B0ADB3B68DAB20C4997F9073012013C
:10065000D2B20B4483F800230AE03B68DAB20849BF
:10066000FB7903F00F03043B1201D2B20B441A765C
:1006700000BF0C37BD465DF8047B704700E100E029
:1006800000ED00E080B489B000AFF860B9607A6036
:10069000FB6803F00703FB61FB69C3F10703042B4D
:1006A00028BF0423BB61FB690433062B02D9FB6915
:1006B000033B00E000237B614FF0FF32BB6902FA8D
:1006C00003F3DA43BB681A407B699A404FF0FF316D
:1006D0007B6901FA03F3D9437B680B401343184647
:1006E0002437BD465DF8047B7047000080B582B0BA
:1006F00000AF78607B68013BB3F1807F01D30123B9
:100700000FE00A4A7B68013B53600F214FF0FF3036
:10071000FFF78EFF054B00229A60044B07221A60F8
:10072000002318460837BD4680BD00BF10E000E03A
:1007300080B582B000AF78607868FFF729FF00BF0E
:100740000837BD4680BD80B586B000AF0346B960AE
:100750007A60FB7300237B61FFF73EFF78617A6864
:10076000B9687869FFF78EFF024697F90F30114696
:100770001846FFF75DFF00BF1837BD4680BD80B546
:1007800082B000AF0346FB7197F907301846FFF7B8
:1007900031FF00BF0837BD4680BD80B582B000AFD5
:1007A00078607868FFF7A2FF034618460837BD4611
:1007B00080BD000080B485B000AF78607B68002BFE
:1007C00001D1012398E07B681B681A464D4B9A4281
:1007D0000FD87B681B681A464B4B13444B4AA2FB4D
:1007E00003231B099A007B685A647B68484A1A6491
:1007F0000EE07B681B681A46464B1344434AA2FB33
:1008000003231B099A007B685A647B68424A1A6476
:100810007B68022283F825207B681B681B68FB60CD
:10082000FB6823F4FF4323F07003FB607B689A6846
:100830007B68DB681A437B681B691A437B685B69CA
:100840001A437B689B691A437B68DB691A437B68A0
:100850001B6A1343FA681343FB607B681B68FA68E2
:100860001A607B689B68B3F5804F39D07B681B6C3E
:10087000274A93421AD1294B1A687B685B6C03F0B4
:100880001C030F2101FA03F3DB43244913400B60DF
:10089000224B1A687B6859687B685B6C03F01C0309
:1008A00001FA03F31D4913430B6019E01C4B1A684E
:1008B0007B685B6C03F01C030F2101FA03F3DB433D
:1008C000174913400B60164B1A687B6859687B68A0
:1008D0005B6C03F01C0301FA03F3114913430B6033
:1008E0007B680022DA637B68012283F825207B681D
:1008F000002283F82420002318461437BD465DF8F3
:10090000047B704707040240F8FFFDBFCDCCCCCC80
:1009100000000240F8FBFDBF00040240A8000240B6
:10092000A804024080B586B000AFF860B9607A6074
:100930003B600023FB75FB6893F82430012B01D149
:1009400002234BE0FB68012283F82420FB6893F824
:100950002530DBB2012B3AD1FB68022283F8252037
:10096000FB680022DA63FB681B681A68FB681B6877
:1009700022F001021A603B687A68B968F86800F0F2
:100980005FF9FB681B6B002B08D0FB681B681A68BB
:10099000FB681B6842F00E021A600FE0FB681B68E0
:1009A0001A68FB681B6822F004021A60FB681B6867
:1009B0001A68FB681B6842F00A021A60FB681B6831
:1009C0001A68FB681B6842F001021A6005E0FB68C8
:1009D000002283F824200223FB75FB7D184618377C
:1009E000BD4680BD80B485B000AF78600023FB7346
:1009F0007B6893F82530DBB2022B08D07B68042299
:100A0000DA637B68002283F82420012322E07B68DC
:100A10001B681A687B681B6822F00E021A607B68EC
:100A20001B681A687B681B6822F001021A607B68E9
:100A30005B6C03F01C027B681B6C012101FA02F263
:100A40005A607B68012283F825207B68002283F8A6
:100A50002420FB7B18461437BD465DF8047B7047A5
:100A600080B584B000AF78600023FB737B6893F897
:100A70002530DBB2022B05D07B680422DA63012328
:100A8000FB7329E07B681B681A687B681B6822F08F
:100A90000E021A607B681B681A687B681B6822F06C
:100AA00001021A607B685B6C03F01C027B681B6CA4
:100AB000012101FA02F25A607B68012283F82520A5
:100AC0007B68002283F824207B689B6B002B03D07B
:100AD0007B689B6B78689847FB7B18461037BD4650
:100AE00080BD80B584B000AF78607B681B6C1B68EC
:100AF000FB607B681B681B68BB607B685B6C03F0FA
:100B00001C0304229A40FB681340002B26D0BB68CC
:100B100003F00403002B21D07B681B681B6803F0E3
:100B20002003002B07D17B681B681A687B681B6851
:100B300022F004021A607B685B6C03F01C027B6885
:100B40001B6C042101FA02F25A607B681B6B002BBC
:100B500071D07B681B6B786898476CE07B685B6C36
:100B600003F01C0302229A40FB681340002B2ED096
:100B7000BB6803F00203002B29D07B681B681B684D
:100B800003F02003002B0BD17B681B681A687B687D
:100B90001B6822F00A021A607B68012283F8252074
:100BA0007B685B6C03F01C027B681B6C022101FA02
:100BB00002F25A607B68002283F824207B68DB6A9B
:100BC000002B38D07B68DB6A7868984733E07B6815
:100BD0005B6C03F01C0308229A40FB681340002B57
:100BE0002AD0BB6803F00803002B25D07B681B6864
:100BF0001A687B681B6822F00E021A607B685B6CC7
:100C000003F01C027B681B6C012101FA02F25A609E
:100C10007B680122DA637B68012283F825207B68E8
:100C2000002283F824207B685B6B002B04D07B6858
:100C30005B6B7868984700BF00BF1037BD4680BD2A
:100C400080B485B000AFF860B9607A603B60FB6843
:100C50005B6C03F01C02FB681B6C012101FA02F2C1
:100C60005A60FB681B683A685A60FB689B68102BE7
:100C700008D1FB681B687A689A60FB681B68BA68D1
:100C8000DA6007E0FB681B68BA689A60FB681B685B
:100C90007A68DA6000BF1437BD465DF8047B7047A0
:100CA00080B487B000AF7860396000237B6154E185
:100CB0003B681A6801217B6901FA03F31340FB606A
:100CC000FB68002B00F046813B685B6803F0030380
:100CD000012B05D03B685B6803F00303022B30D186
:100CE0007B689B683B617B695B00032202FA03F32C
:100CF000DB433A6913403B613B68DA687B695B0020
:100D000002FA03F33A6913433B617B683A699A60DC
:100D10007B685B683B6101227B6902FA03F3DB437A
:100D20003A6913403B613B685B681B0903F00102B1
:100D30007B6902FA03F33A6913433B617B683A69C2
:100D40005A603B685B6803F00303032B17D07B6892
:100D5000DB683B617B695B00032202FA03F3DB4340
:100D60003A6913403B613B689A687B695B0002FA11
:100D700003F33A6913433B617B683A69DA603B6885
:100D80005B6803F00303022B23D17B69DA087B68DD
:100D9000083253F822303B617B6903F007039B0064
:100DA0000F2202FA03F3DB433A6913403B613B68CD
:100DB0001A697B6903F007039B0002FA03F33A699F
:100DC00013433B617B69DA087B680832396943F871
:100DD00022107B681B683B617B695B00032202FA7F
:100DE00003F3DB433A6913403B613B685B6803F004
:100DF00003027B695B0002FA03F33A6913433B6128
:100E00007B683A691A603B685B6803F44033002BE7
:100E100000F0A080584B1B6E574A43F00103136645
:100E2000554B1B6E03F00103BB60BB68534A7B69E3
:100E30009B08023352F823303B617B6903F00303C4
:100E40009B000F2202FA03F3DB433A6913403B6134
:100E50007B68B3F1904F19D07B68494A934213D015
:100E60007B68484A93420DD07B68474A934207D03B
:100E70007B68464A934201D1042308E0072306E039
:100E8000032304E0022302E0012300E000237A6947
:100E900002F00302920093403A6913433B613749E1
:100EA0007B699B0802333A6941F82320384B9B68E1
:100EB0003B61FB68DB433A6913403B613B685B681D
:100EC00003F48013002B03D03A69FB6813433B61A2
:100ED0002F4A3B6993602E4BDB683B61FB68DB4329
:100EE0003A6913403B613B685B6803F40013002BD5
:100EF00003D03A69FB6813433B61254A3B69D360E1
:100F0000234B5B683B61FB68DB433A6913403B6101
:100F10003B685B6803F40033002B03D03A69FB683D
:100F200013433B611A4A3B695360194B1B683B6191
:100F3000FB68DB433A6913403B613B685B6803F441
:100F40008033002B03D03A69FB6813433B61104A9E
:100F50003B6913607B6901337B613B681A687B697D
:100F600022FA03F3002B7FF4A3AE00BF00BF1C37AF
:100F7000BD465DF8047B7047001002400000014050
:100F80000004004800080048000C00480010004819
:100F90000004014080B485B000AF78600B467B80D0
:100FA0007B681A697B881340002B02D00123FB73F6
:100FB00001E00023FB73FB7B18461437BD465DF848
:100FC000047B704780B483B000AF78600B467B80B1
:100FD00013467B707B78002B03D07A887B689A61FC
:100FE00002E07A887B689A6200BF0C37BD465DF8E4
:100FF000047B704780B485B000AF78600B467B807F
:101000007B685B69FB607A88FB6813401A04FB68A5
:10101000D9437B880B401A437B689A6100BF143721
:10102000BD465DF8047B704780B582B000AF0346D3
:10103000FB80084B5A69FB881340002B06D0054AF9
:10104000FB885361FB881846F7F760FD00BF08373F
:10105000BD4680BD0004014080B584B000AF78601B
:101060007B68002B01D1012341E07B681B684CF6B3
:10107000CC421A607B681B6845F255521A607B6847
:101080001B687A6852685A607B681B687A68926845
:101090009A60FCF733FFF8600FE0FCF72FFF024681
:1010A000FB68D31A312B08D97B681B68DB6803F017
:1010B0000703002B01D0032319E07B681B68DB6862
:1010C00003F00703002BE8D17B681B681A697B6873
:1010D000DB689A4205D07B681B687A68D2681A611F
:1010E00004E07B681B684AF6AA221A6000231846AF
:1010F0001037BD4680BD80B483B000AF78607B6898
:101100001B684AF6AA221A60002318460C37BD460F
:101110005DF8047B7047000080B400AF044B1B688F
:1011200003F4C0631846BD465DF8047B704700BFFA
:101130000070004080B485B000AF78607B68B3F584
:10114000007F30D1234B1B6803F4C063B3F5007FED
:1011500038D0204B1B6823F4C0631E4A43F400734D
:1011600013601D4B1B68322202FB03F31B4AA2FBD8
:1011700003239B0C0133FB6002E0FB68013BFB6037
:10118000144B5B6903F48063B3F5806F02D1FB6895
:10119000002BF2D10F4B5B6903F48063B3F5806FD2
:1011A00010D103230FE00B4B1B6803F4C063B3F5AE
:1011B000806F07D0074B1B6823F4C063054A43F4D4
:1011C00080631360002318461437BD465DF8047B26
:1011D000704700BF007000404C01002083DE1B43BD
:1011E00080B588B000AF78607B68002B02D1012306
:1011F00000F010BC964B9B6803F00C03BB61944B52
:10120000DB6803F003037B617B681B6803F010035A
:10121000002B00F0E480BB69002B07D0BB690C2BCE
:1012200040F08B807B69012B40F08780884B1B68E6
:1012300003F00203002B05D07B689B69002B01D1D2
:101240000123E7E37B681A6A814B1B6803F00803FC
:10125000002B04D07E4B1B6803F0F00305E07C4BB1
:10126000D3F894301B0903F0F003934223D27B6838
:101270001B6A184600F07AFD0346002B01D00123BB
:10128000C8E3734B1B68724A43F008031360704B4A
:101290001B6823F0F0027B681B6A6D4913430B60E7
:1012A0006B4B5B6823F47F427B68DB691B026849F8
:1012B00013434B6025E0664B1B68654A43F0080307
:1012C0001360634B1B6823F0F0027B681B6A604964
:1012D00013430B605E4B5B6823F47F427B68DB69E2
:1012E0001B025B4913434B60BB69002B09D17B6830
:1012F0001B6A184600F03AFD0346002B01D001237B
:1013000088E300F06FFC0246514B9B681B0903F019
:101310000F035049CB5C03F01F0322FA03F34E4A3C
:1013200013604E4B1B681846FCF798FD0346FB7391
:10133000FB7B002B52D0FB7B6CE37B689B69002B13
:1013400032D0434B1B68424A43F001031360FCF761
:10135000D5FD386108E0FCF7D1FD02463B69D31AA0
:10136000022B01D9032355E3394B1B6803F0020319
:10137000002BF0D0364B1B68354A43F0080313604E
:10138000334B1B6823F0F0027B681B6A3049134320
:101390000B602F4B5B6823F47F427B68DB691B0289
:1013A0002B4913434B601AE0294B1B68284A23F052
:1013B00001031360FCF7A2FD386108E0FCF79EFD15
:1013C00002463B69D31A022B01D9032322E3204BA7
:1013D0001B6803F00203002BF0D100E000BF7B6824
:1013E0001B6803F00103002B73D0BB69082B05D0E9
:1013F000BB690C2B0ED17B69032B0BD1144B1B68E3
:1014000003F40033002B63D07B685B68002B5FD153
:101410000123FFE27B685B68B3F5803F06D10C4B8C
:101420001B680B4A43F48033136025E07B685B68DC
:10143000B3F5A02F14D1064B1B68054A43F4802353
:101440001360034B1B68024A43F48033136013E0BC
:10145000001002404C8301084C0100205001002084
:10146000A04B1B689F4A23F4803313609D4B1B687D
:101470009C4A23F4802313607B685B68002B13D0A5
:10148000FCF73CFD386108E0FCF738FD02463B699B
:10149000D31A642B01D90323BCE2924B1B6803F4DB
:1014A0000033002BF0D014E0FCF728FD386108E091
:1014B000FCF724FD02463B69D31A642B01D90323B0
:1014C000A8E2884B1B6803F40033002BF0D100E046
:1014D00000BF7B681B6803F00203002B60D0BB6970
:1014E000042B05D0BB690C2B19D17B69022B16D1BB
:1014F0007C4B1B6803F48063002B05D07B68DB68A2
:10150000002B01D1012385E2764B5B6823F0F85272
:101510007B681B691B06734913434B6040E07B6883
:10152000DB68002B23D06F4B1B686E4A43F480733B
:101530001360FCF7E3FC386108E0FCF7DFFC0246CF
:101540003B69D31A022B01D9032363E2654B1B6865
:1015500003F48063002BF0D0624B5B6823F0F852F9
:101560007B681B691B065F4913434B6018E05D4BAA
:101570001B685C4A23F480731360FCF7BFFC38617E
:1015800008E0FCF7BBFC02463B69D31A022B01D9E9
:1015900003233FE2534B1B6803F48063002BF0D11D
:1015A0007B681B6803F00803002B3CD07B685B69F9
:1015B000002B1CD04B4BD3F894304A4A43F0010324
:1015C000C2F89430FCF79AFC386108E0FCF796FC0E
:1015D00002463B69D31A022B01D903231AE2414B7D
:1015E000D3F8943003F00203002BEFD01BE03D4B07
:1015F000D3F894303B4A23F00103C2F89430FCF74F
:101600007DFC386108E0FCF779FC02463B69D31A9F
:10161000022B01D90323FDE1324BD3F8943003F0C0
:101620000203002BEFD17B681B6803F00403002B3F
:1016300000F0A6800023FB772A4B9B6D03F08053BC
:10164000002B0DD1274B9B6D264A43F080539365A9
:10165000244B9B6D03F08053BB60BB680123FB7779
:10166000214B1B6803F48073002B18D11E4B1B68A1
:101670001D4A43F480731360FCF740FC386108E0B6
:10168000FCF73CFC02463B69D31A022B01D9032329
:10169000C0E1154B1B6803F48073002BF0D07B680E
:1016A0009B68012B08D10F4BD3F890300D4A43F0C3
:1016B0000103C2F8903029E07B689B68052B15D1A7
:1016C000084BD3F89030074A43F00403C2F8903037
:1016D000044BD3F89030034A43F00103C2F8903032
:1016E00014E000BF00100240007000409A4BD3F895
:1016F0009030994A23F00103C2F89030964BD3F80A
:101700009030954A23F00403C2F890307B689B68C0
:10171000002B16D0FCF7F2FB38610AE0FCF7EEFB79
:1017200002463B69D31A41F28832934201D903231E
:1017300070E1894BD3F8903003F00203002BEDD019
:1017400015E0FCF7DBFB38610AE0FCF7D7FB02464B
:101750003B69D31A41F28832934201D9032359E1FC
:101760007D4BD3F8903003F00203002BEDD1FB7FCB
:10177000012B05D1784B9B6D774A23F080539365FD
:101780007B681B6803F02003002B3CD07B685B6AFE
:10179000002B1CD0704BD3F898306F4A43F00103F4
:1017A000C2F89830FCF7AAFB386108E0FCF7A6FB0A
:1017B00002463B69D31A022B01D903232AE1664B67
:1017C000D3F8983003F00203002BEFD01BE0624BFC
:1017D000D3F89830604A23F00103C2F89830FCF740
:1017E0008DFB386108E0FCF789FB02463B69D31AA0
:1017F000022B01D903230DE1574BD3F8983003F0A6
:101800000203002BEFD17B689B6A002B00F0018163
:101810007B689B6A022B40F0C9804F4BDB687B6181
:101820007B6903F003027B68DB6A9A422CD17B69F7
:1018300003F070027B681B6B013B1B019A4223D1B2
:101840007B6903F4FE427B685B6B1B029A421BD1EF
:101850007B6903F078427B689B6BDB069A4213D16D
:101860007B6903F4C0027B68DB6B5B08013B5B05B3
:101870009A4209D17B6903F0C0627B681B6C5B08EC
:10188000013B5B069A426BD0BB690C2B62D0324B9A
:101890001B6803F08063002B01D00123BAE02E4BBC
:1018A0001B682D4A23F080731360FCF727FB386117
:1018B00008E0FCF723FB02463B69D31A022B01D94F
:1018C0000323A7E0244B1B6803F00073002BF0D127
:1018D000214BDA68214B13407A68D16A7A68126B1F
:1018E000013A120111437A68526B120211437A686D
:1018F000D26B5208013A520511437A68126C5208B1
:10190000013A520611437A68926BD2060A43124991
:101910001343CB60104B1B680F4A43F08073136076
:101920000D4BDB680C4A43F08073D360FCF7E6FA9A
:10193000386108E0FCF7E2FA02463B69D31A022B51
:1019400001D9032366E0044B1B6803F00073002BEE
:10195000F0D05EE001235DE0001002408C809D012C
:101960002E4B1B6803F00073002B52D12B4B1B68CE
:101970002A4A43F080731360284BDB68274A43F000
:101980008073D360FCF7BAFA386108E0FCF7B6FA66
:1019900002463B69D31A022B01D903233AE01F4BBD
:1019A0001B6803F00073002BF0D032E0BB690C2BF6
:1019B0002DD01A4B1B68194A23F080731360174B04
:1019C0001B6803F00063002B05D1144BDB68134A3E
:1019D00023F00303D360114BDB68104A23F08873B4
:1019E00023F48033D360FCF789FA386108E0FCF710
:1019F00085FA02463B69D31A022B01D9032309E079
:101A0000064B1B6803F00073002BF0D101E00123AB
:101A100000E0002318462037BD4680BD001002407C
:101A200080B584B000AF786039607B68002B01D14D
:101A30000123C8E0664B1B6803F007033A689A422B
:101A400010D9634B1B6823F0070261493B681343BD
:101A50000B605F4B1B6803F007033A689A4201D0A2
:101A60000123B0E07B681B6803F00103002B4CD01E
:101A70007B685B68032B07D1564B1B6803F0007330
:101A8000002B21D101239EE07B685B68022B07D1EC
:101A9000504B1B6803F40033002B15D1012392E057
:101AA0007B685B68002B07D14A4B1B6803F002037D
:101AB000002B09D1012386E0464B1B6803F48063A9
:101AC000002B01D101237EE0424B9B6823F00302EF
:101AD0007B685B683F4913438B60FCF70FFAF86043
:101AE0000AE0FCF70BFA0246FB68D31A41F288328F
:101AF000934201D9032366E0364B9B6803F00C0246
:101B00007B685B689B009A42EBD17B681B6803F0A3
:101B10000203002B08D02F4B9B6823F0F0027B6858
:101B20009B682C4913438B60294B1B6803F0070308
:101B30003A689A4210D2264B1B6823F007022449C8
:101B40003B6813430B60224B1B6803F007033A68A2
:101B50009A4201D0012336E07B681B6803F004033E
:101B6000002B08D01B4B9B6823F4E0627B68DB688A
:101B7000184913438B607B681B6803F00803002B34
:101B800009D0144B9B6823F460527B681B69DB000F
:101B9000104913438B6000F025F802460D4B9B68FB
:101BA0001B0903F00F030C49CB5C03F01F0322FA5F
:101BB00003F30A4A13600A4B1B681846FCF74EF9F8
:101BC0000346FB72FB7A18461037BD4680BD00BF46
:101BD00000200240001002404C8301084C0100200C
:101BE0005001002080B489B000AF0023FB610023C6
:101BF000BB613E4B9B6803F00C033B613B4BDB68D6
:101C000003F00303FB603B69002B05D03B690C2B01
:101C100021D1FB68012B1ED1344B1B6803F0080354
:101C2000002B07D1314BD3F894301B0A03F00F037C
:101C3000FB6105E02D4B1B681B0903F00F03FB61E3
:101C40002B4AFB6952F82330FB613B69002B0DD115
:101C5000FB69BB610AE03B69042B02D1254BBB61E8
:101C600004E03B69082B01D1234BBB613B690C2B82
:101C700034D11E4BDB6803F00303BB60BB68022B4F
:101C800003D0BB68032B03D005E01A4B7B6105E052
:101C9000194B7B6102E0FB697B6100BF134BDB6882
:101CA0001B0903F0070301337B60104BDB681B0A41
:101CB00003F07F037A6903FB02F27B68B2FBF3F364
:101CC0007B610A4BDB685B0E03F0030301335B00AF
:101CD0003B607A693B68B2FBF3F3BB61BB691846B2
:101CE0002437BD465DF8047B704700BF00100240FA
:101CF000648301080024F40000127A0080B400AF6D
:101D0000034B1B681846BD465DF8047B704700BF57
:101D10004C01002080B500AFFFF7F0FF0246064BF4
:101D20009B681B0A03F007030449CB5C03F01F0305
:101D300022FA03F3184680BD001002405C830108BC
:101D400080B500AFFFF7DAFF0246064B9B68DB0A5F
:101D500003F007030449CB5C03F01F0322FA03F3EB
:101D6000184680BD001002405C83010880B586B033
:101D700000AF786000233B612A4B9B6D03F08053DA
:101D8000002B03D0FFF7C8F9786114E0254B9B6D59
:101D9000244A43F080539365224B9B6D03F080539C
:101DA000FB60FB68FFF7B8F978611E4B9B6D1D4A1D
:101DB00023F0805393657B69B3F5007F0BD17B687B
:101DC000802B19D97B68A02B02D902233B6113E039
:101DD00001233B6110E07B68802B02D903233B6128
:101DE0000AE07B68802B02D102233B6104E07B6820
:101DF000702B01D101233B610B4B1B6823F00702C1
:101E000009493B6913430B60074B1B6803F0070349
:101E10003A699A4201D0012300E00023184618379E
:101E2000BD4680BD001002400020024080B586B053
:101E300000AF78600023FB740023BB747B681B68D1
:101E400003F40063002B31D07B685B6CB3F5400F6B
:101E50001AD0B3F5400F14D8002B09D0B3F5000FFA
:101E60000FD15D4BDB685C4A43F48033D3600CE0F8
:101E70007B6804330021184600F0F0F90346FB7438
:101E800003E00123FB7400E000BFFB7C002B0BD1BF
:101E9000514BD3F8883023F440027B685B6C4E4989
:101EA0001343C1F8883001E0FB7CBB747B681B687E
:101EB00003F40033002B00F09E8000237B74464B1C
:101EC0009B6D03F08053002B01D1012300E0002320
:101ED000002B0DD0404B9B6D3F4A43F080539365E0
:101EE0003D4B9B6D03F08053BB60BB6801237B744B
:101EF0003A4B1B68394A43F480731360FBF7FEFFCB
:101F0000F86009E0FBF7FAFF0246FB68D31A022BE0
:101F100002D90323FB7405E0304B1B6803F4807384
:101F2000002BEFD0FB7C002B5AD12B4BD3F89030F9
:101F300003F440737B617B69002B1ED07B689B6D33
:101F40007A699A4219D0244BD3F8903023F4407325
:101F50007B61214BD3F890301F4A43F48033C2F8A1
:101F600090301D4BD3F890301B4A23F48033C2F8D5
:101F70009030194A7B69C2F890307B6903F0010305
:101F8000002B16D0FBF7BAFFF8600BE0FBF7B6FFAB
:101F90000246FB68D31A41F28832934202D90323E6
:101FA000FB7406E00C4BD3F8903003F00203002BD7
:101FB000ECD0FB7C002B0BD1074BD3F8903023F4F3
:101FC00040727B689B6D04491343C1F8903009E06F
:101FD000FB7CBB7406E000BF0010024000700040B4
:101FE000FB7CBB747B7C012B05D19B4B9B6D9A4A80
:101FF00023F0805393657B681B6803F00103002B7B
:102000000AD0954BD3F8883023F003027B681B6A13
:1020100091491343C1F888307B681B6803F00203C1
:10202000002B0AD08C4BD3F8883023F00C027B684D
:102030005B6A89491343C1F888307B681B6803F0E9
:102040000403002B0AD0844BD3F8883023F03002ED
:102050007B689B6A80491343C1F888307B681B68A2
:1020600003F02003002B0AD07B4BD3F8883023F4F5
:1020700040627B68DB6A78491343C1F888307B682B
:102080001B6803F40073002B0AD0734BD3F888301D
:1020900023F440227B68DB6B6F491343C1F888301F
:1020A0007B681B6803F48063002B0AD06A4BD3F86B
:1020B000883023F440127B681B6C67491343C1F8D6
:1020C00088307B681B6803F04003002B0AD0624B0A
:1020D000D3F8883023F440527B681B6B5E4913436E
:1020E000C1F888307B681B6803F08003002B0AD09E
:1020F000594BD3F8883023F440427B685B6B5649D8
:102100001343C1F888307B681B6803F48073002B8D
:102110000AD0514BD3F8883023F440327B689B6B54
:102120004D491343C1F888307B681B6803F40023D2
:10213000002B28D0484BD3F8883023F040627B68CE
:102140009B6C45491343C1F888307B689B6CB3F1A5
:10215000006F06D1404BDB683F4A43F48013D360E5
:1021600011E07B689B6CB3F1806F0CD17B6804330A
:102170000121184600F072F80346FB74FB7C002B2B
:1021800001D0FB7CBB747B681B6803F48023002BAD
:1021900028D0314BD3F8883023F040627B68DB6C69
:1021A0002D491343C1F888307B68DB6CB3F1006FB5
:1021B00006D1294BDB68284A43F48013D36011E031
:1021C0007B68DB6CB3F1806F0CD17B680433012139
:1021D000184600F043F80346FB74FB7C002B01D04B
:1021E000FB7CBB747B681B6803F48043002B1CD012
:1021F000194BD3F8883023F040527B681B6D164989
:102200001343C1F888307B681B6DB3F1805F0CD13C
:102210007B6804330221184600F020F80346FB7463
:10222000FB7C002B01D0FB7CBB747B681B6803F438
:102230000043002B0AD0084BD3F8883023F08042AB
:102240007B685B6D04491343C1F88830BB7C18463A
:102250001837BD4680BD00BF0010024080B584B075
:1022600000AF786039600023FB73744BDB6803F0C8
:102270000303002B18D0714BDB6803F003027B686B
:102280001B689A420DD17B681B68002B09D06B4BF1
:10229000DB681B0903F007035A1C7B685B689A42E2
:1022A00047D00123FB7344E07B681B68032B18D0E5
:1022B000032B25D8012B02D0022B09D020E05F4B45
:1022C0001B6803F00203002B1DD10123FB731AE0EE
:1022D0005A4B1B6803F48063002B16D10123FB7358
:1022E00013E0564B1B6803F40033002B0FD1534B04
:1022F0001B6803F48023002B09D10123FB7306E044
:102300000123FB7304E000BF02E000BF00E000BF58
:10231000FB7B002B0DD1494BDB6823F073027B68FC
:1023200019687B685B68013B1B010B4343491343FE
:10233000CB60FB7B002B7CD1404B1B683F4A23F0DA
:1023400080631360FBF7DAFDB86009E0FBF7D6FDA8
:102350000246BB68D31A022B02D90323FB7305E0A4
:10236000364B1B6803F00063002BEFD1FB7B002B87
:102370005FD13B68002B10D1304B1B6923F07843B1
:1023800023F4FE437A68926811027A68D268D20612
:102390000A432A4913430B6127E03B68012B12D102
:1023A000264B1B6923F4C00323F4FE437A6892682A
:1023B00011027A6812695208013A52050A431F490C
:1023C00013430B6111E01D4B1B6923F0C06323F421
:1023D000FE437A68926811027A6852695208013A9B
:1023E00052060A43154913430B61144B1B68134AE9
:1023F00043F080631360FBF781FDB86009E0FBF7F1
:102400007DFD0246BB68D31A022B02D90323FB735E
:1024100005E00A4B1B6803F00063002BEFD0FB7B49
:10242000002B06D1054B1A697B689B69034913434E
:102430000B61FB7B18461037BD4680BD0010024083
:1024400080B584B000AF78600123FB737B68002BFC
:102450006CD07B6893F82130DBB2002B06D17B680F
:10246000002283F820207868FBF792F97B6802222B
:1024700083F821207B681B68CA225A627B681B682C
:1024800053225A62786800F049FA0346FB73FB7BDB
:10249000002B4BD17B681B689B687A68126823F419
:1024A000E00323F0400393607B681B6899687B68B6
:1024B0005A687B681B691A437B689B691A437B686F
:1024C0001B680A439A607B681B687A68D2681A6145
:1024D0007B681B6819697B689B681A047B681B68AA
:1024E0000A431A61786800F04DFA0346FB73FB7BE0
:1024F000002B1BD17B681B68DA6C7B681B6822F0A1
:102500000302DA647B681B68D96C7B68DA697B68D4
:102510005B691A437B681B680A43DA647B681B6843
:10252000FF225A627B68012283F82120FB7B184638
:102530001037BD4680BD90B587B000AFF860B96078
:102540007A60FB6893F82030012B01D102238BE0E5
:10255000FB68012283F82020FB68022283F82120F7
:10256000FB681B68CA225A62FB681B6853225A62C6
:10257000F86800F0D3F90346FB74FB7C002B63D1B1
:102580007B68002B26D1FB681B689B6803F0400327
:10259000002B02D1BB680022DA70BB681B7818469A
:1025A00000F02EFA03461C04BB685B78184600F066
:1025B00027FA03461B021C43BB689B78184600F0B1
:1025C0001FFA034644EA0302BB68DB789B0513430A
:1025D0007B6118E0FB681B689B6803F04003002BDD
:1025E00002D1BB680022DA70BB681B781A04BB6892
:1025F0005B781B021343BA6892781A43BB68DB7896
:102600009B0513437B61FB681A687B6903F07F338A
:1026100023F0FE431360FB681B689A68FB681B6825
:1026200022F480229A60FB681B689968BB68DA68AC
:10263000BB681B691A43FB681B680A439A60F86809
:1026400000F0A0F90346FB74FB681B68FF225A6286
:10265000FB7C002B03D1FB68012283F82120FB685F
:10266000002283F82020FB7C18461C37BD4690BD15
:1026700080B586B000AFF860B9607A60FB681B680F
:102680009A6ABB685A60FB681B681B69C3F30E0239
:10269000BB689A60FB681B681B6803F07F3323F0FC
:1026A000FE437B617B691B0CDBB203F03F03DAB2B4
:1026B000BB681A707B691B0ADBB203F07F03DAB2D6
:1026C000BB685A707B69DBB203F07F03DAB2BB6888
:1026D0009A707B699B0DDBB203F00103DAB2BB6831
:1026E000DA707B68002B1AD1BB681B78184600F0A3
:1026F000A7F903461A46BB681A70BB685B78184690
:1027000000F09EF903461A46BB685A70BB689B7876
:10271000184600F095F903461A46BB689A700023E4
:1027200018461837BD4680BD90B587B000AFF86039
:10273000B9607A60FB6893F82030012B01D1022345
:1027400075E0FB68012283F82020FB68022283F8F1
:1027500021207B68002B0ED1BB685B7803F010034F
:10276000002B08D0BB685B7823F01003DBB20A3380
:10277000DAB2BB685A707B68002B1CD1BB68DB786F
:10278000184600F03DF903461C04BB685B78184608
:1027900000F036F903461B021C43BB689B781846C1
:1027A00000F02EF9034644EA0302BB681B785B0382
:1027B00013437B610EE0BB68DB781A04BB685B786F
:1027C0001B021343BA6892781A43BB681B785B03F9
:1027D00013437B61FB681B68CA225A62FB681B6853
:1027E00053225A62F86800F099F80346FB74FB7CA8
:1027F000002B0CD1FB681A687B6923F07F4323F020
:10280000C0035360F86800F0BDF80346FB74FB6832
:102810001B68FF225A62FB7C002B03D1FB6801225C
:1028200083F82120FB68002283F82020FB7C1846D7
:102830001C37BD4690BD80B586B000AFF860B9606A
:102840007A60FB681B685B6823F07F4323F0C0035A
:102850007B617B691B0CDAB2BB68DA707B691B0A8F
:10286000DBB203F01F03DAB2BB685A707B69DBB2DC
:1028700003F03F03DAB2BB689A707B695B0BDBB293
:1028800003F00703DAB2BB681A707B68002B1AD119
:10289000BB68DB78184600F0D3F803461A46BB68DD
:1028A000DA70BB685B78184600F0CAF803461A462F
:1028B000BB685A70BB689B78184600F0C1F80346A5
:1028C0001A46BB689A70002318461837BD4680BD6B
:1028D00080B584B000AF78607B681B68DA687B687D
:1028E0001B6822F0A002DA60FBF708FBF86009E041
:1028F000FBF704FB0246FB68D31AB3F57A7F01D9D4
:10290000032307E07B681B68DB6803F02003002BD0
:10291000EED0002318461037BD4680BD80B584B088
:1029200000AF78600023FB737B681B68DB6803F0F3
:102930004003002B20D17B681B684FF0FF32DA6028
:10294000FBF7DCFAB8600DE0FBF7D8FA0246BB688B
:10295000D31AB3F57A7F05D90323FB737B6803226F
:1029600083F821207B681B68DB6803F04003002BA1
:1029700002D1FB7B032BE7D1FB7B18461037BD460A
:1029800080BD000080B584B000AF78600023FB7389
:102990001A4BDB68194A23F08003D360174B9B68FE
:1029A00003F02003002B0CD17868FFF791FF03465A
:1029B000002B1ED07B68032283F821200323FB73A6
:1029C00017E00E4B9B680D4A23F020039360786854
:1029D000FFF77EFF0346002B05D07B68032283F8B8
:1029E00021200323FB73054B9B68044A43F020031B
:1029F0009360FB7B18461037BD4680BD0028004021
:102A000080B485B000AF0346FB710023FB60FB7907
:102A1000FB7205E0FB680133FB60FB7A0A3BFB724B
:102A2000FB7A092BF6D8FB68DBB21B01DAB2FB7A22
:102A30001343DBB218461437BD465DF8047B70477C
:102A400080B485B000AF0346FB71FB791B09DBB294
:102A50001A46920013445B00FB73FB7903F00F03EB
:102A6000DAB2FB7B1344DBB218461437BD465DF87F
:102A7000047B704780B487B000AFF860B9607A60BB
:102A8000FB681B6850337B61BB689A007B69134409
:102A90007B617B691A467B68136000BF1C37BD46AB
:102AA0005DF8047B704780B485B000AF7860396012
:102AB0007B681B685033FB603B689B00FA681344DB
:102AC000FB60FB681B6818461437BD465DF8047B45
:102AD000704780B584B000AF78607B68002B01D16F
:102AE000012395E07B685B6A002B08D17B685B68FB
:102AF000B3F5827F09D07B680022DA6105E07B684C
:102B000000221A617B6800225A617B6800229A6267
:102B10007B6893F85D30DBB2002B06D17B68002226
:102B200083F85C207868FAF763FE7B68022283F8FA
:102B30005D207B681B681A687B681B6822F0400276
:102B40001A607B68DB68B3F5E06F02D90023FB6095
:102B500002E04FF48053FB607B68DB68B3F5706F75
:102B600007D07B68DB68B3F5E06F02D07B6800229A
:102B70009A627B685B6803F482727B689B6803F4EB
:102B800004431A437B681B6903F002031A437B6802
:102B90005B6903F001031A437B689B6903F40073CC
:102BA0001A437B68DB6903F038031A437B681B6AAE
:102BB00003F0800342EA03017B689B6A03F400523E
:102BC0007B681B680A431A607B689B691B0C03F0D7
:102BD00004027B685B6A03F010031A437B685B6B3B
:102BE00003F008031A437B68DB6803F4706342EA6E
:102BF0000301FB6803F480527B681B680A435A6038
:102C00007B6800221A667B68012283F85D2000231E
:102C100018461037BD4680BD80B586B000AFF8605D
:102C2000B9607A607B800023FB75FB6893F85C30A9
:102C3000012B01D102236CE1FB68012283F85C20A7
:102C4000FB6893F85D30BB75FB685B683B61BB7DDF
:102C5000012B0DD03B69B3F5827F06D1FB689B68E1
:102C6000002B02D1BB7D042B02D00223FB754BE16C
:102C7000BB68002B05D07B68002B02D07B88002B23
:102C800002D10123FB753FE1FB6893F85D30DBB2B5
:102C9000042B03D0FB68052283F85D20FB6800222B
:102CA0001A66FB68BA689A63FB687A889A87FB6839
:102CB0007A88DA87FB687A681A64FB687A88A3F8EE
:102CC0004420FB687A88A3F84620FB680022DA6477
:102CD000FB6800221A65FB681B685A68FB681B6862
:102CE00022F4C0425A60FB68DB68B3F5E06F08D994
:102CF000FB681B685A68FB681B6822F480525A60A4
:102D00006FE0FB681B685A68FB681B6842F48052DE
:102D10005A60FB685B6D9B69B3F5806F26D1FB68D9
:102D20009B8F03F00103002B0FD1FB681B685A68CF
:102D3000FB681B6822F480425A60FB68DB8F9BB201
:102D40005B089AB2FB68DA8710E0FB681B685A6878
:102D5000FB681B6842F480425A60FB68DB8F9BB2C1
:102D60005B089BB201339AB2FB68DA87FB689B6D04
:102D70009B69B3F5806F34D1FB681B685A68FB68A8
:102D80001B6822F480525A60FB68B3F846309BB24D
:102D900003F00103002B11D1FB681B685A68FB6824
:102DA0001B6822F400525A60FB68B3F846309BB2AD
:102DB0005B089AB2FB68A3F8462012E0FB681B6828
:102DC0005A68FB681B6842F400525A60FB68B3F80B
:102DD00046309BB25B089BB201339AB2FB68A3F802
:102DE0004620FB6893F85D30DBB2042B08D1FB680A
:102DF0009B6D4A4A1A63FB689B6D494ADA6207E099
:102E0000FB689B6D474A1A63FB689B6D464ADA6212
:102E1000FB689B6D454A5A63FB689B6D00229A6371
:102E2000FB68986DFB681B680C331946FB681B6CCC
:102E30001A46FB68B3F846309BB2FDF773FD0346B4
:102E4000002B0CD0FB681B6E43F01002FB681A6667
:102E50000123FB75FB68012283F85D2054E0FB68C9
:102E60001B685A68FB681B6842F001025A60FB68E5
:102E70005B6D00221A63FB685B6D0022DA62FB68FF
:102E80005B6D00225A63FB685B6D00229A63FB68EE
:102E9000586DFB689B6B1946FB681B680C331A4620
:102EA000FB68DB8F9BB2FDF73DFD0346002B0CD08A
:102EB000FB681B6E43F01002FB681A660123FB756A
:102EC000FB68012283F85D201EE0FB681B681B681D
:102ED00003F04003402B07D0FB681B681A68FB68AF
:102EE0001B6842F040021A60FB681B685A68FB6866
:102EF0001B6842F020025A60FB681B685A68FB6836
:102F00001B6842F002025A60FB68002283F85C20D2
:102F1000FB7D18461837BD4680BD00BFA5320108AD
:102F20006D310108C132010815320108DD32010896
:102F300080B588B000AF78607B681B685B68FB6118
:102F40007B681B689B68BB61BB699B0903F001033D
:102F5000002B0FD1BB6903F00103002B0AD0FB69E2
:102F60009B0903F00103002B04D07B68DB6C7868BD
:102F70009847D7E0BB695B0803F00103002B0AD038
:102F8000FB69DB0903F00103002B04D07B681B6D98
:102F900078689847C6E0BB695B0903F00103002B22
:102FA0000CD1BB699B0903F00103002B06D1BB695F
:102FB0001B0A03F00103002B00F0B480FB695B09DE
:102FC00003F00103002B00F0AD80BB699B0903F007
:102FD0000103002B23D07B6893F85D30DBB2032B19
:102FE00011D07B681B6E43F004027B681A660023D5
:102FF0007B617B681B68DB687B617B681B689B6807
:103000007B617B690BE000233B617B681B68DB68AD
:103010003B617B681B689B683B613B6982E0BB69E5
:103020005B0903F00103002B14D07B681B6E43F097
:1030300001027B681A660023FB607B681B689B6843
:10304000FB607B681B681A687B681B6822F0400283
:103050001A60FB68BB691B0A03F00103002B0CD04C
:103060007B681B6E43F008027B681A660023BB6016
:103070007B681B689B68BB60BB687B681B6E002B12
:103080004FD07B681B685A687B681B6822F0E0029F
:103090005A607B68012283F85D20FB6903F002031C
:1030A000002B04D1FB6903F00103002B34D07B68B3
:1030B0001B685A687B681B6822F003025A607B68B1
:1030C0009B6D002B11D07B689B6D184A9A637B68BF
:1030D0009B6D1846FDF7C4FC0346002B05D07B68AA
:1030E0001B6E43F040027B681A667B685B6D002BA9
:1030F00016D07B685B6D0D4A9A637B685B6D1846E2
:10310000FDF7AEFC0346002B0AD07B681B6E43F034
:1031100040027B681A6603E07868F9F751F800E02E
:1031200000BF00BF2037BD4680BD00BF1D33010872
:1031300080B483B000AF786000BF0C37BD465DF847
:10314000047B704780B483B000AF786000BF0C3759
:10315000BD465DF8047B704780B483B000AF7860F3
:1031600000BF0C37BD465DF8047B704780B584B066
:1031700000AF78607B689B6AFB60FAF7BFFEB860BF
:103180007B681B681B6803F02003202B3CD0FB6886
:103190001B685A68FB681B6822F020025A60FB68B3
:1031A0009B68002B0DD1FB685B68B3F5827F08D16B
:1031B000FB681B685A68FB681B6822F003025A60B0
:1031C00007E0FB681B685A68FB681B6822F0010275
:1031D0005A60BA686421F86800F0D4F90346002BFD
:1031E00002D0FB6820221A66FB680022A3F8462062
:1031F000FB68012283F85D20FB681B6E002B03D067
:10320000F868F8F7DDFF02E0F868FFF791FF103784
:10321000BD4680BD80B584B000AF78607B689B6A96
:10322000FB60FAF76BFEB8607B681B681B6803F0F5
:103230002003202B30D0FB681B685A68FB681B6892
:1032400022F020025A60BA686421F86800F0F2F9AE
:103250000346002B05D0FB681B6E43F02002FB6881
:103260001A66FB681B685A68FB681B6822F0030239
:103270005A60FB680022DA87FB680022A3F8462028
:10328000FB68012283F85D20FB681B6E002B03D0D6
:10329000F868F8F795FF02E0F868F8F775FF10375F
:1032A000BD4680BD80B584B000AF78607B689B6A06
:1032B000FB60F868FFF746FF00BF1037BD4680BDD2
:1032C00080B584B000AF78607B689B6AFB60F8686B
:1032D000FFF742FF00BF1037BD4680BD80B584B008
:1032E00000AF78607B689B6AFB60FB681B685A686C
:1032F000FB681B6822F003025A60FB681B6E43F0F8
:103300001002FB681A66FB68012283F85D20F868EA
:10331000F8F756FF00BF1037BD4680BD80B584B0BA
:1033200000AF78607B689B6AFB60FB680022A3F8B3
:103330004620FB680022DA87F868F8F741FF00BFF3
:103340001037BD4680BD000080B588B000AFF86082
:10335000B9603B601346FB71FAF7D0FD0246BB6AC9
:103360009B1A3A681344FB61FAF7C8FDB861394B00
:103370001B685B011B0DFA6902FB03F37B6154E0E0
:103380003B68B3F1FF3F50D0FAF7B8FD0246BB6986
:10339000D31AFA699A4202D9FB69002B3DD1FB6826
:1033A0001B685A68FB681B6822F0E0025A60FB68E1
:1033B0005B68B3F5827F11D1FB689B68B3F5004F62
:1033C00004D0FB689B68B3F5806F07D1FB681B686E
:1033D0001A68FB681B6822F040021A60FB689B6A4F
:1033E000B3F5005F0FD1FB681B681A68FB681B68A8
:1033F00022F400521A60FB681B681A68FB681B689D
:1034000042F400521A60FB68012283F85D20FB68D9
:10341000002283F85C20032317E07B69002B01D195
:103420000023FB617B69013B7B61FB681B689A6839
:10343000BB681340BA689A420CBF01230023DBB279
:103440001A46FB799A429BD1002318462037BD4685
:1034500080BD00BF4C01002080B58AB000AFF8608D
:10346000B9607A603B600023FB75FAF747FD0246BE
:103470003B6B9B1A3A6813447B62FAF73FFD386254
:10348000FB681B680C33FB613D4B1A6813469B00BD
:103490001344DA00D31A1B0D7A6A02FB03F3BB61F3
:1034A00060E0BB68B3F5C06F07D17B68002B04D127
:1034B000FB691B78DBB2FB75FB7D3B68B3F1FF3F1B
:1034C00050D0FAF71BFD02463B6AD31A7A6A9A4239
:1034D00002D97B6A002B3DD1FB681B685A68FB68E8
:1034E0001B6822F0E0025A60FB685B68B3F5827FDC
:1034F00011D1FB689B68B3F5004F04D0FB689B6853
:10350000B3F5806F07D1FB681B681A68FB681B68FE
:1035100022F040021A60FB689B6AB3F5005F0FD18E
:10352000FB681B681A68FB681B6822F400521A606B
:10353000FB681B681A68FB681B6842F400521A603B
:10354000FB68012283F85D20FB68002283F85C2081
:10355000032310E0BB69002B01D100237B62BB6910
:10356000013BBB61FB681B689A68BB6813407A68C3
:103570009A4296D1002318462837BD4680BD00BF29
:103580004C01002080B586B002AFF860B9607A6067
:10359000FB685B68B3F5827F11D1FB689B68B3F56C
:1035A000004F04D0FB689B68B3F5806F07D1FB68C0
:1035B0001B681A68FB681B6822F040021A607B686F
:1035C0000093BB6800228021F868FFF7BDFE034628
:1035D000002B07D0FB681B6E43F02002FB681A66C5
:1035E000032323E0FB685B68B3F5827F1DD1FB6892
:1035F0009B68B3F5004F04D0FB689B68B3F5806F00
:1036000013D17B680093BB6800224FF4C061F86857
:10361000FFF722FF0346002B07D0FB681B6E43F029
:103620002002FB681A66032300E0002318461037C7
:10363000BD4680BD80B586B002AFF860B9607A60E3
:103640007B680093BB6800224FF4C051F868FFF715
:1036500003FF0346002B07D0FB681B6E43F02002DC
:10366000FB681A66032327E07B680093BB6800228F
:103670008021F868FFF768FE0346002B07D0FB683F
:103680001B6E43F02002FB681A66032314E07B687C
:103690000093BB6800224FF4C061F868FFF7DCFEBE
:1036A0000346002B07D0FB681B6E43F02002FB682B
:1036B0001A66032300E0002318461037BD4680BD7C
:1036C00080B582B000AF78607B68002B01D1012308
:1036D00049E07B6893F83D30DBB2002B06D17B6874
:1036E000002283F83C207868FAF728F97B680222E8
:1036F00083F83D207B681A687B68043319461046BE
:1037000000F02CFD7B68012283F848207B680122B1
:1037100083F83E207B68012283F83F207B680122EA
:1037200083F840207B68012283F841207B680122D6
:1037300083F842207B68012283F843207B680122C2
:1037400083F844207B68012283F845207B680122AE
:1037500083F846207B68012283F847207B6801229A
:1037600083F83D20002318460837BD4680BD80B54C
:1037700082B000AF78607B68002B01D1012349E063
:103780007B6893F83D30DBB2002B06D17B680022CA
:1037900083F83C20786800F041F87B68022283F8C7
:1037A0003D207B681A687B6804331946104600F098
:1037B000D5FC7B68012283F848207B68012283F8CE
:1037C0003E207B68012283F83F207B68012283F83A
:1037D00040207B68012283F841207B68012283F826
:1037E00042207B68012283F843207B68012283F812
:1037F00044207B68012283F845207B68012283F8FE
:1038000046207B68012283F847207B68012283F8E9
:103810003D20002318460837BD4680BD80B483B0E4
:1038200000AF786000BF0C37BD465DF8047B704781
:1038300080B584B000AF786039603B68002B09D157
:103840007B6893F83E30DBB2012B14BF01230023C9
:10385000DBB23CE03B68042B09D17B6893F83F3036
:10386000DBB2012B14BF01230023DBB22FE03B6846
:10387000082B09D17B6893F84030DBB2012B14BFD1
:1038800001230023DBB222E03B680C2B09D17B68CB
:1038900093F84130DBB2012B14BF01230023DBB2CC
:1038A00015E03B68102B09D17B6893F84230DBB2FE
:1038B000012B14BF01230023DBB208E07B6893F8DF
:1038C0004330DBB2012B14BF01230023DBB2002BFA
:1038D00001D001237EE03B68002B04D17B680222EB
:1038E00083F83E2023E03B68042B04D17B6802224E
:1038F00083F83F201BE03B68082B04D17B68022241
:1039000083F8402013E03B680C2B04D17B68022233
:1039100083F841200BE03B68102B04D17B68022226
:1039200083F8422003E07B68022283F843207B680F
:103930001B6801223968184600F08CFF7B681B6801
:10394000264A934209D07B681B68254A934204D0DB
:103950007B681B68234A934201D1012300E00023C6
:10396000002B07D07B681B685A6C7B681B6842F48D
:1039700000425A647B681B68184A934209D07B68EE
:103980001B68B3F1804F04D07B681B68144A9342D4
:1039900015D17B681B689A68134B1340FB60FB686A
:1039A000062B15D0FB68B3F5803F11D07B681B68F0
:1039B0001A687B681B6842F001021A6008E07B68A5
:1039C0001B681A687B681B6842F001021A6000E0FD
:1039D00000BF002318461037BD4680BD002C0140B3
:1039E00000400140004401400700010080B582B062
:1039F00000AF786039607B681B6800223968184620
:103A000000F028FF7B681B68394A934209D07B6825
:103A10001B68384A934204D07B681B68364A93423D
:103A200001D1012300E00023002B17D07B681B6825
:103A30001A6A41F211131340002B0FD17B681B68E7
:103A40001A6A40F244431340002B07D17B681B687D
:103A50005A6C7B681B6822F400425A647B681B68BE
:103A60001A6A41F211131340002B0FD17B681B68B7
:103A70001A6A40F244431340002B07D17B681B684D
:103A80001A687B681B6822F001021A603B68002BF1
:103A900004D17B68012283F83E2023E03B68042B9D
:103AA00004D17B68012283F83F201BE03B68082B90
:103AB00004D17B68012283F8402013E03B680C2B83
:103AC00004D17B68012283F841200BE03B68102B76
:103AD00004D17B68012283F8422003E07B68012245
:103AE00083F84320002318460837BD4680BD00BF39
:103AF000002C0140004001400044014080B582B0EC
:103B000000AF78607B681B681B6903F00203022B1F
:103B100022D17B681B68DB6803F00203022B1BD1F8
:103B20007B681B686FF002021A617B6801221A77BA
:103B30007B681B689B6903F00303002B03D0786844
:103B400000F0EDFA05E0786800F0DFFA786800F040
:103B5000F0FA7B6800221A777B681B681B6903F008
:103B60000403042B22D17B681B68DB6803F0040389
:103B7000042B1BD17B681B686FF004021A617B6801
:103B800002221A777B681B689B6903F44073002B41
:103B900003D0786800F0C3FA05E0786800F0B5FA61
:103BA000786800F0C6FA7B6800221A777B681B6889
:103BB0001B6903F00803082B22D17B681B68DB68B4
:103BC00003F00803082B1BD17B681B686FF0080209
:103BD0001A617B6804221A777B681B68DB6903F033
:103BE0000303002B03D0786800F099FA05E07868A9
:103BF00000F08BFA786800F09CFA7B6800221A7754
:103C00007B681B681B6903F01003102B22D17B68B3
:103C10001B68DB6803F01003102B1BD17B681B684B
:103C20006FF010021A617B6808221A777B681B68A4
:103C3000DB6903F44073002B03D0786800F06FFA5F
:103C400005E0786800F061FA786800F072FA7B6845
:103C500000221A777B681B681B6903F00103012BA4
:103C60000ED17B681B68DB6803F00103012B07D1D1
:103C70007B681B686FF001021A61786800F03BFAFC
:103C80007B681B681B6903F08003802B0ED17B6867
:103C90001B68DB6803F08003802B07D17B681B68FF
:103CA0006FF080021A61786800F06AFE7B681B681A
:103CB0001B6903F48073B3F5807F0ED17B681B68AA
:103CC000DB6803F08003802B07D17B681B686FF4EF
:103CD00080721A61786800F05DFE7B681B681B6962
:103CE00003F04003402B0ED17B681B68DB6803F0B8
:103CF0004003402B07D17B681B686FF040021A61BC
:103D0000786800F020FA7B681B681B6903F02003C9
:103D1000202B0ED17B681B68DB6803F02003202B6F
:103D200007D17B681B686FF020021A61786800F089
:103D30001DFE00BF0837BD4680BD000080B586B0BF
:103D400000AFF860B9607A600023FB75FB6893F8F8
:103D50003C30012B01D10223FFE0FB68012283F8F4
:103D60003C207B68142B00F2F08001A252F823F073
:103D7000C53D01084B3F01084B3F01084B3F01087F
:103D8000053E01084B3F01084B3F01084B3F01082E
:103D9000473E01084B3F01084B3F01084B3F0108DC
:103DA000873E01084B3F01084B3F01084B3F01088C
:103DB000C93E01084B3F01084B3F01084B3F01083A
:103DC000093F0108FB681B68B968184600F02AFA29
:103DD000FB681B689A69FB681B6842F008029A61DD
:103DE000FB681B689A69FB681B6822F004029A61F1
:103DF000FB681B689969BB681A69FB681B680A4302
:103E00009A61A5E0FB681B68B968184600F086FA5D
:103E1000FB681B689A69FB681B6842F400629A6140
:103E2000FB681B689A69FB681B6822F480629A61D0
:103E3000FB681B689969BB681B691A02FB681B68F1
:103E40000A439A6184E0FB681B68B968184600F071
:103E5000DFFAFB681B68DA69FB681B6842F008023E
:103E6000DA61FB681B68DA69FB681B6822F00402F0
:103E7000DA61FB681B68D969BB681A69FB681B6853
:103E80000A43DA6164E0FB681B68B968184600F011
:103E900037FBFB681B68DA69FB681B6842F4006249
:103EA000DA61FB681B68DA69FB681B6822F48062D0
:103EB000DA61FB681B68D969BB681B691A02FB6879
:103EC0001B680A43DA6143E0FB681B68B96818465F
:103ED00000F074FBFB681B685A6DFB681B6842F0BE
:103EE00008025A65FB681B685A6DFB681B6822F064
:103EF00004025A65FB681B68596DBB681A69FB6848
:103F00001B680A435A6523E0FB681B68B9681846BA
:103F100000F0ACFBFB681B685A6DFB681B6842F441
:103F200000625A65FB681B685A6DFB681B6822F4C7
:103F300080625A65FB681B68596DBB681B691A0271
:103F4000FB681B680A435A6502E00123FB7500BF4A
:103F5000FB68002283F83C20FB7D18461837BD46DD
:103F600080BD00BF80B584B000AF786039600023A9
:103F7000FB737B6893F83C30012B01D10223B6E040
:103F80007B68012283F83C207B68022283F83D2075
:103F90007B681B689B68BB60BB6823F4803323F09D
:103FA0007703BB60BB6823F47F43BB607B681B68FF
:103FB000BA689A603B681B68B3F5005F3ED0B3F502
:103FC000005F00F28780B3F5805F00F08680B3F574
:103FD000805F7FD8702B1AD0702B7BD8602B50D08D
:103FE000602B77D8502B3CD0502B73D8402B58D017
:103FF000402B6FD8302B64D0302B6BD8202B60D067
:10400000202B67D8002B5CD0102B5AD062E07B6845
:1040100018683B6899683B685A683B68DB6800F041
:10402000F9FB7B681B689B68BB60BB6843F0770348
:10403000BB607B681B68BA689A604FE07B68186851
:104040003B6899683B685A683B68DB6800F0E2FBB4
:104050007B681B689A687B681B6842F480429A60A0
:104060003CE07B6818683B6859683B68DB681A4627
:1040700000F056FB7B681B685021184600F0AFFB30
:104080002CE07B6818683B6859683B68DB681A4617
:1040900000F075FB7B681B686021184600F09FFBF1
:1040A0001CE07B6818683B6859683B68DB681A4607
:1040B00000F036FB7B681B684021184600F08FFB40
:1040C0000CE07B681A683B681B681946104600F0D4
:1040D00086FB03E00123FB7300E000BF7B68012245
:1040E00083F83D207B68002283F83C20FB7B184648
:1040F0001037BD4680BD80B483B000AF786000BF8C
:104100000C37BD465DF8047B704780B483B000AFC8
:10411000786000BF0C37BD465DF8047B704780B403
:1041200083B000AF786000BF0C37BD465DF8047BFC
:10413000704780B483B000AF786000BF0C37BD46D5
:104140005DF8047B704780B483B000AF786000BF37
:104150000C37BD465DF8047B7047000080B485B025
:1041600000AF786039607B681B68FB607B682A4A17
:10417000934203D07B68B3F1804F08D1FB6823F0F2
:104180007003FB603B685B68FA681343FB607B6805
:10419000214A93420BD07B68B3F1804F07D07B68F4
:1041A0001E4A934203D07B681D4A934208D1FB68A4
:1041B00023F44073FB603B68DB68FA681343FB60E1
:1041C000FB6823F080023B685B691343FB607B68FC
:1041D000FA681A603B689A687B68DA623B681A681A
:1041E0007B689A627B680C4A934207D07B680B4AD3
:1041F000934203D07B680A4A934203D13B681A6911
:104200007B681A637B6801225A6100BF1437BD4680
:104210005DF8047B704700BF002C01400040014066
:104220000044014080B487B000AF786039607B689B
:104230001B6A23F001027B681A627B681B6A7B6140
:104240007B685B683B617B689B69FB60FB6823F470
:10425000803323F07003FB60FB6823F00303FB60F3
:104260003B681B68FA681343FB607B6923F0020319
:104270007B613B689B687A6913437B617B68244A56
:10428000934207D07B68234A934203D07B68224A3B
:1042900093420CD17B6923F008037B613B68DB68A8
:1042A0007A6913437B617B6923F004037B617B683C
:1042B000174A934207D07B68164A934203D07B6823
:1042C000154A934211D13B6923F480733B613B69EA
:1042D00023F400733B613B685B693A6913433B61BC
:1042E0003B689B693A6913433B617B683A695A6052
:1042F0007B68FA689A613B685A687B685A637B6896
:104300007A691A6200BF1C37BD465DF8047B7047AE
:10431000002C0140004001400044014080B487B0BF
:1043200000AF786039607B681B6A23F010027B68FD
:104330001A627B681B6A7B617B685B683B617B6898
:104340009B69FB60FB6823F0807323F4E043FB6010
:10435000FB6823F44073FB603B681B681B02FA6830
:104360001343FB607B6923F020037B613B689B6800
:104370001B017A6913437B617B68224A93420DD10A
:104380007B6923F080037B613B68DB681B017A69F2
:1043900013437B617B6923F040037B617B68194A8F
:1043A000934207D07B68184A934203D07B68174A30
:1043B000934213D13B6923F480633B613B6923F44F
:1043C00000633B613B685B699B003A6913433B6157
:1043D0003B689B699B003A6913433B617B683A6980
:1043E0005A607B68FA689A613B685A687B689A638E
:1043F0007B687A691A6200BF1C37BD465DF8047B92
:10440000704700BF002C01400040014000440140C3
:1044100080B487B000AF786039607B681B6A23F492
:1044200080727B681A627B681B6A7B617B685B6851
:104430003B617B68DB69FB60FB6823F4803323F01E
:104440007003FB60FB6823F00303FB603B681B68A1
:10445000FA681343FB607B6923F400737B613B685C
:104460009B681B027A6913437B617B68214A9342F4
:104470000DD17B6923F400637B613B68DB681B0221
:104480007A6913437B617B6923F480637B617B687A
:10449000184A934207D07B68174A934203D07B683F
:1044A000164A934213D13B6923F480533B613B6925
:1044B00023F400533B613B685B691B013A6913437A
:1044C0003B613B689B691B013A6913433B617B6815
:1044D0003A695A607B68FA68DA613B685A687B68B7
:1044E000DA637B687A691A6200BF1C37BD465DF8E3
:1044F000047B7047002C0140004001400044014013
:1045000080B487B000AF786039607B681B6A23F4A1
:1045100080527B681A627B681B6A3B617B685B68C0
:104520007B617B68DB69FB60FB6823F0807323F4AD
:10453000E043FB60FB6823F44073FB603B681B684F
:104540001B02FA681343FB603B6923F400533B6191
:104550003B689B681B033A6913433B617B68144AC1
:10456000934207D07B68134A934203D07B68124A78
:10457000934209D17B6923F480437B613B685B698B
:104580009B017A6913437B617B687A695A607B6817
:10459000FA68DA613B685A687B681A647B683A6932
:1045A0001A6200BF1C37BD465DF8047B704700BF30
:1045B000002C0140004001400044014080B487B01D
:1045C00000AF786039607B681B6A23F480327B68B7
:1045D0001A627B681B6A3B617B685B687B617B68F6
:1045E0005B6DFB60FB6823F4803323F07003FB609A
:1045F0003B681B68FA681343FB603B6923F4003394
:104600003B613B689B681B043A6913433B617B68D1
:10461000134A934207D07B68124A934203D07B68C7
:10462000114A934209D17B6923F480337B613B6853
:104630005B691B027A6913437B617B687A695A6004
:104640007B68FA685A653B685A687B689A657B683C
:104650003A691A6200BF1C37BD465DF8047B70479B
:10466000002C0140004001400044014080B487B06C
:1046700000AF786039607B681B6A23F480127B6826
:104680001A627B681B6A3B617B685B687B617B6845
:104690005B6DFB60FB6823F0807323F4E043FB60F9
:1046A0003B681B681B02FA681343FB603B6923F4F9
:1046B00000133B613B689B681B053A6913433B61F0
:1046C0007B68144A934207D07B68134A934203D015
:1046D0007B68124A934209D17B6923F480237B6172
:1046E0003B685B699B027A6913437B617B687A69EB
:1046F0005A607B68FA685A653B685A687B68DA6575
:104700007B683A691A6200BF1C37BD465DF8047BBE
:10471000704700BF002C01400040014000440140B0
:1047200080B487B000AFF860B9607A60FB681B6A3C
:104730007B61FB681B6A23F00102FB681A62FB685D
:104740009B693B613B6923F0F0033B617B681B0184
:104750003A6913433B617B6923F00A037B617A6901
:10476000BB6813437B61FB683A699A61FB687A69AD
:104770001A6200BF1C37BD465DF8047B704780B4E9
:1047800087B000AFF860B9607A60FB681B6A23F0FD
:104790001002FB681A62FB689B697B61FB681B6AFD
:1047A0003B617B6923F470437B617B681B037A69FF
:1047B00013437B613B6923F0A0033B61BB681B0192
:1047C0003A6913433B61FB687A699A61FB683A690D
:1047D0001A6200BF1C37BD465DF8047B704780B489
:1047E00085B000AF786039607B689B68FB60FB68D0
:1047F00023F07003FB603A68FB68134343F0070340
:10480000FB607B68FA689A6000BF1437BD465DF8AC
:10481000047B704780B487B000AFF860B9607A60FD
:104820003B60FB689B687B617B6923F47F437B6112
:104830003B681A027B681A43BB6813437A691343C7
:104840007B61FB687A699A6000BF1C37BD465DF8E2
:10485000047B704780B487B000AFF860B9607A60BD
:10486000BB6803F01F03012202FA03F37B61FB68BC
:104870001A6A7B69DB431A40FB681A62FB681A6A92
:10488000BB6803F01F03796801FA03F31A43FB685E
:104890001A6200BF1C37BD465DF8047B70470000FC
:1048A00080B485B000AF786039607B6893F83C30A5
:1048B000012B01D102234FE07B68012283F83C20C9
:1048C0007B68022283F83D207B681B685B68FB6085
:1048D0007B681B689B68BB607B681B68214A9342AE
:1048E00008D1FB6823F47003FB603B685B68FA68DF
:1048F0001343FB60FB6823F07003FB603B681B689D
:10490000FA681343FB607B681B68FA685A607B682F
:104910001B68144A934209D07B681B68B3F1804F2F
:1049200004D07B681B68104A93420CD1BB6823F00B
:104930008003BB603B689B68BA681343BB607B68BD
:104940001B68BA689A607B68012283F83D207B6807
:10495000002283F83C20002318461437BD465DF83A
:10496000047B7047002C01400040014080B483B0BC
:1049700000AF786000BF0C37BD465DF8047B704720
:1049800080B483B000AF786000BF0C37BD465DF8DF
:10499000047B704780B483B000AF786000BF0C37F1
:1049A000BD465DF8047B704780B582B000AF78608B
:1049B0007B68002B01D1012340E07B689B6F002BBB
:1049C00006D17B68002283F874207868F8F768FCC9
:1049D0007B6824229A677B681B681A687B681B685F
:1049E00022F001021A60786800F0CAFB0346012B2E
:1049F00001D1012322E07B685B6A002B02D078683A
:104A000000F018FE7B681B685A687B681B6822F4FC
:104A100090425A607B681B689A687B681B6822F02A
:104A20002A029A607B681B681A687B681B6842F0E0
:104A300001021A60786800F09FFE034618460837A6
:104A4000BD4680BD80B58AB000AFF860B96013463E
:104A5000FB80FB689B6F202B78D1BB68002B02D0BA
:104A6000FB88002B01D1012371E0FB6893F87430BF
:104A7000012B01D102236AE0FB68012283F8742034
:104A8000FB68BA68DA64FB68FA88A3F85020FB6810
:104A9000FA88A3F85220FB680022C3F88020FB6844
:104AA00021229A67FB68DB6E002B2BD0FB68DB6E44
:104AB000294ADA62FB68DB6E284A1A63FB68DB6E00
:104AC000274A5A63FB68DB6E00229A63FB68D86E44
:104AD000FB68DB6C1946FB681B6828331A46FB88A9
:104AE000FBF720FF0346002B0CD0FB681022C3F815
:104AF0008020FB68002283F87420FB6820229A67DC
:104B0000012324E0FB681B6840221A62FB68002234
:104B100083F87420FB681B6808337B617B6953E86A
:104B2000003F3B613B6943F080037B62FB681B688D
:104B300008337A6A3A62FB61F9693A6A41E800230C
:104B4000BB61BB69002BE5D1002300E002231846BE
:104B50002837BD4680BD00BFF35B01088D5C0108AE
:104B6000055E010880B5BAB000AF78607B681B684D
:104B7000DB69C7F8E4307B681B681B68C7F8E03066
:104B80007B681B689B68C7F8DC30D7F8E42040F6E8
:104B90000F031340C7F8D830D7F8D830002B15D101
:104BA000D7F8E43003F02003002B0FD0D7F8E03023
:104BB00003F02003002B09D07B685B6E002B00F014
:104BC000A6827B685B6E78689847A0E2D7F8D830F9
:104BD000002B00F01781D7F8DC3003F00103002B25
:104BE00006D1D7F8E020854B1340002B00F00A8156
:104BF000D7F8E43003F00103002B11D0D7F8E030F0
:104C000003F48073002B0BD07B681B6801221A62AF
:104C10007B68D3F8803043F001027B68C3F88020C2
:104C2000D7F8E43003F00203002B11D0D7F8DC30C2
:104C300003F00103002B0BD07B681B6802221A6271
:104C40007B68D3F8803043F004027B68C3F880208F
:104C5000D7F8E43003F00403002B11D0D7F8DC3090
:104C600003F00103002B0BD07B681B6804221A623F
:104C70007B68D3F8803043F002027B68C3F8802061
:104C8000D7F8E43003F00803002B17D0D7F8E03052
:104C900003F02003002B05D1D7F8DC3003F001032B
:104CA000002B0BD07B681B6808221A627B68D3F844
:104CB000803043F008027B68C3F88020D7F8E430E6
:104CC00003F40063002B12D0D7F8E03003F08063C8
:104CD000002B0CD07B681B684FF400621A627B6863
:104CE000D3F8803043F020027B68C3F880207B68D3
:104CF000D3F88030002B00F00C82D7F8E43003F0BA
:104D00002003002B0DD0D7F8E03003F02003002B58
:104D100007D07B685B6E002B03D07B685B6E786886
:104D200098477B68D3F88030C7F8D4307B681B681D
:104D30009B6803F04003402B05D0D7F8D43003F034
:104D40002803002B4FD0786800F0F0FE7B681B68CA
:104D50009B6803F04003402B41D17B681B680833FC
:104D6000C7F89C30D7F89C3053E8003FC7F898301C
:104D7000D7F8983023F04003C7F8D0307B681B6821
:104D80000833D7F8D020C7F8A820C7F8A430D7F840
:104D9000A410D7F8A82041E80023C7F8A030D7F81E
:104DA000A030002BD9D17B681B6F002B13D07B6800
:104DB0001B6F134A9A637B681B6F1846FBF750FE04
:104DC0000346002B17D07B681B6F9B6B7A68126FB2
:104DD000104698470FE0786800F0BAF90BE0786861
:104DE00000F0B6F907E0786800F0B2F97B680022BD
:104DF000C3F880208DE100BF8BE100BF20010004DB
:104E0000815E01087B681B6E012B40F04681D7F85C
:104E1000E43003F01003002B00F03F81D7F8E030BE
:104E200003F01003002B00F038817B681B68102210
:104E30001A627B681B689B6803F04003402B40F0BC
:104E4000B4807B681B6F1B685B68A7F8BE30B7F83F
:104E5000BE30002B00F05F817B68B3F85830B7F8A4
:104E6000BE209A4280F057817B68B7F8BE20A3F835
:104E70005A207B681B6F1B681B6803F02003002B04
:104E800040F085807B681B68C7F88830D7F8883089
:104E900053E8003FC7F88430D7F8843023F4807398
:104EA000C7F8B8307B681B681A46D7F8B830C7F81F
:104EB0009430C7F89020D7F89010D7F8942041E8A4
:104EC0000023C7F88C30D7F88C30002BDAD17B6800
:104ED0001B6808337B677B6F53E8003F3B673B6F82
:104EE00023F00103C7F8B4307B681B680833D7F898
:104EF000B420C7F88020FB67F96FD7F8802041E81D
:104F00000023BB67BB6F002BE1D17B681B680833B4
:104F10003B663B6E53E8003FFB65FB6D23F04003AF
:104F2000C7F8B0307B681B680833D7F8B020FA6642
:104F3000BB66B96EFA6E41E800237B667B6E002B80
:104F4000E3D17B682022DA677B6800221A667B68DF
:104F50001B68FB64FB6C53E8003FBB64BB6C23F035
:104F60001003C7F8AC307B681B681A46D7F8AC3022
:104F7000BB657A65796DBA6D41E800233B653B6D91
:104F8000002BE4D17B681B6F1846FBF72BFD7B6879
:104F9000B3F858207B68B3F85A309BB2D31A9BB24F
:104FA00019467868F3F780FDB5E07B68B3F85820C0
:104FB0007B68B3F85A309BB2D31AA7F8CE307B681F
:104FC000B3F85A309BB2002B00F0A780B7F8CE3070
:104FD000002B00F0A2807B681B68BB63BB6B53E8AF
:104FE000003F7B637B6B23F49073C7F8C8307B680A
:104FF0001B681A46D7F8C8307B643A64396C7A6CFF
:1050000041E80023FB63FB6B002BE4D17B681B684A
:1050100008337B627B6A53E8003F3B623B6A23F0C4
:105020000103C7F8C4307B681B680833D7F8C42075
:105030003A63FB62F96A3A6B41E80023BB62BB6AE0
:10504000002BE3D17B682022DA677B6800221A6696
:105050007B6800225A667B681B683B613B6953E8AA
:10506000003FFB60FB6823F01003C7F8C0307B688B
:105070001B681A46D7F8C030FB61BA61B969FA6992
:1050800041E800237B617B69002BE4D1B7F8CE3087
:1050900019467868F3F708FD3FE0D7F8E43003F4E9
:1050A0008013002B0ED0D7F8DC3003F48003002BE4
:1050B00008D07B681B684FF480121A62786800F091
:1050C0001FFF2DE0D7F8E43003F08003002B0ED053
:1050D000D7F8E03003F08003002B08D07B689B6E8C
:1050E000002B1CD07B689B6E7868984717E0D7F838
:1050F000E43003F04003002B12D0D7F8E03003F087
:105100004003002B0CD0786800F0D0FE08E000BF10
:1051100006E000BF04E000BF02E000BF00E000BF07
:10512000E837BD4680BD00BF80B483B000AF786073
:1051300000BF0C37BD465DF8047B704780B483B078
:1051400000AF786000BF0C37BD465DF8047B704748
:1051500080B483B000AF786000BF0C37BD465DF807
:10516000047B704780B483B000AF78607B68D3F86D
:10517000803018460C37BD465DF8047B7047000050
:105180002DE9B04F8AB000AFF860002387F82230D5
:10519000FB689A68FB681B691A43FB685B691A43E2
:1051A000FB68DB6913437B62FB681B681A689E4BD4
:1051B0001340FA681268796A0B431360FB681B6836
:1051C0005B6823F44051FB68DA68FB681B680A439C
:1051D0005A60FB689B697B62FB681B68934A934239
:1051E00004D0FB681B6A7A6A13437B62FB681B6806
:1051F0009B6823F43061FB681B687A6A0A439A60F3
:10520000FB681B688A4A934226D18A4BD3F88830C0
:1052100003F00303032B1BD801A252F823F000BFB5
:10522000315201084152010839520108495201081E
:10523000012387F82330ABE0022387F82330A7E06F
:10524000042387F82330A3E0082387F823309FE066
:10525000102387F823309BE0FB681B68764A934253
:1052600038D1744BD3F8883003F00C030C2B2DD8B5
:1052700001A252F823F000BFAD520108CD5201083F
:10528000CD520108CD520108BD520108CD5201088E
:10529000CD520108CD520108B5520108CD52010886
:1052A000CD520108CD520108C5520108002387F8EC
:1052B00023306DE0022387F8233069E0042387F868
:1052C000233065E0082387F8233061E0102387F856
:1052D00023305DE0FB681B68584A934225D1554B4B
:1052E000D3F8883003F03003302B16D0302B18D889
:1052F000202B0AD0202B14D8002B02D0102B08D042
:105300000FE0002387F8233042E0022387F82330A0
:105310003EE0042387F823303AE0082387F823305F
:1053200036E0102387F8233032E0FB681B683F4AE1
:1053300093422AD13F4BD3F8883003F44063B3F54E
:10534000406F1AD0B3F5406F1BD8B3F5006F0CD087
:10535000B3F5006F15D8002B03D0B3F5806F08D0DC
:105360000FE0002387F8233012E0022387F8233070
:105370000EE0042387F823300AE0082387F823305F
:1053800006E0102387F8233002E0102387F823304B
:10539000FB681B68254A934240F08A8097F82330C7
:1053A000082B24D801A252F823F000BFD1530108E2
:1053B000EF530108D9530108EF530108DF530108E7
:1053C000EF530108EF530108EF530108E7530108B9
:1053D000FCF7A0FCF86110E0194BFB610DE0FCF755
:1053E00001FCF86109E04FF40043FB6105E0002394
:1053F000FB61012387F8223000BFFB69002B00F01E
:105400000981FB685A6813465B001344FA699A42A3
:1054100005D3FB685B681B03FA699A4212D9012322
:1054200087F82230F6E000BFF369FFEF008000400C
:105430000038014000100240004400400048004095
:105440000024F400FB6900221C4615464FF00002C0
:105450004FF000032B0243EA14632202F968496803
:10546000490800208846814612EB080A43EB090BE5
:10547000FB685B6800223B607A60D7E900235046F6
:105480005946EFF739FE02460B461346BB61BB692E
:10549000B3F5407F08D3BB69B3F5801F04D2FB6826
:1054A0001B68BA69DA60B5E0012387F82230B1E001
:1054B000FB68DB69B3F5004F5DD197F82330082B0B
:1054C00027D801A252F823F0ED540108F554010841
:1054D000FD5401081355010803550108135501082F
:1054E00013550108135501080B550108FCF712FC70
:1054F000F86114E0FCF724FCF86110E04C4BFB6110
:105500000DE0FCF76FFBF86109E04FF40043FB612D
:1055100005E00023FB61012387F8223000BFFB690F
:10552000002B77D0FB695A00FB685B685B081A4464
:10553000FB685B68B2FBF3F3BB61BB690F2B16D949
:10554000BB69B3F5803F12D2BB699BB223F00F0356
:10555000FB82BB695B089BB203F007039AB2FB8A2C
:105560001343FB82FB681B68FA8ADA6052E001236E
:1055700087F822304EE097F82330082B27D801A275
:1055800052F823F0A9550108B1550108B955010891
:10559000CF550108BF550108CF550108CF55010867
:1055A000CF550108C7550108FCF7B4FBF86114E0BA
:1055B000FCF7C6FBF86110E01D4BFB610DE0FCF74A
:1055C00011FBF86109E04FF40043FB6105E00023A3
:1055D000FB61012387F8223000BFFB69002B19D043
:1055E000FB685B685A08FB691A44FB685B68B2FB9E
:1055F000F3F3BB61BB690F2B09D9BB69B3F5803FDE
:1056000005D2BB699AB2FB681B68DA6002E001232D
:1056100087F82230FB6800225A66FB6800229A66EF
:1056200097F8223018462837BD46BDE8B08F00BF36
:105630000024F40080B483B000AF78607B685B6ABC
:1056400003F00103002B0AD07B681B685B6823F41E
:1056500000317B689A6A7B681B680A435A607B68E2
:105660005B6A03F00203002B0AD07B681B685B684F
:1056700023F480317B68DA6A7B681B680A435A60CE
:105680007B685B6A03F00403002B0AD07B681B680D
:105690005B6823F480217B681A6B7B681B680A4374
:1056A0005A607B685B6A03F00803002B0AD07B68B2
:1056B0001B685B6823F400417B685A6B7B681B683E
:1056C0000A435A607B685B6A03F01003002B0AD020
:1056D0007B681B689B6823F480517B689A6B7B68AE
:1056E0001B680A439A607B685B6A03F02003002B07
:1056F0000AD07B681B689B6823F400517B68DA6BD7
:105700007B681B680A439A607B685B6A03F040030E
:10571000002B1AD07B681B685B6823F480117B68C0
:105720001A6C7B681B680A435A607B681B6CB3F574
:10573000801F0AD17B681B685B6823F4C0017B680B
:105740005A6C7B681B680A435A607B685B6A03F08B
:105750008003002B0AD07B681B685B6823F4002160
:105760007B689A6C7B681B680A435A6000BF0C37E1
:10577000BD465DF8047B704780B586B002AF7860A7
:105780007B680022C3F88020F8F7B8FBF8607B68DC
:105790001B681B6803F00803082B0ED16FF07E43D3
:1057A0000093FB6800224FF40011786800F02DF898
:1057B0000346002B01D0032323E07B681B681B6892
:1057C00003F00403042B0ED16FF07E430093FB68BB
:1057D00000224FF48001786800F017F80346002B90
:1057E00001D003230DE07B6820229A677B6820228A
:1057F000DA677B6800221A667B68002283F87420CF
:10580000002318461037BD4680BD80B59CB000AF60
:10581000F860B9603B601346FB71A5E0BB6FB3F164
:10582000FF3F00F0A180F8F769FB02463B68D31AFE
:10583000BA6F9A4202D3BB6F002B3ED1FB681B6844
:105840003B653B6D53E8003FFB64FB6C23F4D07376
:105850007B66FB681B681A467B6EFB65BA65B96D93
:10586000FA6D41E800237B657B6D002BE6D1FB6878
:105870001B680833FB63FB6B53E8003FBB63BB6BE8
:1058800023F001033B66FB681B6808333A6EBA6479
:105890007B64796CBA6C41E800233B643B6C002B61
:1058A000E5D1FB6820229A67FB682022DA67FB6853
:1058B000002283F87420032367E0FB681B681B68E1
:1058C00003F00403002B4FD0FB681B68DB6903F473
:1058D0000063B3F5006F47D1FB681B684FF40062AB
:1058E0001A62FB681B68BB62BB6A53E8003F7B62BD
:1058F0007B6A23F4D073FB66FB681B681A46FB6E59
:105900007B633A63396B7A6B41E80023FB62FB6A85
:10591000002BE6D1FB681B6808337B617B6953E889
:10592000003F3B613B6923F00103BB66FB681B68DA
:105930000833BA6E3A62FB61F9693A6A41E80023BA
:10594000BB61BB69002BE5D1FB6820229A67FB682D
:105950002022DA67FB682022C3F88020FB6800223F
:1059600083F87420032310E0FB681B68DA69BB68C6
:105970001340BA689A420CBF01230023DBB21A46D7
:10598000FB799A423FF44AAF002318467037BD4670
:1059900080BD000080B596B000AFF860B9601346D6
:1059A000FB80FB68BA685A65FB68FA88A3F8582040
:1059B000FB680022C3F88020FB682222DA67FB68BC
:1059C0001B6F002B2BD0FB681B6F424ADA62FB680F
:1059D0001B6F414A1A63FB681B6F404A5A63FB689E
:1059E0001B6F00229A63FB68186FFB681B682433E7
:1059F0001946FB685B6D1A46FB88FAF793FF03466E
:105A0000002B0CD0FB681022C3F88020FB6800221A
:105A100083F87420FB682022DA67012355E0FB68D5
:105A2000002283F87420FB681B69002B18D0FB68E8
:105A30001B68FB63FB6B53E8003FBB63BB6B43F42A
:105A400080737B65FB681B681A467B6DBB647A6458
:105A5000796CBA6C41E800233B643B6C002BE6D1C7
:105A6000FB681B680833BB62BB6A53E8003F7B627C
:105A70007B6A43F001033B65FB681B6808333A6DA2
:105A80007A633B63396B7A6B41E80023FB62FB6A04
:105A9000002BE5D1FB681B6808337B617B6953E809
:105AA000003F3B613B6943F04003FB64FB681B68BC
:105AB0000833FA6C3A62FB61F9693A6A41E80023FB
:105AC000BB61BB69002BE5D1002318465837BD46A2
:105AD00080BD00BFA95C0108CD5D0108055E01081D
:105AE00080B489B000AF78607B681B68FB60FB689E
:105AF00053E8003FBB60BB6823F0C003FB617B68D9
:105B00001B681A46FB69BB617A617969BA6941E829
:105B100000233B613B69002BE6D17B6820229A671A
:105B200000BF2437BD465DF8047B704780B495B054
:105B300000AF78607B681B687B637B6B53E8003F3A
:105B40003B633B6B23F49073FB647B681B681A46D2
:105B5000FB6C3B64FA63F96B3A6C41E80023BB636E
:105B6000BB6B002BE6D17B681B6808333B623B6A4A
:105B700053E8003FFB61FB6923F00103BB647B68D2
:105B80001B680833BA6CFA62BB62B96AFA6A41E808
:105B900000237B627B6A002BE5D17B681B6E012BA7
:105BA00018D17B681B68FB60FB6853E8003FBB6053
:105BB000BB6823F010037B647B681B681A467B6C10
:105BC000BB617A617969BA6941E800233B613B694D
:105BD000002BE6D17B682022DA677B6800221A66F8
:105BE0007B6800225A6600BF5437BD465DF8047BCF
:105BF000704780B590B000AF78607B689B6AFB63AC
:105C00007B681B681B6803F02003002B37D1FB6BFC
:105C10000022A3F85220FB6B1B6808337B627B6A6F
:105C200053E8003F3B623B6A23F08003BB63FB6B9E
:105C30001B680833BA6B3A63FB62F96A3A6B41E856
:105C40000023BB62BB6A002BE5D1FB6B1B683B6189
:105C50003B6953E8003FFB60FB6843F040037B6314
:105C6000FB6B1B681A467B6BFB61BA61B969FA6909
:105C700041E800237B617B69002BE6D102E0F86BF1
:105C8000F2F7A0FE00BF4037BD4680BD80B584B0AE
:105C900000AF78607B689B6AFB60F868FFF744FAA6
:105CA00000BF1037BD4680BD80B59CB000AF7860A6
:105CB0007B689B6AFB667B681B681B6803F020039C
:105CC000002B70D1FB6E0022A3F85A20FB6E1B68DC
:105CD000FB64FB6C53E8003FBB64BB6C23F4807334
:105CE000BB66FB6E1B681A46BB6EBB657A65796D39
:105CF000BA6D41E800233B653B6D002BE6D1FB6E9E
:105D00001B680833BB63BB6B53E8003F7B637B6B53
:105D100023F001037B66FB6E1B6808337A6E7A649E
:105D20003B64396C7A6C41E80023FB63FB6B002B0E
:105D3000E5D1FB6E1B6808337B627B6A53E8003F4A
:105D40003B623B6A23F040033B66FB6E1B680833F3
:105D50003A6E3A63FB62F96A3A6B41E80023BB6230
:105D6000BB6A002BE5D1FB6E2022DA67FB6E1B6E4F
:105D7000012B18D1FB6E1B683B613B6953E8003F68
:105D8000FB60FB6823F01003FB65FB6E1B681A4683
:105D9000FB6DFB61BA61B969FA6941E800237B6177
:105DA0007B69002BE6D1FB6E1B6E012B07D1FB6ECE
:105DB000B3F858301946F86EF2F776FE02E0F86E46
:105DC000F2F71EFE00BF7037BD4680BD80B584B0BF
:105DD00000AF78607B689B6AFB60FB681B6E012BE1
:105DE00009D1FB68B3F858305B089BB21946F868D4
:105DF000F2F75AFE02E0F868FFF7A0F900BF10378B
:105E0000BD4680BD80B586B000AF78607B689B6A78
:105E10007B617B699B6F3B617B69DB6FFB607B69AF
:105E20001B689B6803F08003802B09D13B69212B01
:105E300006D17B690022A3F852207869FFF750FE53
:105E40007B691B689B6803F04003402B09D1FB680A
:105E5000222B06D17B690022A3F85A207869FFF72C
:105E600065FE7B69D3F8803043F010027B69C3F88C
:105E700080207869FFF76CF900BF1837BD4680BDF8
:105E800080B584B000AF78607B689B6AFB60FB687C
:105E90000022A3F85A20FB680022A3F85220F868D9
:105EA000FFF756F900BF1037BD4680BD80B588B0FA
:105EB00000AF78607B681B68FB60FB6853E8003FBD
:105EC000BB60BB6823F04003FB617B681B681A461C
:105ED000FB69BB617A617969BA6941E800233B617A
:105EE0003B69002BE6D17B6820229A677B68002201
:105EF0009A667868F2F766FD00BF2037BD4680BD20
:105F000080B483B000AF786000BF0C37BD465DF849
:105F1000047B704780B58CB000AFF860B960134661
:105F2000FB80FB68DB6F202B4AD1BB68002B02D0C3
:105F3000FB88002B01D1012343E0FB6893F8743008
:105F4000012B01D102233CE0FB68012283F874207D
:105F5000FB6801221A66FB881A46B968F868FFF7E1
:105F600019FD034687F82F3097F82F30002B24D1E6
:105F7000FB681B6E012B1DD1FB681B6810221A6287
:105F8000FB681B68BB61BB6953E8003F7B617B69B1
:105F900043F01003BB62FB681B681A46BB6A7B6256
:105FA0003A62396A7A6A41E80023FB61FB69002B97
:105FB000E6D102E0012387F82F3097F82F3000E078
:105FC000022318463037BD4680BD0000024B014613
:105FD000186800F02DB800BF6C010020024B01468C
:105FE000186800F071BE00BF6C01002070B50F4E44
:105FF0000C463168054611B900F0E0FD30602146DD
:10600000284600F0DBFD431C03D14FF0FF3420464F
:1060100070BDC41C24F00304A042F8D0211A284605
:1060200000F0CCFD0130F2D1EFE700BFA428002042
:106030002DE9F843CD1C25F0030508350C2D38BF9C
:106040000C25002D064601DBA94204D90C23336040
:106050000020BDE8F883DFF8D48000F069F8D8F8B4
:1060600000301C4644BB29463046FFF7BFFF431CA7
:10607000044658D1D8F800402746002F43D1002CC1
:106080004BD023683946304604EB030900F096FDF7
:10609000814542D121686D1A29463046FFF7A6FF97
:1060A00001303AD023682B442360D8F800305A6876
:1060B00062BBC8F800700FE02268521B20D40B2A84
:1060C00017D96119A342256018BF5960636808BFDA
:1060D000C8F8001062514B60304600F02FF804F110
:1060E0000B00231D20F00700C21A1CBF1B1AA3506F
:1060F000AFE76268A3420CBFC8F800205A60EBE724
:1061000023466468AEE73C467F68B6E71A465B689C
:10611000A342FBD100235360DEE70C2333603046FB
:1061200000F00CF894E70560D6E700BFA82800202F
:10613000014800F091BD00BF122A0020014800F084
:106140008DBD00BF122A0020002310B50446C0E90F
:106150000033C0E90433836081814366C281836177
:10616000194608225C3000F0F6F80D4B63620D4BC7
:10617000A3620D4BE3620D4B23630D4B24629C42E3
:1061800006D003F16802944202D0D0339C4205D17C
:1061900004F15800BDE8104000F05CBD10BD00BF28
:1061A000CD620108F36201082B6301084F63010807
:1061B000AC280020024A0349034800F069B800BF38
:1061C00058010020F97201087001002041680C4B51
:1061D000994210B5044601D001F08EF8A168094B30
:1061E000994202D0204601F087F8E168064B9942B7
:1061F00004D02046BDE8104001F07EB810BD00BFBD
:10620000AC280020142900207C29002010B50B4B5D
:106210000B4C0C4A1A60204600220421FFF794FF21
:1062200004F1680001220921FFF78EFF04F1D0007C
:106230000222BDE810401221FFF786BFE4290020AA
:10624000AC280020B5610108014800F005BD00BF81
:10625000132A0020014800F001BD00BF132A0020CE
:1062600010B50446FFF7F0FF236A1BB1BDE81040EC
:10627000FFF7F0BF044B2362044B1B68002BF5D1E2
:10628000FFF7C4FFF2E700BFCD610108E429002059
:106290002DE9F8430746884614460026D4E90195BF
:1062A000B9F1010905D52468002CF7D13046BDE8C5
:1062B000F883AB89012B07D9B5F90E30013303D030
:1062C00029463846C04706436835E9E710B50C460D
:1062D000B1F90E1000F060FC0028ABBF636DA3891C
:1062E0001B1823F48053ACBF6365A38110BD00204D
:1062F00070472DE9F0411F468B89DB0505460C46AA
:10630000164605D5B1F90E100223002200F032FC2A
:10631000A389B4F90E1023F48053A38132463B467F
:106320002846BDE8F04100F059BC10B50C46B1F963
:106330000E1000F01FFC431CA38915BF606523F4F9
:10634000805343F48053A38118BFA38110BDB1F9DA
:106350000E1000F0FFBB02440346934200D1704789
:1063600003F8011BF9E7000038B50B4B1D686B6B98
:10637000044653B92420FFF729FE0246686320B97A
:10638000064B0748322100F081FC696B2046BDE8CE
:10639000384000F007B800BF6C010020948301086A
:1063A000AB8301082DE9F0410C46074601F01CF8CB
:1063B00021460546384601F01BF843699907044613
:1063C00003F26C7806D1642298FBF2F302FB13838C
:1063D000002B71D14FF4C87298FBF2F302FB1383C8
:1063E000B3FA83F35B095E42644B06F030061E4449
:1063F00000F07CF900F086F9614B1B68002B6AD035
:106400006B6843455AD1D7E900232F68D5E90801C5
:10641000002F5BD1824273EB01015EDB012323621B
:106420002B6D61684FF4616293FBF2F002FB103355
:106430003C2293FBF2F502FB153223689B1AA268FB
:106440002360491B121A3B2B6160A26051DD0131B0
:1064500061603C3B236063683B2B50DD0132A260EE
:106460003C3B6360A368172B4FDDE2690132E261B8
:10647000A2690132072AA8BF0022A261E268183B84
:106480000132A3602369E26056F823108A420EDDD0
:106490000B2BA2EB0102E26003F1010209BF636969
:1064A00022610022013302BF22616361E26100F0D8
:1064B00023F92046BDE8F081012394E7404600F02F
:1064C00061F800289FD14FF0FF3304E0824273EB64
:1064D000010102DA0023236209E0D5E912018242B8
:1064E0008B41B4BF012300232362002B98D1AB6AF8
:1064F00097E7002BAFDA013961603C33AAE7002B44
:10650000B0DA013AA2603C33ABE7002BCFDAE269A4
:10651000013AE261A269013A48BF0622A261E2683B
:106520001833013AE260A360002AC0D12369013B1D
:1065300005D42361236956F82330E360B7E70B23C2
:10654000236163695A1E6261920703F26B7305D17E
:10655000642193FBF1F201FB123262B94FF4C8726D
:1065600093FBF2F102FB1133B3FA83F35B0903F5FA
:10657000B673E361DEE70123F9E700BFDC840108BD
:10658000082A00202DE9F843044600F02DFF40F2D0
:10659000B1739C4240F3A3806FF4F6616518A4F2D6
:1065A000B27340F26D12AD1002FB03556FF4C86672
:1065B0006FF06302A4F26D7393FBF2F31D44A31911
:1065C000484E44604FF4C8720146B3FBF2F300F149
:1065D00050071D440B7AD1F814C04A2B38D1A207BA
:1065E00005EB0C0306D14FF0640E94FBFEF20EFB9C
:1065F000124232B94FF4C87E94FBFEF20EFB1242F7
:106600001ABBBCF13B0FD4BF4FF0000C4FF0010C94
:106610006344013B8A694FEAE27CC3FB062C8B6A28
:10662000D2184CEBE373C1E9082328318F42D1D152
:10663000D0E90843D0E912128C429341B4BF012340
:10664000002303600120BDE8F8834FF0000CDFE772
:10665000442B02D105EB0C03DCE7A30705D1642230
:1066600094FBF2F302FB134393BB4FF4C87294FB09
:10667000F2F302FB1343B3FA83F35B09DFF868E03C
:10668000D1F80C905B4203F030032A464FF000082B
:10669000734408F10108C14553F828E01ADC02F1FF
:1066A0000408072398FBF3F3C3EBC303A8EB03032E
:1066B000BCEB030C0B6903F1FF3348BF0CF1070C73
:1066C000C3EBC3039C44F44506DA02EB0C03A1E7D9
:1066D0000123D3E77244DCE7ACF1070CF3E70020B9
:1066E000B1E700BF80510100D8840108014800F0E3
:1066F000B2BA00BF102A0020014800F0AEBA00BFB5
:10670000102A0020014B186800F002B86C0100202C
:106710002DE9F04F8DB0074600F066FEBC49BD4D37
:106720000446384600F056FB064610BBBA4BBB4A3F
:106730001860BB4BA0621860BA4B2065C3E9002209
:106740004A2100220023C4E90300C4E90500C4E98A
:106750000D00C4E90F00C4E90823C4E91223286826
:10676000217284F83010FFF739FC2E600DB0BDE8BF
:10677000F08F2968002940F08E802868FFF72EFCF2
:106780003046EDF72FFE411C3846FFF751FC2860DC
:10679000002840F08680A24ADFF88882DFF878A2DD
:1067A00000231360A04ACAF8003000200021C8E985
:1067B0000022C4E90333C4E90533C4E90801C4E98C
:1067C0000D33C4E90F33C4E912014A222272A362D5
:1067D00084F83020236533783A2B08BF01363378AC
:1067E0003C2B62D1751C914A91490AAB284600F0B6
:1067F000BDFD0028BADD0A9BDA1E072AB6D8EB5C7D
:106800003E2BB3D102360A9BF518F35C2D2B5AD1DF
:1068100001354FF0FF390023ADF81E30ADF82030C0
:1068200008AF0AABCDE9013703930DF11E030093C6
:1068300080490AAB07AA284600F098FD002895DD9C
:10684000BDF81E30BDF820603C2202FB0366BDF897
:106850001C304FF4616202FB03660A9B09FB06F6DB
:1068600005EB0309EB5C3C2B40F0EE8009F10105E0
:10687000714A6F490AAB284600F078FD002828DCF1
:1068800099F801303E2B24D1684BA662C8E9003349
:10689000CAF800606AE7EDF79BFD00287FF46DAF52
:1068A00064E7314600F0DBF975E7604A63490AABFB
:1068B000304600F05BFD00287FF758AF0A9B033B92
:1068C000072BA0D952E72B2B08BF01354FF0010948
:1068D000A1E70A9BDA1E072A3FF648AFEB5C3E2B86
:1068E0007FF444AF09F102090A9B09EB030519F88B
:1068F00003302D2B40F0B78001354FF0FF390023D6
:10690000ADF81C30ADF81E30ADF820300A930AAB5C
:10691000CDE9027301930DF11E03009345490AABC3
:1069200007AA284600F022FD002800F3A280A6F561
:10693000616304930A9B27461D444FF0000B2B789C
:106940002C2B08BF013595F80090B9F14D0F40F0A0
:10695000A3800AAB0DF12602CDE9013209AA00920B
:10696000374903930DF12202284600F0FFFC03286B
:106970007FF4FCAEBDF822104B1E0B2B3FF6F6AE9B
:10698000BDF82420531E042B3FF6F0AEBDF8263090
:10699000062B3FF6EBAEC7E9031287F808907B6140
:1069A0000A9B05EB030900254FF00203ADF81C30EC
:1069B000ADF81E50ADF820500A9599F800302F2BF5
:1069C00040F096800AAB08AACDE901320DF11E0213
:1069D00000921C49039307AA484600F0C7FCA8424E
:1069E00000F386804A2100220023C4E90355C4E94C
:1069F0000555C4E90823C4E90D55C4E90F55C4E998
:106A000012232172A56284F830102565AEE600BF1E
:106A100004840108E8290020042A002007840108D2
:106A2000082A0020640100208D840108F829002034
:106A30000B84010840840108EC2900201E84010811
:106A40002C8401083F8401083E4A3F490AAB48466E
:106A500000F08CFC00287FF717AF0A9B033B072B45
:106A60007FF642AF82E62B2B08BF01354FF00109BC
:106A700045E7BDF81E20BDF820303C2101FB023364
:106A8000BDF81C204FF4616101FB023309FB03F3E5
:106A90004FE74FF0010B52E7B9F14A0F06BF01353E
:106AA0004B4644230A220BA92846059300F00AFA14
:106AB000DDF82C90059BADF82600A94514D14D2397
:106AC000BBF1000F07D1237203210223C4E9031392
:106AD000C4F814B067E784F830300B220123C4E90E
:106AE0000D230023E3635EE780B23B7278615AE7CF
:106AF000BDF81E20BDF820303C2101FB0233BDF85B
:106B00001C204FF4616101FB0233BB610A9D2837F1
:106B10004D44BBF1000FBCD0049B23650B4BC8F860
:106B200000306068074BA662C8F80430FFF72AFD02
:106B3000A26A236DCAF800209B1A054A18BF0123D8
:106B4000136013E6EC2900201E840108F8290020B8
:106B5000082A002038B5064D0023044608462B605D
:106B6000F7F79EF8431C02D12B6803B1236038BDB0
:106B70000C2A002038B5074D04460846114600226D
:106B80002A601A46F7F7B3F8431C02D12B6803B109
:106B9000236038BD0C2A002038B5074D044608464E
:106BA000114600222A601A46F7F741F8431C02D129
:106BB0002B6803B1236038BD0C2A002038B5064D80
:106BC0000023044608462B60F7F79EF8431C02D1C9
:106BD0002B6803B1236038BD0C2A002038B5074D5F
:106BE00004460846114600222A601A46F7F73CF888
:106BF000431C02D12B6803B1236038BD0C2A00204E
:106C0000014B1868704700BF6C01002070B50D4D36
:106C10000D4C641BA4100026A64209D10B4D0C4C50
:106C200001F082FB641BA4100026A64205D170BDB2
:106C300055F8043B98470136EEE755F8043B984772
:106C40000136F2E7488601084886010848860108AF
:106C50004C8601087047704770477047704703467D
:106C600011F8012B03F8012B002AF9D170470A44CF
:106C7000914200F1FF3300D1704710B511F8014B7C
:106C800003F8014F9142F9D110BD00001FB5144621
:106C90001A46094B1B680546D8684CB1074B009152
:106CA000CDE9013406492B4600F04EFB00F046FCCE
:106CB000044B1C46F3E700BF6C010020528401081E
:106CC0005F8401088D84010838B50546002941D04C
:106CD00051F8043C0C1F002BB8BFE418FFF728FA4A
:106CE0001D4A136833B9636014602846BDE8384014
:106CF000FFF724BAA34208D9206821188B4201BFAC
:106D000019685B6809182160EDE71A465B680BB1EA
:106D1000A342FAD911685018A0420BD1206801444F
:106D2000501883421160E0D118685B6853600844D2
:106D30001060DAE702D90C232B60D6E7206821180F
:106D40008B4204BF19685B68636004BF0918216047
:106D50005460CAE738BD00BFA82800202DE9F84FCD
:106D6000DFF86CA006468946174600F0EFFBDAF81C
:106D7000004034B14B46984613F8012B3AB13D2AF6
:106D8000F9D1304600F0E8FB0020BDE8F88FA8EB11
:106D90000908A34654F8040B0028F2D0424649469D
:106DA00000F010FB0028F4D154F8043C03EB080574
:106DB00013F808303D2BECD1DAF80030ABEB0303CD
:106DC0009B1030463B6000F0C7FB681CDDE700BF4E
:106DD0004801002007B501AAFFF7C0FF03B05DF826
:106DE00004FB00002DE9F043344E86460D4628464C
:106DF00015F8014B375D17F00807F8D12D2C10D18D
:106E00002C780127851C33F0100015D1302C0DD1C2
:106E1000287800F0DF00582808D16C78023510235C
:106E20000AE02B2C04BF2C78851CECE7002BF6D154
:106E3000302C14BF0A2308234FF0FF380026B8FB7C
:106E4000F3F803FB08F96FEA09093046A4F1300CA6
:106E5000BCF1090F10D86446A3421EDDB6F1FF3F16
:106E600007D0804516D301D1A14513DB00FB0340B9
:106E7000012615F8014BE9E7A4F1410CBCF1190F0B
:106E800001D8373CE8E7A4F1610CBCF1190F04D834
:106E9000573CE1E74FF0FF36EBE7731C06D12223A6
:106EA000CEF80030304632B9BDE8F08307B1404239
:106EB000002AF9D006B1691E1160F5E73D85010889
:106EC000FFF790BF13460A46014602480068FFF7E5
:106ED00089BF00BF6C0100202DE9F0471646984697
:106EE0008A680B69DDF820909342B8BF134633607F
:106EF00091F8432007460C460AB1013333602368FA
:106F0000990642BF336802333360256815F00605E1
:106F100006D104F1190AE36832689B1AAB4226DCF9
:106F200094F843302268003B18BF012392062BD40B
:106F300004F1430241463846C84701301ED0236859
:106F4000226903F00603042B02BFE5683368ED1ADB
:106F5000A3680CBF25EAE57500259342C4BF9B1AC0
:106F6000ED1800261A34B5421AD1002008E001239A
:106F7000524641463846C847013003D14FF0FF30F2
:106F8000BDE8F0870135C6E7E1185A1C302081F8CA
:106F90004300224494F8451082F843100233C7E7B7
:106FA0000123224641463846C8470130E6D0013623
:106FB000D9E700002DE9FF470F7E0C9E782F914600
:106FC00080460C469A4601F1430207D8622F0AD840
:106FD000002F00F0D180582F00F0B88004F1420655
:106FE00084F842703AE0A7F16303152BF6D801A1AB
:106FF00051F823F04D70010861700108DD6F010840
:10700000DD6F0108DD6F0108DD6F010861700108A7
:10701000DD6F0108DD6F0108DD6F0108DD6F01081C
:107020005F7101088B70010819710108DD6F01089B
:10703000DD6F010881710108DD6F01088B700108A7
:10704000DD6F0108DD6F01082171010833681A1D29
:107050001B68326004F1420684F8423001239CE050
:1070600033682068191D3160060601D51D6803E0EC
:107070004506FBD5B3F90050002D03DA2D236D42F0
:1070800084F8433058480A2311E021683368080621
:1070900053F8045B02D4490648BFADB26F2F524883
:1070A000336014BF0A230823002184F84310666864
:1070B000A660002E05DB21682E4321F0040121602B
:1070C0004BD01646B5FBF3F103FB1157C75D06F82D
:1070D000017D2F46BB420D46F4D9082B0BD1236806
:1070E000DF0708D5236961689942DEBF302306F8BF
:1070F000013C06F1FF36921B2261CDF800A04B4601
:1071000003AA21464046FFF7E7FE01304AD14FF07F
:10711000FF3004B0BDE8F087236843F0200323600C
:107120003248782784F84570236831681F0651F883
:10713000045B02D45F0648BFADB23160D90744BFDB
:1071400043F0200323601DB11023ADE72648E9E793
:10715000236823F020032360F6E71646BDE7336873
:1071600025686169181D30602E061B6801D51960FD
:1071700002E06806FBD51980002323611646BCE7B0
:1071800033681A1D32601E68626800213046EDF7D0
:1071900037F908B1801B606063682361002384F8BD
:1071A0004330AAE72369324649464046D04701307A
:1071B000ADD023689B0713D4E068039B9842B8BF07
:1071C0001846A6E70123324649464046D0470130DB
:1071D0009DD00135E36803995B1AAB42F2DCEBE723
:1071E000002504F11906F5E78E8401089F84010843
:1071F000B1F90C202DE9F041160705460C4654D490
:107200004B68002B02DC0B6C002B48DDE66A002E7D
:1072100045D0002312F480522F68216A2B6030D0B1
:10722000626DA389590705D56368D21A636B0BB1E8
:10723000236CD21A0023E66A216A2846B047431C11
:10724000A38906D129681D292BD82A4ACA40D60706
:1072500027D500226260D9042269226004D5421C2D
:1072600001D12B6803B96065616B2F60B9B104F17E
:107270004403994202D02846FFF726FD00236363AA
:107280000DE001232846B0470246501CC9D12B68A7
:10729000002BC6D01D2B01D0162B1ED12F60002035
:1072A00022E043F040031BB21BE00F69002FF6D031
:1072B00093070E6808BF4B690F6018BF0023A6EB49
:1072C00007088B60B8F1000FE9DD216AA66A434622
:1072D0003A462846B047002808DCB4F90C3043F0A1
:1072E0004003A3814FF0FF30BDE8F0810744A8EBD5
:1072F0000008E7E70100402038B50B6905460C4659
:1073000013B90025284638BD18B1036A0BB9FEF73A
:10731000A7FFB4F90C30002BF3D0626ED00704D471
:10732000990502D4A06DFFF797FC28462146FFF788
:107330005FFF636EDA070546E4D4A3899B05E1D4B9
:10734000A06DFFF78BFCDDE70EB403B5014603AB80
:10735000054853F8042B0068019300F02BFB02B0A2
:107360005DF804EB03B070476C0100200EB470B5FB
:107370009DB021AC00254FF4017254F8046BADF8B8
:1073800014201B9502900690EDF72CF80B4B039000
:1073900007900B480B934FF6FF73ADF8163032464B
:1073A000234602A900680F951495019400F062F934
:1073B0001DB0BDE8704003B0704700BFEF62010828
:1073C0006C01002010B56AB10139841810F8012B46
:1073D00011F8013F9A4203D1A04201D0002AF5D111
:1073E000D01A10BD1046FCE700487047C0010020CD
:1073F0002DE9F0414D4A0C460023D0E90001EDF79C
:107400002BFE002ABCBF02F5A83202F5C0724FF471
:10741000616100F52F20B2FBF1F301FB13224FF065
:107420003C01ACBF00F66C2000F66B20A360B2FB01
:10743000F1F301FB132263602260C31C072293FB5C
:10744000F2F2C2EBC2029B1A394955D50733A36148
:10745000A0F50E33A3F52C7393FBF1F1354B03FB31
:10746000010048F6AC63B0FBF3F3034440F2B45CB4
:10747000B0FBFCF29B1A40F26D172F4AB0FBF2F200
:1074800064269B1AB3FBF7F2B3FBFCF3B2FBF6F5F1
:10749000EB1A034407FB1233992003EB83070237EF
:1074A00003F1010EB7FBF0FC00FB0CF002304FF0D3
:1074B0000508B0FBF8F0AEEB000040F2F95E77454E
:1074C0008CBF6FF00907022767444FF4C87C0CFBA0
:1074D0000121012F98BF0131B3F5997F12D3A3F594
:1074E0009973E361A1F26C710023E060C4E9047157
:1074F00023622046BDE8F0810028A361A8DB90FB51
:10750000F1F1ABE712F0030F02D106FB15255DB9CF
:107510004FF4C875B2FBF5F605FB1622B2FA82F2FB
:1075200052093B331344DCE70122FAE780510100A2
:10753000B13A02004FC5FDFFB03A020008B506207F
:1075400000F0CEFD0120F6F767FB00000148FFF7D1
:1075500083BB00BF112A00200148FFF77FBB00BF9B
:10756000112A00202DE9F041074614460D4621B9A5
:10757000BDE8F0411146FEF75BBD2AB9FFF7A4FB59
:1075800025462846BDE8F08100F0C6FD8442064647
:1075900002D8B4EB500FF4D821463846FEF748FD28
:1075A000804608B94546ECE7B4422246294628BF42
:1075B0003246FFF75CFB29463846FFF785FBF1E7CB
:1075C00038B54B1C144603D14FF0FF35284638BD63
:1075D000938923F020039381636B5268CDB28BB102
:1075E000A36B934208DD23685A1E226003F8015CF6
:1075F000636801336360E9E7214600F07AFC002804
:10760000F1D0E1E72169236851B1994208D213F81A
:10761000011CA94204D1013B013223606260D5E71D
:10762000C4E90F3204F1440363630323A3632346D5
:1076300003F8465F23600123DCE710B50C46496B75
:1076400069B104F14403994201D0FFF73DFB236C7B
:1076500063600020606313B1E36B236010BD236996
:10766000236000236360A38943F02003A3814FF0CC
:10767000FF30F3E72DE9F04F0C46ADF5237D0021F7
:10768000CDE94411A649A0910DF10408A549A64FE2
:10769000CDF818810646A191009392F80090B9F1B7
:1076A000000F00F0588117F8093013F0080302F1B9
:1076B000010519D06368002B0FDD23681A78BA5CC6
:1076C000120701D42A46E8E7459A013245926268DA
:1076D0000133013A62602360ECE7A19B214630460A
:1076E00098470028E9D0EDE7B9F1250F40F08580F3
:1076F0004193439353782A2B02BF1023951C419347
:107700000A22AA461AF8011BA1F13003092B1ED93F
:10771000DFF818B203225846ECF772FE38B1419AEE
:10772000A0EB0B000123834013434193554615F80A
:10773000013B782B06D8572B10D8252B5DD057D876
:10774000002B75D0032347930A23429388E0439B81
:1077500002FB0311303943915546D2E7A3F1580299
:10776000202AEFD801A151F822F000BF3F7801088C
:1077700045770108457701089978010845770108A0
:1077800045770108457701084577010845770108E5
:107790004577010845770108AF7801089578010819
:1077A000F7770108F7770108F777010845770108AF
:1077B00051780108457701084577010845770108A8
:1077C00045770108BF780108597801083778010822
:1077D0004577010845770108BB780108457701081E
:1077E0009578010845770108457701083F78010839
:1077F000453B022BA6D8052331E06368002B0DDD45
:1078000023681A784A4540F0A680013362682360F5
:10781000459B013A01336260459353E7A19B2146A2
:10782000304698470028EBD04498002840F08B80E1
:107830004FF0FF308BE0419A42F020024192419A92
:1078400042F40072419210226E2B429202D905E05E
:1078500000234293032302E0082342930423479327
:107860006368002B39DD419B590604D423681A78DC
:10787000BA5C120738D4479B022B47DC6B46224682
:1078800041A9304600F0AEF9012864D002287FF407
:1078900019AFC9E70A22D7E72946404600F0F0FAB7
:1078A000419B43F04003419305460123D7E7419BA9
:1078B00043F0400341930023D1E70223CFE74198EF
:1078C000C3063FF5FFAE009B459A191D00911B684A
:1078D000C0074CBF1A801A60F4E6A19B21463046CF
:1078E00098470028BFD09FE7459A013245926268C9
:1078F000013A002A626002DD01332360B6E7A19BF2
:107900002146304698470028B0D08DE7042B0FDC85
:107910006B46224641A9304600F0BEF9B4E700BFED
:10792000C17501083B7601083D850108B084010856
:107930000A4B002B3FF4C6AE6B46224641A93046A7
:10794000AFF30080A0E7A3895B063FF571AF0DF5AB
:10795000237DBDE8F08F4498F9E700BF00000000E8
:107960009368013B002B10B4936008DA9469A3423A
:1079700001DB0A2903D15DF8044B00F0F4BA136867
:10798000581C1060197008465DF8044B7047F8B534
:1079900006460F461446D518AC4201D1002007E038
:1079A00014F8011B3A463046FFF7DAFF431CF3D1C7
:1079B000F8BD00002DE9F04F0D469DB014469846E5
:1079C000064618B1036A0BB9FEF74AFC6B6ED9077D
:1079D00005D4AB899A0502D4A86DFFF73DF9AB89B0
:1079E0001B0701D52B699BB92946304600F0FAFAEE
:1079F00070B16B6EDC0704D54FF0FF301DB0BDE8F1
:107A0000F08FAB899805F7D4A86DFFF727F9F3E756
:107A10000023099320238DF82930CDF80C803023E2
:107A2000DFF8AC818DF82A304FF0010923469A46E1
:107A300013F8012B0AB1252AF9D1BAEB040B0BD0AC
:107A40005B46224629463046FFF7A1FF013000F091
:107A5000A780099A5A4409929AF80030002B00F046
:107A60009F8000234FF0FF32CDE905230AF1010A80
:107A7000049307938DF853301A935446052214F853
:107A8000011B5348ECF7BCFC049AD8B9D10644BF9B
:107A900020238DF85330130744BF2B238DF8533028
:107AA0009AF800302A2B15D0079A544600204FF040
:107AB0000A0C214611F8013B303B092B4BD9B0B1E0
:107AC000079214E0A0EB080309FA03F313430493AD
:107AD000A246D2E7039B191D1B680391002BBBBF75
:107AE0005B4242F0020207930793B8BF04922378E7
:107AF0002E2B0AD163782A2B32D1039B1A1D1B68C7
:107B0000039243EAE37302340593DFF8D4A02178AB
:107B100003225046ECF774FC38B1049BA0EB0A003A
:107B20004022824013430134049314F8011B294876
:107B30008DF828100622ECF763FC00283FD0264B76
:107B40001BBB039B073323F0070308330393099BF5
:107B50003B4409936AE70CFB02320C460120A8E77C
:107B600000230134059319464FF00A0C204610F803
:107B7000012B303A092A03D9002BC6D00591C4E75E
:107B80000CFB012104460123F0E703AB00932A46D6
:107B9000124B04A93046AFF300800746781CD6D1BB
:107BA0006B6ED90705D4AB899A0502D4A86DFFF78F
:107BB00055F8AB895B063FF51FAF09981EE703AB8D
:107BC00000932A46054B04A93046FFF7F3F9E4E792
:107BD000B4840108BA840108000000008F7901080C
:107BE000B08401082DE9F84315468A6880460C46A2
:107BF00032B98A69002A14BF4FF0FF3201228A602D
:107C00002268DFF89090D1065FBF1A68111D1960D5
:107C100016680027A06988B1012807D12B681A7857
:107C200063699B5C53B9002F31D022E0022820D138
:107C30002B681B7819F803301B071AD42368DA065F
:107C40005EBF2B681B7806F8013B2A686B6801321F
:107C50002A60A268013B013A6B600137A26042B121
:107C6000002BD7DCD4F880312946404698470028BD
:107C7000D0D0236813F0100305D1E2680132E2602E
:107C8000A26902B1337023693B4423610020BDE83F
:107C9000F88300BF3D8501082DE9F04F9846744BED
:107CA0000C468246164693E8070087B003AB83E88C
:107CB0000700704BA169704A032908BF1A46A368E0
:107CC00001925A1EB2F5AE7F88BF6FF4AE7527469B
:107CD00082BF03EB050940F25D13A36057F81C3B1C
:107CE00043F4506398BF4FF0000923603D464FF0C6
:107CF000000B316803AB097853F82B000222ECF734
:107D00007FFB28B3BBF1010F59D162682AB9226801
:107D1000082142F4007261602260226822F4A062AD
:107D20002260A268511EA16092B13268511C31607C
:107D3000127805F8012B7268013A002A726007DC9C
:107D4000D4F88021314650469047002840F0858085
:107D50000BF1010BBBF1030FCBD163680BB90A2305
:107D60006360636845496069C91A00F089F84FF09B
:107D7000000BA3682268002B3DD03168606991F840
:107D800000C010F80C00002835D0BCF1300F24D111
:107D9000100522D50BF1010BB9F1000F03D001330F
:107DA00009F1FF39A3607368013B002B73601BDD91
:107DB000336801333360A368013BA360D9E7BBF1AB
:107DC000020FAED1226802F4C061B1F5007FC4D1C8
:107DD0001021616042F48072A2E722F410622260F6
:107DE0000B7805F8013BDEE7D4F880313146504688
:107DF00098470028DFD02368D9050DD5BD4209D9A1
:107E000015F8011CD4F87C3132465046984705F1EC
:107E1000FF394D46BD4228D0226812F0100213D11E
:107E20002A706368019E39465046B047D8F8003042
:107E300021681A1DC8F8002011F0200F1B680FD010
:107E40001860E3680133E3602369ED1B5D442B4454
:107E50002361002007B0BDE8F08F4FF0000BCAE7A8
:107E6000CA074CBF18801860EBE70120F2E700BF9B
:107E7000408301081D820108C16E0108D1840108F8
:107E800070B50B7804465E2B0BBF4B784A1C8A1CDE
:107E9000002108BF0121013804F1FF0500F8011F8E
:107EA000A842FBD10BB9501E70BD81F00101E15415
:107EB0001046024612F8015B2D2D05D05D2D16D01F
:107EC000002DF1D02B46F2E746785D2EFAD0B34272
:107ED000F8DC02301A4601329642A154FBDCF21A59
:107EE000013A5D1CB342A8BF0022AB18E1E710467F
:107EF000DAE72DE9F0410C46496B04F1440399425D
:107F00001DD14FF48061FEF793F818B94FF0FF30A0
:107F1000BDE8F0814FF48063A36394F8463060635A
:107F200080F8FF3394F8453080F8FE3394F84430FD
:107F300080F8FD3300F2FD3020600020E8E7A66BFA
:107F400077003A46FFF70EFB05460028DED000EB2F
:107F50000608014632464046FEF789FEC4E90D5741
:107F6000C4F80080E9E7F8B50E461446054618B196
:107F7000036A0BB9FEF774F9A369A360A3891A0712
:107F800001D5236943B92146284600F02BF818B1E2
:107F90004FF0FF373846F8BD23682269981A6369A5
:107FA000F6B28342374605DC21462846FFF7A4F99E
:107FB0000028EDD1A368013BA36023685A1C22600E
:107FC0001E706269431C9A4204D0A389DB07E1D585
:107FD0000A2EDFD121462846FFF78EF90028D9D096
:107FE000D6E7000038B5294B054618680C4618B18D
:107FF000036A0BB9FEF734F9B4F90C30190722D42F
:10800000DA0607D409222A6043F04003A3814FF027
:10801000FF3033E0580712D5616B41B104F14403DE
:10802000994202D02846FEF74FFE00236363A389DE
:1080300023F02403A3810023636023692360A389C1
:1080400043F00803A38123694BB9A38903F4207388
:10805000B3F5007F03D02146284600F007F9B4F9B4
:108060000C3013F001020AD00022A2606269524271
:10807000A261226942B913F08000C5D138BD9907C9
:1080800058BF6269A260F4E70020F7E76C010020A6
:108090001F2938B505460C4604D9162303604FF056
:1080A000FF3038BDC26B12B152F821304BB92846AF
:1080B00000F030F8224601462846BDE8384000F07E
:1080C00017B8012B0AD0591C03D1162303600120D5
:1080D000E7E7002142F82410204698470020E0E717
:1080E000024B01461868FFF7D3BF00BF6C010020A8
:1080F00038B5074D00230446084611462B60F5F7B6
:108100007BFD431C02D12B6803B1236038BD00BF47
:108110000C2A0020F5F768BD51F8043C181F002B0D
:10812000BCBF0B58C0187047242B2DE9F04786467A
:10813000904601D8012B06D1FEF762FD162303609D
:108140000020BDE8F08734480D462A4615F8014B5B
:10815000065D16F00806F8D12D2C10D12C780126DA
:10816000951C33F0100215D1302C0DD12A7802F075
:10817000DF02582A08D16C78023510230AE02B2C34
:1081800004BF2C78951CECE7002BF6D1302C14BFE3
:108190000A23082306F1004C0CF1FF3C0022BCFB33
:1081A000F3F9104603FB19CAA4F13007092F0FD8C1
:1081B0003C46A3421BDD571C07D0814514D301D197
:1081C000A24511DB00FB0340012215F8014BEBE750
:1081D000A4F14107192F01D8373CEAE7A4F1610760
:1081E000192F04D8573CE4E74FF0FF32EDE7531C5A
:1081F00008D12223CEF800306046B8F1000FA0D09D
:10820000691E06E006B14042B8F1000F99D0002A7D
:10821000F6D1C8F8001094E73D850108FFF784BF48
:1082200070B50C46B1F90E10002996B015461E46E1
:108230000DDAA38913F0800F4FF0000114BF402323
:108240004FF48063002031602B6016B070BD6A4629
:1082500000F048F80028ECDB019901F47041A1F529
:108260000053594259414FF48063EBE78B89F7B5CE
:108270009D0706460C4607D504F14703236023619A
:108280000123636103B0F0BD01AB6A46FFF7C8FF8D
:10829000009F054639463046FDF7CAFE48B9B4F995
:1082A0000C309A05EED423F0030343F00203A381BC
:1082B000E2E7A389206043F08003A381019BC4E926
:1082C00004075BB1B4F90E10304600F01DF828B178
:1082D000A38923F0030343F00103A381A3891D4372
:1082E000A581CFE738B5074D00230446084611465F
:1082F0002B60F5F7E1FC431C02D12B6803B123602E
:1083000038BD00BF0C2A002038B5064D00230446B6
:1083100008462B60F5F7E0FC431C02D12B6803B143
:10832000236038BD0C2A0020F8B500BFF8BC08BC9B
:108330009E467047F8B500BFF8BC08BC9E46704723
:10834000D3840108D6840108D98401080000000004
:1083500000000000010203040607080900000000F5
:1083600001020304A0860100400D0300801A0600EC
:1083700000350C0040420F0080841E0000093D00C3
:1083800000127A000024F40000366E010048E80173
:10839000006CDC025245454E54206D616C6C6F637D
:1083A00020737563636565646564002F6275696C2D
:1083B000642F676E752D746F6F6C732D666F722DE1
:1083C00073746D33325F31332E332E72656C312E00
:1083D00032303234303932362D313731352F7372F5
:1083E000632F6E65776C69622F6E65776C69622F9B
:1083F0006C6962632F74696D652F6C636C74696D51
:10840000652E6300545A00474D54002531315B2DD1
:108410002B302D39412D5A612D7A5D256E00253185
:10842000315B412D5A612D7A5D256E004D256875B1
:10843000256E2E256875256E2E256875256E002FF4
:10844000256875256E3A256875256E3A2568752567
:108450006E002C2066756E6374696F6E3A20006141
:108460007373657274696F6E2022257322206661B2
:10847000696C65643A2066696C6520222573222C3C
:10848000206C696E65202564257325730A003031E0
:10849000323334353637383941424344454600306B
:1084A000313233343536373839616263646566009A
:1084B000686C4C00232D302B2000656667454647CD
:1084C00000412D46612D663839303132333435362E
:1084D000375D002B2D003030007858001F00000061
:1084E0001C0000001F0000001E0000001F00000014
:1084F0001E0000001F0000001F0000001E00000002
:108500001F0000001E0000001F0000001F000000F0
:108510001D0000001F0000001E0000001F000000E2
:108520001E0000001F0000001F0000001E000000D1
:108530001F0000001E0000001F000000002020207F
:108540002020202020202828282828202020202003
:1085500020202020202020202020202020881010D3
:10856000101010101010101010101010100404042F
:1085700004040404040404101010101010104141ED
:1085800041414141010101010101010101010101DB
:1085900001010101010101011010101010104242EF
:1085A00042424242020202020202020202020202AB
:1085B000020202020202020210101010200000004B
:1085C00000000000000000000000000000000000AB
:1085D000000000000000000000000000000000009B
:1085E000000000000000000000000000000000008B
:1085F000000000000000000000000000000000007B
:10860000000000000000000000000000000000006A
:10861000000000000000000000000000000000005A
:10862000000000000000000000000000000000004A
:10863000000000000000000000000000000000003A
:1086400090BDFE7F01000000B54300089143000883
:1086500028FF2A19B215042728FFC56DB21503B7E4
:1086600028FFD303B215016E28FF5174B21503B46D
:1086700028FF0094B21503A528FFE402B2150134C7
:1086800028FF742FB215016E28FF5A9AB2150124E3
:1086900028FFB582B215030928FF621DB21501C17A
:1086A00028C30456B5013C462876AE56B5013C2495
:1086B00028B51B56B5013C7F280D8856B5013C20D6
:1086C00028BEDA56B5013C682833CB56B5013C7953
:1086D00028C21B56B5013C6228F4A256B5013C8164
:1086E00028B22556B5013CDC2815F856B5013CB733
:1086F00028FF6576E0013C3428AC2076E0013C7828
:1087000028576576E0013CC928587376E0013C0D96
:1087100028450676E0013CA328CA4376E0013C5692
:108720002859CB463A1901A92859B156B5013CA59B
:1087300028F4554D3A19013E2848D8BB1E1901119D
:10874000283C36673A190134285F7456B5013CE776
:1087500028513756B5013C5328624556B5013C09AE
:1087600028E4277B3A1901CA281E36023A1901FD6E
:10877000284CA37E0C00006D2860997E0C00009FA1
:10878000284DA37E0C00005A2856997E0C0000C08C
:108790002852997E0C00001C9828002000093D00FA
:1087A00010000000010000000000000003000000B5
:1087B000AC2800200784010807840108700100200C
:1087C00000000000AC280020142900207C29002093
:1087D0000000000000000000000000000000000099
:1087E0000000000000000000000000000000000089
:1087F0000000000000000000000000000000000079
:108800000000000000000000000000000000000068
:1088100001000000000000004A000000000000000D
:108820000000000000000000000000000000000048
:108830000000000000000000000000000000000038
:108840004A000000000000000000000000000000DE
:108850000000000000000000000000000000000018
:08886000000000000000000010
:00000001FF
