:020000040800F2
:10400000E42532950101000064000000AB6F88696F
:104010003030312E30300000000000000000000081
:10402000454C45434F4E00000000000000000000DA
:1040300000000000004000089387010800420008CB
:104040000042000893870108FFFFFFFF0000000007
:104050000000000000000000000000000000000060
:104060000000000000000000000000000000000050
:104070000000000000000000000000000000000040
:104080000000000000000000000000000000000030
:104090000000000000000000000000000000000020
:1040A0000000000000000000000000000000000010
:1040B0000000000000000000000000000000000000
:1040C00000000000000000000000000000000000F0
:1040D00000000000000000000000000000000000E0
:1040E00000000000000000000000000000000000D0
:1040F00000000000000000000000000000000000C0
:1041000000000000000000000000000000000000AF
:10411000000000000000000000000000000000009F
:10412000000000000000000000000000000000008F
:10413000000000000000000000000000000000007F
:10414000000000000000000000000000000000006F
:10415000000000000000000000000000000000005F
:10416000000000000000000000000000000000004F
:10417000000000000000000000000000000000003F
:10418000000000000000000000000000000000002F
:10419000000000000000000000000000000000001F
:1041A000000000000000000000000000000000000F
:1041B00000000000000000000000000000000000FF
:1041C00000000000000000000000000000000000EF
:1041D00000000000000000000000000000000000DF
:1041E00000000000000000000000000000000000CF
:1041F00000000000000000000000000000000000BF
:1042000000C00020059B4200459742004D974200A8
:10421000559742005D9742006597420000000000FC
:104220000000000000000000000000006D97420048
:104230007B97420000000000899742009797420058
:10424000559B4200559B4200559B4200559B4200A6
:10425000559B4200559B4200A7974200559B420048
:10426000B5974200C3974200559B4200D197420048
:10427000E5974200F9974200856C4200C16C42000C
:104280000D984200559B420021984200359842000B
:10429000499842005D984200559B4200559B420060
:1042A000559B4200559B4200559B4200559B420046
:1042B000559B42000000000000000000559B42009A
:1042C000559B4200559B4200559B4200719842000D
:1042D000559B4200BD6B4200859842009998420070
:1042E000559B4200559B420000000000000000006A
:1042F00000000000000000000000000000000000BE
:1043000000000000559B420000000000559B420049
:104310000000000000000000AD984200559B4200E4
:10432000559B4200559B4200559B4200C598420058
:10433000559B42000000000000000000000000004B
:10434000559B4200559B4200559B420000000000D7
:10435000D9984200ED98420001994200559B4200D5
:10436000559B4200559B4200559B420000000000B7
:10437000559B4200559B42000000000000000000D9
:10438000559B4200559B4200559B42000000000097
:1043900010B5054C237833B9044B13B10448AFF37F
:1043A00000800123237010BD1802002000000000CF
:1043B0005440430008B5034B1BB103490348AFF316
:1043C000008008BD000000001C0200205440430093
:1043D00010F8012B11F8013B012A28BF9A42F7D0AF
:1043E000D01A7047034613F8012B002AFBD1181A84
:1043F00001387047000000000000000000000000CD
:1044000001F0FF01102A2BDB10F0070F08D010F885
:10441000013B013A8B422DD010F0070F42B3F6D189
:10442000F0B441EA012141EA014122F007047FF0A2
:1044300000070023F0E80256083C85EA010586EAF9
:10444000010685FA47F5A3FA87F586FA47F6A5FA35
:1044500087F68EB9EED1F0BC01F0FF0102F0070241
:1044600032B110F8013B013A83EA010313B1F8D1EC
:104470000020704701387047002D06BF35460338CD
:10448000073815F0010F07D1013015F4807F02BF06
:10449000013015F4C03F0130F0BC0138704700BF57
:1044A00081F0004102E000BF83F0004330B54FEAE5
:1044B00041044FEA430594EA050F08BF90EA020F52
:1044C0001FBF54EA000C55EA020C7FEA645C7FEAE5
:1044D000655C00F0E2804FEA5454D4EB5555B8BF08
:1044E0006D420CDD2C4480EA020281EA030382EA79
:1044F000000083EA010180EA020281EA0303362D0B
:1045000088BF30BD11F0004F4FEA01314FF4801CDD
:104510004CEA113102D0404261EB410113F0004FEF
:104520004FEA03334CEA133302D0524263EB4303A6
:1045300094EA050F00F0A780A4F10104D5F1200E44
:104540000DDB02FA0EFC22FA05F2801841F100019F
:1045500003FA0EF2801843FA05F359410EE0A5F173
:1045600020050EF1200E012A03FA0EFC28BF4CF0A4
:10457000020C43FA05F3C01851EBE37101F000455A
:1045800007D54FF0000EDCF1000C7EEB00006EEB67
:104590000101B1F5801F1BD3B1F5001F0CD34908F1
:1045A0005FEA30004FEA3C0C04F101044FEA445248
:1045B00012F5800F80F09A80BCF1004F08BF5FEACF
:1045C000500C50F1000041EB045141EA050130BDAF
:1045D0005FEA4C0C404141EB0101013C28BFB1F5C1
:1045E000801FE9D291F0000F04BF01460020B1FA0C
:1045F00081F308BF2033A3F10B03B3F120020CDADF
:104600000C3208DD02F1140CC2F10C0201FA0CF0BC
:1046100021FA02F10CE002F11402D8BFC2F1200C21
:1046200001FA02F120FA0CFCDCBF41EA0C019040D7
:10463000E41AA2BF01EB0451294330BD6FEA040420
:104640001F3C1CDA0C340EDC04F11404C4F120020B
:1046500020FA04F001FA02F340EA030021FA04F31D
:1046600045EA030130BDC4F10C04C4F1200220FA74
:1046700002F001FA04F340EA0300294630BD21FAB2
:1046800004F0294630BD94F0000F83F4801306BF78
:1046900081F480110134013D4EE77FEA645C18BF6C
:1046A0007FEA655C29D094EA050F08BF90EA020F03
:1046B00005D054EA000C04BF1946104630BD91EAFB
:1046C000030F1EBF0021002030BD5FEA545C05D1FE
:1046D0004000494128BF41F0004130BD14F580043D
:1046E0003CBF01F5801130BD01F0004545F0FE41B1
:1046F00041F470014FF0000030BD7FEA645C1ABFE6
:10470000194610467FEA655C1CBF0B46024650EA1C
:10471000013406BF52EA033591EA030F41F4002148
:1047200030BD00BF90F0000F04BF0021704730B5CE
:104730004FF4806404F132044FF000054FF00001A3
:1047400050E700BF90F0000F04BF0021704730B564
:104750004FF4806404F1320410F0004548BF404239
:104760004FF000013EE700BF42004FEAE2014FEA8E
:1047700031014FEA02701FBF12F07F4393F07F4F69
:1047800081F06051704732F07F4208BF704793F06C
:104790007F4F04BF41F40021704730B54FF460747F
:1047A00001F0004521F000411CE700BF50EA010282
:1047B00008BF704730B54FF000050AE050EA01022B
:1047C00008BF704730B511F0004502D5404261EB9B
:1047D00041014FF4806404F132045FEA915C3FF4DC
:1047E000D8AE4FF003025FEADC0C18BF03325FEA79
:1047F000DC0C18BF033202EBDC02C2F1200300FA2A
:1048000003FC20FA02F001FA03FE40EA0E0021FA4E
:1048100002F11444BDE600BF70B54FF0FF0C4CF43C
:10482000E06C1CEA11541DBF1CEA135594EA0C0FEE
:1048300095EA0C0F00F0DEF82C4481EA030621EA29
:104840004C5123EA4C5350EA013518BF52EA033564
:1048500041F4801143F4801338D0A0FB02CE4FF016
:104860000005E1FB02E506F00042E0FB03E54FF046
:104870000006E1FB03569CF0000F18BF4EF0010E3E
:10488000A4F1FF04B6F5007F64F5407404D25FEA3A
:104890004E0E6D4146EB060642EAC62141EA5551ED
:1048A0004FEAC52040EA5E504FEACE2EB4F1FD0C2F
:1048B00088BFBCF5E06F1ED8BEF1004F08BF5FEAAD
:1048C000500E50F1000041EB045170BD06F000465F
:1048D00046EA010140EA020081EA0301B4EB5C040C
:1048E000C2BFD4EB0C0541EA045170BD41F4801104
:1048F0004FF0000E013C00F3AB8014F1360FDEBF29
:10490000002001F0004170BDC4F10004203C35DA04
:104910000C341BDC04F11404C4F1200500FA05F387
:1049200020FA04F001FA05F240EA020001F0004228
:1049300021F0004110EBD37021FA04F642EB06019E
:104940005EEA430E08BF20EAD37070BDC4F10C04C8
:10495000C4F1200500FA04F320FA05F001FA04F28C
:1049600040EA020001F0004110EBD37041F1000178
:104970005EEA430E08BF20EAD37070BDC4F1200583
:1049800000FA05F24EEA020E20FA04F301FA05F2EB
:1049900043EA020321FA04F001F0004121FA04F293
:1049A00020EA020000EBD3705EEA430E08BF20EA63
:1049B000D37070BD94F0000F0FD101F0004640009D
:1049C00041EB010111F4801F08BF013CF7D041EA1F
:1049D000060195F0000F18BF704703F00046520023
:1049E00043EB030313F4801F08BF013DF7D043EAF4
:1049F0000603704794EA0C0F0CEA135518BF95EAAA
:104A00000C0F0CD050EA410618BF52EA4306D1D130
:104A100081EA030101F000414FF0000070BD50EA4F
:104A2000410606BF1046194652EA430619D094EAD9
:104A30000C0F02D150EA013613D195EA0C0F05D1C3
:104A400052EA03361CBF104619460AD181EA030117
:104A500001F0004141F0FE4141F470014FF00000CF
:104A600070BD41F0FE4141F4780170BD70B54FF06A
:104A7000FF0C4CF4E06C1CEA11541DBF1CEA1355EA
:104A800094EA0C0F95EA0C0F00F0A7F8A4EB0504CC
:104A900081EA030E52EA03354FEA013100F08880C3
:104AA0004FEA03334FF0805545EA131343EA12638C
:104AB0004FEA022245EA111545EA10654FEA002641
:104AC0000EF000419D4208BF964244F1FD0404F5FA
:104AD000407402D25B084FEA3202B61A65EB030556
:104AE0005B084FEA32024FF480104FF4002CB6EB13
:104AF000020E75EB030E22BFB61A754640EA0C0093
:104B00005B084FEA3202B6EB020E75EB030E22BFD2
:104B1000B61A754640EA5C005B084FEA3202B6EB13
:104B2000020E75EB030E22BFB61A754640EA9C00D2
:104B30005B084FEA3202B6EB020E75EB030E22BFA2
:104B4000B61A754640EADC0055EA060E18D04FEA60
:104B5000051545EA16754FEA06164FEAC30343EA00
:104B600052734FEAC2025FEA1C1CC0D111F4801FCD
:104B70000BD141EA00014FF000004FF0004CB6E7C6
:104B800011F4801F04BF01430020B4F1FD0C88BF65
:104B9000BCF5E06F3FF6AFAEB5EB030C04BFB6EB70
:104BA000020C5FEA500C50F1000041EB045170BD63
:104BB0000EF0004E4EEA113114EB5C04C2BFD4EB90
:104BC0000C0541EA045170BD41F480114FF0000E14
:104BD000013C90E645EA060E8DE60CEA135594EA90
:104BE0000C0F08BF95EA0C0F3FF43BAF94EA0C0F93
:104BF0000AD150EA01347FF434AF95EA0C0F7FF408
:104C000025AF104619462CE795EA0C0F06D152EA5B
:104C100003353FF4FDAE1046194622E750EA41063F
:104C200018BF52EA43067FF4C5AE50EA41047FF450
:104C30000DAF52EA43057FF4EBAE12E74FF0FF3CB5
:104C400006E000BF4FF0010C02E000BF4FF0010C86
:104C50004DF804CD4FEA410C7FEA6C5C4FEA430CFF
:104C600018BF7FEA6C5C1BD001B050EA410C0CBF4E
:104C700052EA430C91EA030F02BF90EA020F0020B0
:104C8000704710F1000F91EA030F58BF994208BF17
:104C900090422CBFD8176FEAE37040F001007047D4
:104CA0004FEA410C7FEA6C5C02D150EA013C07D12B
:104CB0004FEA430C7FEA6C5CD6D152EA033CD3D076
:104CC0005DF8040B704700BF8446104662468C4670
:104CD0001946634600E000BF01B5FFF7B7FF0028A3
:104CE00048BF10F1000F01BD4DF808EDFFF7F4FFCC
:104CF0000CBF012000205DF808FB00BF4DF808ED57
:104D0000FFF7EAFF34BF012000205DF808FB00BF79
:104D10004DF808EDFFF7E0FF94BF012000205DF89B
:104D200008FB00BF4DF808EDFFF7CEFF94BF012050
:104D300000205DF808FB00BF4DF808EDFFF7C4FF49
:104D400034BF012000205DF808FB00BF4FEA41029C
:104D500012F5001215D211D56FF47873B3EB6252CD
:104D600012D94FEAC12343F0004343EA505311F0F4
:104D7000004F23FA02F018BF404270474FF0000086
:104D8000704750EA013005D111F0004008BF6FF0C4
:104D9000004070474FF00000704700BF4FEA4102EB
:104DA000B2F1E04324BFB3F5001CDCF1FE5C0DD989
:104DB00001F0004C4FEAC0024CEA5070B2F1004FD3
:104DC00040EB830008BF20F00100704711F0804FD6
:104DD00021D113F13872BCBF01F00040704741F49B
:104DE00080114FEA5252C2F11802C2F1200C10FA9F
:104DF0000CF320FA02F018BF40F001004FEAC12383
:104E00004FEAD32303FA0CFC40EA0C0023FA02F326
:104E10004FEA4303CCE77FEA625307D150EA0133FC
:104E20001EBF4FF0FE4040F44000704701F00040CC
:104E300040F0FE4040F40000704700BF80F00040AA
:104E400002E000BF81F0004142001FBF5FEA410362
:104E500092EA030F7FEA226C7FEA236C6AD04FEA62
:104E60001262D2EB1363C1BFD218414048404140A7
:104E7000B8BF5B42192B88BF704710F0004F40F459
:104E8000000020F07F4018BF404211F0004F41F475
:104E9000000121F07F4118BF494292EA030F3FD041
:104EA000A2F1010241FA03FC10EB0C00C3F1200354
:104EB00001FA03F100F0004302D5494260EB4000E3
:104EC000B0F5000F13D3B0F1807F06D340084FEA4E
:104ED000310102F10102FE2A51D2B1F1004F40EB43
:104EE000C25008BF20F0010040EA030070474900AB
:104EF00040EB0000013A28BFB0F5000FEDD2B0FA48
:104F000080FCACF1080CB2EB0C0200FA0CF0AABF6A
:104F100000EBC25052421843BCBFD0401843704708
:104F200092F0000F81F4000106BF80F4000001320E
:104F3000013BB5E74FEA41037FEA226C18BF7FEAE5
:104F4000236C21D092EA030F04D092F0000F08BF27
:104F50000846704790EA010F1CBF0020704712F00E
:104F60007F4F04D1400028BF40F00040704712F14D
:104F700000723CBF00F50000704700F0004343F0B2
:104F8000FE4040F4000070477FEA226216BF0846E8
:104F90007FEA23630146420206BF5FEA412390EAAB
:104FA000010F40F4800070474FF0000304E000BFA1
:104FB00010F0004348BF40425FEA000C08BF704752
:104FC00043F0964301464FF000001CE050EA010216
:104FD00008BF70474FF000030AE000BF50EA01022B
:104FE00008BF704711F0004302D5404261EB410118
:104FF0005FEA010C02BF84460146002043F0B6433D
:1050000008BFA3F18053A3F50003BCFA8CF2083A61
:10501000A3EBC25310DB01FA02FC634400FA02FC6A
:10502000C2F12002BCF1004F20FA02F243EB020071
:1050300008BF20F00100704702F1200201FA02FCD3
:10504000C2F1200250EA4C0021FA02F243EB0200C6
:1050500008BF20EADC7070477BB972B90029BEBF77
:1050600000204FF0004106E008BF00281CBF6FF091
:1050700000414FF0FF3000F011BAADF1080C6DE9BE
:1050800004CE002909DB002B1ADB00F08BF8DDF8D9
:1050900004E0DDE9022304B07047404261EB4101C6
:1050A000002B1BDB00F07EF8DDF804E0DDE90223D5
:1050B00004B0404261EB4101524263EB430370474D
:1050C000524263EB430300F06DF8DDF804E0DDE9E4
:1050D000022304B0404261EB41017047524263EB4E
:1050E000430300F05FF8DDF804E0DDE9022304B0DB
:1050F000524263EB4303704753B94AB9002908BFD2
:1051000000281CBF4FF0FF314FF0FF3000F0C6B950
:10511000ADF1080C6DE904CE00F044F8DDF804E0D0
:10512000DDE9022304B07047D0B5FFF71DFB0C4B3F
:10513000002206460F46FFF76FFB00F0B1F9044668
:10514000FFF7F0FA074B0022FFF766FB02460B461B
:1051500030463946FFF7A8F900F0A2F92146D0BD44
:105160000000F03D0000F041D0B50C4B0022064697
:105170000F46FFF751FB00F093F90446FFF7D2FA10
:10518000074B0022FFF748FB02460B4630463946E4
:10519000FFF78AF900F084F92146D0BD0000F03D08
:1051A0000000F0412DE9F047089D8E4604468846F0
:1051B000002B4AD18A42174662D9B2FA82F64EB122
:1051C000C6F1200301FA06F820FA03F3B74043EAD8
:1051D0000808B4404FEA174E1FFA87FCB8FBFEF1EF
:1051E000230C0EFB118843EA084301FB0CF29A42A0
:1051F00009D9FB1801F1FF3080F0EA809A4240F2B1
:10520000E78002393B449A1AA3B2B2FBFEF00EFBD0
:10521000102243EA024300FB0CFC9C4509D9FB1811
:1052200000F1FF3280F0D6809C4540F2D3803B44B1
:10523000023840EA0140A3EB0C0300211DB1F3400A
:105240000022C5E90032BDE8F0878B4205D90DB1D7
:10525000C5E9000100210846F5E7B3FA83F100290A
:1052600046D1734502D3824200F20581841A6EEB67
:10527000030201209046002DE5D0C5E90048E2E791
:10528000002A00F09080B2FA82F6002E40F0A4804E
:105290008A1A030C4FEA174E80B2BCB20121B2FB4E
:1052A000FEFC0EFB1C2243EA024304FB0CF29A4272
:1052B00007D9FB180CF1FF3802D29A4200F2E080C5
:1052C000C4469B1AB3FBFEF20EFB123340EA0343C3
:1052D00002FB04F49C4207D9FB1802F1FF3002D212
:1052E0009C4200F2CA8002461B1B42EA0C40A5E722
:1052F000C1F120068B4022FA06F71F430EFA01F493
:1053000020FA06F32EFA06FE4FEA1749234300FA65
:1053100001F81FFA87FCBEFBF9F01C0C09FB10EE2C
:1053200044EA0E4400FB0CFEA64502FA01F209D93C
:105330003C1900F1FF3A80F09C80A64540F299802C
:1053400002383C44A4EB0E041FFA83FEB4FBF9F3CD
:1053500009FB13444EEA044403FB0CFCA44508D9A2
:105360003C1903F1FF3E80F08280A4457FD9023BC7
:105370003C4443EA0040A4EB0C04A0FB02EC64456F
:105380007346E14662D35FD05DB1B8EB030264EBD4
:10539000090404FA06F622FA01F31E43CC40C5E9DB
:1053A000006400214FE7B1FBF2FC010C41EA0E4121
:1053B00080B240EA01423B4638463C46B846BE46CB
:1053C0002026B1FBF7F1A2EB080241EA0C4166E7A7
:1053D000014618E710462CE7C6F120022EFA02F328
:1053E000B740B14020FA02F24FEA174E0A43B3FB2E
:1053F000FEF8BCB20EFB1833110C41EA034108FB66
:1054000004F9B04089454FEA104380B23ED979187B
:1054100008F1FF3C01D289451FD8A1EB0901B1FB7E
:10542000FEF909FB04F80EFB191192B242EA01429F
:10543000424529D2BA1809F1FF31C4D24245C2D23D
:10544000A9F102013A44BEE7F0459DD2BEEB02034A
:105450006CEB070C0138E14696E7A7EB09094944D4
:10546000A8F1020CB1FBFEF909FB04F8DBE7734677
:105470007FE7504666E70846FDE63B44023A33E7DD
:10548000ACF1020C3B441CE749469CE7A1EB090147
:10549000C446B1FBFEF909FB04F8C4E7704700BF3E
:1054A0004A0011D212F5001211D20DD56FF47873A3
:1054B000B3EB62520ED44FEAC12343F0004343EAF8
:1054C000505323FA02F070474FF00000704750EA43
:1054D000013002D14FF0FF3070474FF000007047AD
:1054E00080B584B000AFF860B9601346FB710E4A16
:1054F000FB6813600D4ABB6813600D4AFB7913709B
:10550000094B1B687F2118460AF004F9084B1B78E9
:105510005B00184610F0F0FC03461A46054B1A6073
:1055200000BF1037BD4680BD340200203802002085
:105530003C0200204002002080B500AF074B1B68F2
:10554000002B08D0064B1B68044A1168054A1278E4
:10555000184609F009F800BF80BD00BF40020020D6
:10556000340200203C02002080B483B000AF034628
:10557000FB710B4B1B78FA799A420AD2094B1B68D4
:10558000002B06D0074B1A68FB795B0013441B887D
:1055900000E0002318460C37BD465DF8047B7047D9
:1055A0003C0200204002002080B582B000AF78604D
:1055B000044B1B68184609F05BF800BF0837BD466E
:1055C00080BD00BF3402002080B584B000AF786099
:1055D0007B681B68002B21D07B68012283F8CF20D9
:1055E0007B68002283F8CD207B68002283F8CE20E0
:1055F0007B6800221A717B6818687B6890333B22B5
:10560000194610F01DFC0346FB73FB7B002B05D0F5
:105610007B681B6818460FF03BFDB86000BF103771
:10562000BD4680BD80B586B000AF786000237B6149
:105630007B6893F8CD30002B2CD07B6893F8CE306C
:10564000382B23D97B6893F8CE303A2B03D17B6873
:1056500090337B6107E07B6893F8CE303B2B02D11F
:105660007B6891337B617B69002B0FD0786900F0F8
:105670003EF80346012B09D17968786900F05CF89F
:10568000786800F099F97B6801221A717B68002222
:1056900083F8CD207B6818687B6890333B221946DD
:1056A00010F0CEFB0346FB74FB7C002B05D07B681F
:1056B0001B6818460FF0ECFCF86000BF1837BD46B9
:1056C00080BD80B483B000AF78607B681B79002B0D
:1056D00001D1012305E07B6893F8483003F0010312
:1056E000DBB218460C37BD465DF8047B704780B4CA
:1056F00085B000AF78600023BB730023FB7309E023
:10570000FB7B7A6813441A78BB7B1344BB73FB7B27
:105710000133FB73FB7B382BF2D97B6839331B7861
:10572000BA7B9A4201D1012300E0002318461437C6
:10573000BD465DF8047B704780B483B000AF7860ED
:1057400039607B681B781A047B6801331B781B0265
:1057500013437A68023212781A4313469B001344AB
:105760001A463B685A627B6804331B78582B18D062
:105770007B6804331B781B027A68053212781A435F
:1057800013465B019B1A9B001A443B689A627B6834
:1057900004331B782D2B04D13B689B6A5A423B682B
:1057A0009A627B6806331B78582B18D07B680733C6
:1057B0001B781B027A68083212781A4313465B0181
:1057C0009B1A9B001A443B68DA627B6806331B789D
:1057D0002D2B04D13B68DB6A5A423B68DA627B6856
:1057E00009331B78582B18D07B680A331B781B02AF
:1057F0007A680B3212781A4313465B019B1A9B009E
:105800001A443B681A637B6809331B782D2B04D13B
:105810003B681B6B5A423B681A637B6893F82820ED
:105820003B6883F849207B681F331B781A047B6828
:1058300020331B781B0213437A68213212781343FA
:105840001A463B685A637B6825331B781A047B68C9
:1058500026331B781B0213437A68273212781343CE
:105860001A463B689A637B6822331B781A047B686C
:1058700023331B781B0213437A68243212781343B4
:105880001A463B68DA637B689A7F3B6883F8482056
:105890007B6829331B781A047B682A331B781B0228
:1058A00013437A682B32127813431A463B681A6402
:1058B0007B682C331B781A047B682D331B781B0202
:1058C00013437A682E32127813431A463B685A649F
:1058D0007B681A331B781B027A681B3212781343D9
:1058E00099B27B6818331B785A1E0B4619468900FB
:1058F0000B4499B23B68143223F822107B681C33A6
:105900001B781BB21B021AB27B681D331B781BB2BB
:1059100013431BB29BB2A3F58A739AB27B68183308
:105920001B78013B11B23A6814339B0013440A46BA
:105930005A807B685A7E3B6883F820207B6831332D
:105940001B781B027A68323212781343642202FBFE
:1059500003F31A463B681A617B6833331B781B02DA
:105960007A68343212781A4313469B0013441A465D
:105970003B685A617B6835331B781B027A68363284
:1059800012781A4313469B0013441A463B689A61E7
:105990007B6837331B781B027A68383212781A43D7
:1059A00013469B0013441A463B68DA6100BF0C376C
:1059B000BD465DF8047B704780B485B000AF786069
:1059C0007B680022A3F84A207B68B3F850207B68EC
:1059D000A3F84C200023FB7326E0FA7B7B6814328B
:1059E00033F822207B68B3F84A309A4207D9FA7B11
:1059F0007B68143233F822207B68A3F84A20FA7BB4
:105A00007B68143233F822207B68B3F84C309A421A
:105A100007D2FA7B7B68143233F822207B68A3F824
:105A20004C20FB7B0133FB73FB7B0F2BD5D900BFD5
:105A300000BF1437BD465DF8047B704780B485B065
:105A400000AFF8607A603B600B467B81FB681A68A8
:105A50007B681B681B689A4208D17B68012283F827
:105A6000CD207B89DAB27B6883F8CE20FB681A6888
:105A70003B681B681B689A4208D13B68012283F887
:105A8000CD207B89DAB23B6883F8CE2000BF143783
:105A9000BD465DF8047B704780B483B000AF034619
:105AA000FB71044AFB79137000BF0C37BD465DF8EB
:105AB000047B7047F406002080B582B000AF034637
:105AC000FB7100F061FC0246FB79DB0013449B791B
:105AD000052B01D1012300E0002318460837BD46FD
:105AE00080BD80B582B000AF0023FB800023BB8067
:105AF00016E0BB88DBB21846FFF7DEFF0346012B3A
:105B000008D1B7F90430012202FA03F31AB2FB8874
:105B10001343FB80B7F904309BB201339BB2BB80C7
:105B2000B7F90430072BE4DDB7F90630184608371B
:105B3000BD4680BD80B582B000AF7860786800F067
:105B400003FD034618460837BD4680BD80B582B0C8
:105B500000AF00237B6017E034497A6813465B008E
:105B600013449B000B4406331B880A3398B22F4919
:105B70007A6813465B0013449B000B4406330246CD
:105B80001A807B6801337B607B68632BE4DD002334
:105B90007B6042E025497A6813465B0013449B0012
:105BA0000B441B78012B35D120497A6813465B00E2
:105BB00013449B000B4404331B88002B2AD01B4941
:105BC0007A6813465B0013449B000B440633198824
:105BD00016487A6813465B0013449B000344043361
:105BE0001B88994216D311497A6813465B00134407
:105BF0009B000B4402331B88184600F0B5F80B4994
:105C00007A6813465B0013449B000B440633002262
:105C10001A8006E07B6801337B607B68632BB9DD0B
:105C200000BF00BF0837BD4680BD00BF4402002052
:105C300080B582B000AF03463960FB8013467B71AC
:105C4000074B1B781A46FB8813449BB27A79396854
:105C5000184600F08FFC00BF0837BD4680BD00BF6E
:105C6000F406002080B485B000AF03460A46FB80EE
:105C70001346BB800023FB6038E03A49FA681346BC
:105C80005B0013449B000B4402331B88FA889A4242
:105C900029D1BB88002B13D03249FA6813465B0028
:105CA00013449B000B440433BA881A802D49FA68C8
:105CB00013465B0013449B000B4401221A704CE016
:105CC0002849FA6813465B0013449B000B440433D5
:105CD00000221A802349FA6813465B0013449B0094
:105CE0000B4400221A70FB680133FB60FB68632BD6
:105CF000C3DD0023FB602DE01A49FA6813465B0000
:105D000013449B000B441B78002B20D1BB88002B35
:105D10001DD01449FA6813465B0013449B000B44E2
:105D20000233FA881A800F49FA6813465B0013445D
:105D30009B000B440433BA881A800A49FA68134658
:105D40005B0013449B000B4401221A7005E0FB68C2
:105D50000133FB60FB68632BCEDD1437BD465DF875
:105D6000047B70474402002080B586B000AF034634
:105D7000FB8000237B820023FB8207F11202FB8859
:105D80001146184601F07AFF0346BB827B8A012B3D
:105D900014BF01230023DBB2FB82FB881B0A9BB2EA
:105DA000DBB23B72FB88DBB27B72B7F914301B129B
:105DB0001BB2DBB2BB72BB8ADBB2FB72FB8A1B0A73
:105DC0009BB2DBB23B73FB8ADBB27B730023BB73FA
:105DD0000023FB73074B1B7803F588739BB207F115
:105DE00008010822184600F0C5FB00BF1837BD4661
:105DF00080BD00BFF406002080B582B000AF03462E
:105E0000FB710C4AFB791370FA7913469B0013441B
:105E10009B00184610F070F803461A46064B1A60AD
:105E2000054B1B68002B01D106F082FE00BF08372E
:105E3000BD4680BDFC060020F806002080B483B07B
:105E400000AF03463960FB711346BB80234B1B78C0
:105E5000FA799A423BD2224B1968FA7913469B0091
:105E600013449B000B44FA791A701D4B1968FA7998
:105E700013469B0013449B000B443A68DA60184BAE
:105E80001968FA7913469B0013449B000B44BA88A7
:105E90001A82134B1968FA7913469B0013449B002E
:105EA0000B4400229A800E4B1968FA7913469B0026
:105EB00013449B000B4400225A80094B1968FA795D
:105EC00013469B0013449B000B4400229A6000BFC2
:105ED0000C37BD465DF8047B704700BFFC06002010
:105EE000F806002080B584B000AF07F09DFFB860D1
:105EF0000023FB736DE03C4B1968FA7B13469B0053
:105F000013449B000B449B68BA68D31A7B607B6880
:105F1000364A93420AD9344B1968FA7B13469B00E0
:105F200013449B000B4400229A801FE07B6842F2DE
:105F3000107293421AD92E4A7B68B2FBF3F37B802E
:105F4000294B1968FA7B13469B0013449B000B44B2
:105F50009B887A889A4209D2234B1968FA7B1346A8
:105F60009B0013449B000B447A889A801E4B19684F
:105F7000FA7B13469B0013449B000B44188A1A4B70
:105F80001968FA7B13469B0013449B000B445B8803
:105F90001BB20122194601F0A5FE134B1968FA7BCA
:105FA00013469B0013449B000B441B8A0A3398B290
:105FB0000D4B1968FA7B13469B0013449B000B445E
:105FC0009B881BB20122194601F08CFEFB7B01333A
:105FD000FB73084B1B78FA7B9A428CD300BF00BF3F
:105FE0001037BD4680BD00BFF8060020407E05008A
:105FF00080EE3600FC06002080B483B000AF03467C
:10600000FB710B4B1B78FA799A4209D2094B19683C
:10601000FA7913469B0013449B000B449B8800E0D5
:10602000002318460C37BD465DF8047B704700BF5F
:10603000FC060020F806002080B483B000AF0023E7
:10604000FB710CE00C4B1968FA7913469B00134462
:106050009B000B4400225A80FB790133FB71074BF4
:106060001B78FA799A42EDD300BF00BF0C37BD46CA
:106070005DF8047B704700BFF8060020FC06002096
:1060800080B586B000AF0346FB8007F0CDFE3861D7
:106090000023FB7541E0264B1968FA7D13469B00EF
:1060A00013449B000B44DA68FB889A4232D1204BA0
:1060B0001968FA7D13469B0013449B000B445A88D1
:1060C000013292B25A801A4B1968FA7D13469B002E
:1060D00013449B000B449B683A69D31AFB60FB682E
:1060E000002B0DD0134AFB68B2FBF3F0104B19687C
:1060F000FA7D13469B0013449B000B4482B29A80A6
:106100000B4B1968FA7D13469B0013449B000B440C
:106110003A699A60FB7D0133FB75074B1B78FA7D6A
:106120009A42B8D300BF00BF1837BD4680BD00BF3C
:10613000F806002080EE3600FC06002080B588B00E
:1061400000AF254BD3F89430FB6100237B6007F14F
:10615000140308220021184610F093F81E4BD3F8C0
:1061600094301D4A43F40003C2F8943004233B7575
:1061700000237B75FB691B0EDBB2BB75052117483D
:106180000CF027FC0346DBB2FB75062113480CF02C
:1061900020FC03467B607B68BB61002205210F4821
:1061A0000CF0FEFB002206210C480CF0F9FB062344
:1061B0003B7220237B7207F10A0207F1140303CB21
:1061C0001060516007F108030A21184604F054FFDB
:1061D00000BF2037BD4680BD001002406026002071
:1061E00080B400AFBFF34F8F00BF064BDB6803F4F2
:1061F000E0620449044B1343CB60BFF34F8F00BFF1
:1062000000BFFDE700ED00E00400FA0580B588B0AE
:1062100004AF78600B46FB700023BB73C8212420B9
:1062200001F080FD0346494AD3605021242001F04B
:1062300079FD0346454A13616421202001F072FD77
:106240000346424A5361414BDB68002B02D03F4B6F
:106250001B69002B3D4A7B6893603C4AFB781370B6
:106260003A4B41F288329A80384B00225A80374BA1
:1062700001229A62354B1B7803F5E0631A46334BD3
:106280009A61324B0022DA61304B00225A622F4B66
:1062900000221A620023FB7314E0FB7B2C4ADB0014
:1062A000134442F210729A80FB7B294ADB001344AC
:1062B000FF229A71FB7B2649FA7B01F83320FB7B96
:1062C0000133FB73FB7B072BE7D9204B1B78184668
:1062D0001E4B99791E4AC30013440A469A711B4B00
:1062E0009868BB7B0133DAB2002302930023019349
:1062F00040F20F7300934FF4E063002100F0BCF90B
:10630000124B9868BB7B0233DAB20023029300235E
:10631000019340F2FF6300930023012100F0ACF9E8
:106320000A4B9B6848F61201184609F07BFE074BA2
:106330009B681B681A68054B9B681B6822F48032B7
:106340001A6000BF1037BD4680BD00BF00070020A7
:106350003C07002080B500AF094B9B68184609F048
:1063600030FC074B05229A71054B1B781846044BED
:106370009979044AC30013440A469A7100BF80BD4C
:10638000000700203C07002080B400AF024B1846F5
:10639000BD465DF8047B70473C070020B0B598B05F
:1063A00004AF40E07B6AB3F5E06F1AD37B6AB3F5C4
:1063B000E26F16D27B6A87F84B3097F84B30072B89
:1063C0000FD897F84B3097F84010494ADB00134438
:1063D0000A469A7197F84B30454ADB001344002275
:1063E0005A807B6A002B1ED197F84120414B1B78C5
:1063F0009A4218D197F84030822B0FD0822B12DCB2
:10640000812B09D0812B0EDC802B09D0802B0ADC5C
:10641000012B07D0022B06E0FFF7E2FEFFF7E0FEBC
:1064200000BF00E000BF334BDB6807F124021146D8
:10643000184601F019FD0346002BB3D00023FB647E
:106440002EE02B4AFB6CDB0013445B880A3399B2C5
:10645000274AFB6CDB0013440A465A80244AFB6C33
:10646000DB0013445A882249FB6CDB000B449B88F9
:106470009A4212D91E4AFB6CDB0013449B79FF2B16
:106480000BD01B4AFB6CDB00134400225A80184AD5
:10649000FB6CDB001344FF229A71FB6C0133FB643D
:1064A000FB6C072BCDDD134B5B880A339AB2114B83
:1064B0005A80104B5A880F4B9B889A4213D30D4B2E
:1064C00000225A800B4B9A790A4B83F83020094DF1
:1064D0006C4605F128030FCB84E80F0005F1180383
:1064E0000FCB00F071F800BF5037BD46B0BD00BF04
:1064F0003C0700200007002090B58BB000AF114B87
:106500005B6907F108021146184601F054FC034686
:10651000002B13D10B4B98683C1D07F1080303F1C6
:10652000180207F10801234609F08FFB0346002BF0
:1065300004D1044B5B69184601F06AFC00BF2C379C
:10654000BD4690BD0007002080B582B000AF7860E6
:10655000074B1B697968184601F086FC0346002B3F
:1065600001D1012300E0002318460837BD4680BD55
:106570000007002090B58FB004AF03463960FB8060
:1065800013467B717B79BB61FB88BB600023FB609A
:1065900000237B6100233B617A7907F108031833FC
:1065A0003968184610F0F9FA6C4607F118030FCB5A
:1065B00084E80F0007F108030FCB00F005F803464D
:1065C00018462C37BD4690BD84B080B500AF07F1AA
:1065D000080C8CE80F00074B5B6907F108011846AF
:1065E00001F07FFC00BF1846BD46BDE8804004B006
:1065F000704700BF0007002080B58CB000AF786006
:1066000007F10C031C3307F10C020021786809F034
:10661000F7FB084B9B687A689A4207D1054BDB6809
:1066200007F10C021146184601F05BFC00BF303741
:10663000BD4680BD0007002080B58CB000AF7860FB
:1066400007F10C031C3307F10C020121786809F0F3
:10665000D7FB084B9B687A689A4207D1054B1B69A8
:1066600007F10C021146184601F03BFC00BF303721
:10667000BD4680BD0007002080B58CB000AF7860BB
:10668000084611461A460346FB700B46BB7013467C
:106690003B800E23FB62BB78FB6100233B6200233F
:1066A0007B62FB78BB61BB8F5B01BB603B885B019E
:1066B000FB60B7F84020BB8F1146184600F016F873
:1066C00003463B613A8F3B881146184600F00EF8AE
:1066D00003467B610123BB6207F108031946786812
:1066E00009F0A5F900BF3037BD4680BD80B485B044
:1066F00000AF03460A46FB801346BB800023FB81A4
:1067000000237B7300233B7300237B7322E0FA8812
:10671000BB8853409BB21BB2002B09DB3B7B002B99
:1067200006D1FB885B00FB80BB885B00BB800EE072
:10673000FB895B00FB8101233B73FB8943F0010371
:10674000FB81FB885B00FB80BB885B00BB807B7BA5
:1067500001337B737B7B0F2BD9D9FB89DB439BB246
:106760005B01FB81FB8918461437BD465DF8047B4D
:106770007047000080B483B000AF0346FB71FA7924
:10678000124913465B0013449B000B441B68104ADC
:106790001360FA790D4913465B0013449B000B44C8
:1067A00004331B680B4A1360FA79084913465B00EF
:1067B00013449B000B4408331B68074A136000BF57
:1067C0000C37BD465DF8047B704700BFC40700204E
:1067D000E8070020EC070020F007002080B483B019
:1067E00000AF0023FB710BE0FA79214913465B00EF
:1067F00013449B000B4400221A60FB790133FB71A8
:10680000FB79022BF0D91B4BDB681A4A43F00103DA
:10681000D360184B04229A62164B1B68154A43F04A
:1068200080031360144B4FF496521A80124B4FF4AE
:106830007A725A80104B40F6D8629A800F4B3C22F5
:106840001A800E4B40F28A225A800C4B96229A8074
:106850000B4B0A221A800A4B6E225A80084B4FF4C7
:1068600016729A8000BF0C37BD465DF8047B7047F6
:10687000C407002000100040880700209007002077
:106880009807002080B58AB000AF0346B9607A60EF
:10689000FB73FB7B022B32D8FA7B1B4913465B0050
:1068A00013449B000B44BA681A60FA7B16491346DE
:1068B0005B0013449B000B4408337A681A60FA7B30
:1068C0007B681904104813465B0013449B00034483
:1068D000043319607B689BB200221946B8680AF03D
:1068E00007FB7B687B611123BB610023FB610223F3
:1068F0003B6207F114031946B8680AF067F900BF54
:106900002837BD4680BD00BFC407002080B400AF5B
:106910000E4B00221A700D4B00225A700B4B0022B6
:106920009A700A4B0022DA70084B00221A71074B4A
:1069300000225A71054B00229A71044B0022DA7131
:1069400000BFBD465DF8047B704700BFAC07002068
:1069500080B586B000AFB9607A603B600346FB73D8
:106960000023FB75FA7B454913465B0013449B00EB
:106970000B441B68002B02D10223FB7576E07B6879
:10698000002B0CBF01230023DAB23B68002B0CBFA5
:1069900001230023DBB21343DBB2002B02D005231B
:1069A000FB7563E0364B1B78002B02D00123FB758F
:1069B0005CE0FB7B1846FFF7DDFEFFF7A7FF314ADF
:1069C0007B681360304A3B681360304B55221A7065
:1069D000BB681A782D4B5A70BB685A782B4B9A704B
:1069E000BB689A78294BDA70BB68DA78274B1A7142
:1069F000BB681A79254B5A71BB685A79234B9A7137
:106A0000BB689A79214BDA71BB68DA791F4B1A722D
:106A10001E4BBE225A721E4B00221A701D4B0022C2
:106A20001A701D4B00221A701C4B00221A701C4B4E
:106A30000A221A701B4B09221A701B4B00221A7073
:106A40001A4B00221A701A4B01221A700C4B0122A9
:106A50001A70184B1A88184BDA62174B1B68164AC3
:106A600043F001031360144B01225A61134AFB7D6A
:106A70001370FB7D18461837BD4680BDC407002043
:106A8000C0070020B8070020BC070020A007002096
:106A90008207002080070020810700208407002053
:106AA0007C0700207D0700207E0700207F07002054
:106AB0008307002088070020001000408507002081
:106AC00080B584B000AF0346FB710023FB73FA79F5
:106AD000284913465B0013449B000B441B68002BA2
:106AE00002D10223FB733DE0234B1B78002B02D025
:106AF0000123FB7336E0FB791846FFF73BFEFFF7F7
:106B000005FF1E4BCC221A701C4B44225A701C4BA2
:106B100000221A701B4B00221A701B4B00221A70A5
:106B20001A4B00221A701A4B02221A70194B0022BB
:106B30001A70194B00221A70184B00221A70184B49
:106B400002221A700C4B01221A70164B1A88164B2F
:106B5000DA62154B1B68144A43F001031360124BB1
:106B600001225A61114AFB7B1370FB7B18461037D8
:106B7000BD4680BDC4070020C0070020A00700203C
:106B80008207002080070020810700208407002062
:106B90007C0700207D0700207E0700207F07002063
:106BA0008307002088070020001000408507002090
:106BB00090B583B000AF2C4B1B78002B02D12B4B30
:106BC00003221A702A4B1B78022B43D0022B44DC81
:106BD000002B02D0012B07D03FE0264B264A92E83B
:106BE000030083E8030038E0244B1B68002B33D0FC
:106BF000214B1B781AB2204B5B781BB21B021BB2D5
:106C000013431BB2FB80FB88BB801B4B1C7A082103
:106C1000194800F0EBF903469C4213D1B7F9042060
:106C200013469B0013445B00002B00DA0F331B114B
:106C30001A46124B1B6812B21A80114B1B680122B4
:106C40001A7003E00E4B1B6800221A700B4B0022D7
:106C50001A6001E000BF00E000BF0A4B00221A707A
:106C600000BF0C37BD4690BD84070020850700207B
:106C700083070020F4070020AC070020B80700209D
:106C8000BC070020C007002080B500AF8D4B00225C
:106C90001A618D4B1B78012B40F086808B4B1B7843
:106CA000022B26D0022B2ADC002B02D0012B06D08F
:106CB00025E0874B1B68874A12689A611FE0864B64
:106CC0001B781A46854B9B5C1A46854B1B7842FA0B
:106CD00003F303F00103002B05D07D4B1B68814AB1
:106CE00012689A610BE07A4B1B687A4A12689A61C3
:106CF00005E0774B1B687B4A12689A6100BF734BB3
:106D00001B780133DAB2714B1A70704B1B78022B6F
:106D100008D86E4B1B781A46734B33F81220694B18
:106D2000DA624AE1694B00221A70684B1B781A46F6
:106D30006D4B33F81220634BDA62694B1B780133D9
:106D4000DAB2674B1A70664B1B78072B40F235811D
:106D5000634B00221A70604B1B780133DAB25E4B32
:106D60001A705D4B1A78614B1B789A42C0F02581EE
:106D7000594B00221A705E4B1B78002B0BD0524BE4
:106D800002221A70514B1B781A465A4B33F81220C4
:106D90004C4BDA6211E14B4B1B684A4A23F001036A
:106DA0001360FFF705FF08E1474B1B78022B40F00B
:106DB000A780464B1B78022B12D0022B44DC002B01
:106DC00002D0012B06D03FE0414B1B68414A1268BC
:106DD0009A6139E03E4B1B68424A12689A6133E07F
:106DE0003B4B1B681A693F4B1B681340002B14D0A8
:106DF000394B1B781A46404B9B5C5AB2384B1B7878
:106E0000194601238B405BB2134359B2324B1B78B6
:106E10001A46C9B2384B995415E02F4B1B781A46C5
:106E2000354B9B5C5AB22E4B1B78194601238B4085
:106E30005BB2DB435BB2134059B2274B1B781A4657
:106E4000C9B22D4B995400BF204B1B780133DAB2E5
:106E50001E4B1A701D4B1B78022B29D91B4B00228D
:106E60001A701F4B1B780133DAB21D4B1A701C4B82
:106E70001B78072B1CD91A4B00221A70164B1B7853
:106E80000133DAB2144B1A70134B1A78184B1B7873
:106E90009A420DD30B4B1B680A4A23F0010313607F
:106EA000FFF786FE0C4B00221A70144B00221A705A
:106EB000064B1B781A460F4B33F81220014BDA624F
:106EC0007BE000BF00100040820700208107002007
:106ED000E8070020EC0700207F070020A007002023
:106EE0007E070020F0070020900700207C0700208C
:106EF0007D07002098070020AC070020C007002075
:106F00002F4B1B78002B58D12E4B1B78022B12D005
:106F1000022B20DC002B02D0012B06D01BE02A4BD9
:106F20001B682A4A12689A6115E0274B1B68284A99
:106F300012689A610FE0244B1B681A69244B1B6886
:106F40001340002B03D0234B00221A7002E0214B88
:106F500001221A7000BF1B4B1B780133DAB2194BA8
:106F60001A70184B1B78022B08D8164B1B781A4640
:106F7000194B33F81220194BDA621EE0114B002234
:106F80001A70174B00221A70124B1B78002B0BD073
:106F90000B4B01221A70124B1B781A46114B33F817
:106FA00012200E4BDA6208E00C4B1B680B4A23F0F0
:106FB000010313600C4B00221A7000BF80BD00BF9C
:106FC0008207002080070020E8070020EC0700204F
:106FD000F0070020840700208807002000100040F0
:106FE0008107002090070020C007002080B485B0F2
:106FF00000AF78600B46FB700023FB730023BB736C
:1070000025E0BB7B7A6813441B787B7300233B73BA
:1070100017E0FA7B7B7B5340DBB203F00103FB728A
:10702000FB7B5B08FB73FB7A002B04D0FB7B83F0BC
:107030007303DB43FB737B7B5B087B733B7B01331D
:107040003B733B7B072BE4D9BB7B0133BB73BA7B20
:10705000FB789A42D5D3FB7B18461437BD465DF8C2
:10706000047B704780B58AB000AF786007F10803F1
:107070000022194615480BF091FA07F11C03002273
:10708000194612480BF06DFBFB7F03F5FA639BB2C8
:10709000FB847B7F87F82430BB7F87F823303B7AE3
:1070A00087F820307B7A87F82130BB7A87F8223046
:1070B0003B7F87F825307B681A4607F1200303CB16
:1070C0001060516078682837BD4680BD602600207A
:1070D00080B588B000AF3B4683E80300FB88DBB295
:1070E0003033DBB2FB773B797B77FB78BB777B79FF
:1070F0003B7707F11C030022194610480BF0AAFA4F
:107100003B783B727B787B72BB78BB720023FB724F
:1071100000237B610023BB6107F1080300221946AD
:1071200006480BF09EF943F2F222012103480BF0CE
:1071300037FC00BF2037BD4680BD00BF6026002061
:1071400080B588B000AF7860796800200A460346B1
:10715000C7E9042307F1100318460FF09BF8F86104
:10716000FB691B68DBB2BB72FB695B68DBB27B72DD
:10717000FB699B68DBB23B72FB69DB68DBB2FB72CD
:10718000FB691B69DBB20133DBB23B73FB695B69F3
:107190009BB203F26C739BB2FB8107F1080393E887
:1071A0000300FFF795FF00BF2037BD4680BD0000FC
:1071B00080B400AF094B00221A80094B00221A70DC
:1071C000084B00221A70084B00221A70074B00224D
:1071D0001A7000BFBD465DF8047B7047EC090020C3
:1071E000EE090020EF090020FC070020F009002034
:1071F00090B583B000AF844B1B88002B40F0A98072
:1072000000237B609EE081497A6813465B0013444B
:107210009B000B440B331B780133D8B27B497A684F
:1072200013465B0013449B000B440B3302461A7059
:1072300076497A6813465B0013449B000B44043381
:10724000B3F9003013F5967F4DDB70497A68134629
:107250005B0013449B000B440433B3F9003040F24D
:10726000E24293423FDC69497A6813465B0013446B
:107270009B000B4406331B78012B34D163497A6899
:1072800013465B0013449B000B440B3300221A701F
:107290005E497A6813465B0013449B000B44043339
:1072A000B3F9000059497A6813465B0013449B0008
:1072B0000B44023302461A8054497A6813465B0035
:1072C00013449B000B440833188850497A681346CE
:1072D0005B0013449B000B440233B3F900300122DE
:1072E000194600F0FFFC49497A6813465B001344D5
:1072F0009B000B440B331B78052B20D943497A683C
:1073000013465B0013449B000B440B3300221A709E
:107310003E497A6813465B0013449B000B440833D4
:1073200018883A497A6813465B0013449B000B4463
:107330000233B3F900300022194600F0D3FC7B6819
:1073400001337B60324B1B781A467B689342FFF611
:107350005AAF304B1B781A462B4B1B889A4205D9E3
:10736000294B1B88DBB21846FFF7AAFB264B1B886C
:10737000142B33D9284B1B781946244A0B465B0043
:107380000B449B0013440A331878234B1B7819468F
:107390001E4A0B465B000B449B0013441B78DB002A
:1073A0001E4A99181C4B1B781A4613465B0013445F
:1073B0009B00164A13441A1D174B1B781C46234684
:1073C0005B0023449B00114C23440633FFF7C0FAB3
:1073D000114B1B780133DAB20F4B1A700A4B1B8822
:1073E00001339AB2084B1A800B4B1A78084B1B7862
:1073F0009A4205D3084B00221A70034B00221A80D0
:1074000000BF0C37BD4690BDEC09002000080020ED
:10741000FC070020F0090020EE09002000000020F9
:1074200080B584B000AF0346B9607A60FB730B4B44
:107430001B78022B0DD8FB7B7A68B9681846FFF7DA
:1074400021FA064B1B780133DAB2044B1A70002381
:1074500000E0012318461037BD4680BDF00900202A
:1074600080B483B000AF0346FB710B46BB8013466C
:10747000BB712D4B1B78282B4FD82B4B1B781946F3
:107480002A4A0B465B000B449B001344FA791A709E
:10749000254B1B781946254A0B465B000B449B0085
:1074A000134402334FF400421A801F4B1B781946D5
:1074B0001E4A0B465B000B449B001344063300221C
:1074C0001A70194B1B781946184A0B465B000B447F
:1074D0009B0013440833BA881A80134B1B78194653
:1074E000124A0B465B000B449B0013440A33BA79E3
:1074F0001A700D4B1B7819460C4A0B465B000B4467
:107500009B0013440B3300221A70074B1B78013386
:10751000DAB2054B1A70002300E0012318460C373D
:10752000BD465DF8047B7047FC0700200008002082
:1075300080B588B002AF78600023BB7200233B8126
:107540007B685B683B617B681B68FB607B681B7AC0
:107550003B75274B009307F108030FCB00F052F85F
:107560007B681B693B617B68DB68FB607B681B7D1C
:107570003B75204B009307F108030FCB00F042F856
:107580007B68DB693B617B689B69FB607B6893F888
:1075900020303B75184B009307F108030FCB00F028
:1075A00031F87B689B6A3B617B685B6AFB607B6848
:1075B00093F82C303B75114B009307F108030FCB68
:1075C00000F020F87B685B6B3B617B681B6BFB60AA
:1075D0007B6893F838303B75094B009307F108033B
:1075E0000FCB00F00FF800BF1837BD4680BD00BFBD
:1075F000F4090020040A0020140A0020240A0020B4
:10760000340A002090B585B000AF3C4684E80F00F6
:107610003B6A1C463B460FCB84E80F000021386ACA
:1076200000F09EF800BF1437BD4690BD80B500AF96
:1076300000210A4800F094F80021094800F090F871
:107640000021084800F08CF80021074800F088F875
:107650000021064800F084F800BF80BDF409002036
:10766000040A0020140A0020240A0020340A002002
:1076700080B483B000AF0346FB71084B9B78FA7966
:107680009A4205D0054AFB799370044B00221A8078
:1076900000BF0C37BD465DF8047B7047040A00202C
:1076A00080B483B000AF0346FB71084B9B78FA7936
:1076B0009A4205D0054AFB799370044B00221A8048
:1076C00000BF0C37BD465DF8047B7047140A0020EC
:1076D00080B483B000AF0346FB71084B9B78FA7906
:1076E0009A4205D0054AFB799370044B00221A8018
:1076F00000BF0C37BD465DF8047B7047240A0020AC
:1077000080B483B000AF0346FB71084B9B78FA79D5
:107710009A4205D0054AFB799370044B00221A80E7
:1077200000BF0C37BD465DF8047B7047F4090020AC
:1077300080B483B000AF0346FB71084B9B78FA79A5
:107740009A4205D0054AFB799370044B00221A80B7
:1077500000BF0C37BD465DF8047B7047340A00203B
:1077600080B582B000AF78600B46FB707B689B7879
:10777000082B00F23F8201A252F823F0A13542000B
:10778000D13542000136420079364200F1364200DE
:1077900065374200DB3742006F3842005338420001
:1077A0007B681B7B002B09D17B6858687B689B68D2
:1077B0009BB20122194609F09BFB26E27B685868C0
:1077C0007B689B689BB20022194609F091FB1CE282
:1077D0007B681B7B002B09D17B6858687B689B68A2
:1077E0009BB20022194609F083FB0EE27B685868C1
:1077F0007B689B689BB20122194609F079FB04E281
:107800007B681B88322B17D87B681B7B002B09D128
:107810007B6858687B689B689BB20022194609F018
:1078200067FB20E07B6858687B689B689BB20122FD
:10783000194609F05DFB16E07B681B7B002B09D124
:107840007B6858687B689B689BB20122194609F0E7
:107850004FFB08E07B6858687B689B689BB20022FE
:10786000194609F045FB7B681B88632B40F2C481F5
:107870007B6800221A80BFE17B681B880A2B17D81F
:107880007B681B7B002B09D17B6858687B689B68F1
:107890009BB20022194609F02BFB20E07B68586858
:1078A0007B689B689BB20122194609F021FB16E018
:1078B0007B681B7B002B09D17B6858687B689B68C1
:1078C0009BB20122194609F013FB08E07B68586857
:1078D0007B689B689BB20022194609F009FB7B6814
:1078E0001B88132B40F28A817B6800221A8085E175
:1078F0007B681B88052B17D87B681B7B002B09D165
:107900007B6858687B689B689BB20022194609F027
:10791000EFFA7AE17B6858687B689B689BB201222A
:10792000194609F0E5FA70E17B681B7B002B09D151
:107930007B6858687B689B689BB20122194609F0F6
:10794000D7FA08E07B6858687B689B689BB2002286
:10795000194609F0CDFA7B6800229A707B680022F4
:107960001A8052E17B681B88B3F5967F17D87B6835
:107970001B7B002B09D17B6858687B689B689BB296
:107980000022194609F0B4FA3FE17B6858687B6829
:107990009B689BB20122194609F0AAFA35E17B687F
:1079A0001B7B002B09D17B6858687B689B689BB266
:1079B0000122194609F09CFA08E07B6858687B6848
:1079C0009B689BB20022194609F092FA7B6800225C
:1079D0009A707B6800221A8017E17B681B88042B51
:1079E00017D87B681B7B002B09D17B6858687B68A4
:1079F0009B689BB20022194609F07AFA20E07B6866
:107A000058687B689B689BB20122194609F070FA9E
:107A100016E07B681B7B002B09D17B6858687B686C
:107A20009B689BB20122194609F062FA08E07B6864
:107A300058687B689B689BB20022194609F058FA87
:107A40007B681B88632B40F2DB807B6800221A80F6
:107A5000D6E0FB78002B00F0D5807B685A687B6805
:107A60009B689BB21946104609F05AFACAE07B6837
:107A70001B88092B17D87B681B7B002B09D17B68DF
:107A800058687B689B689BB20022194609F030FA5F
:107A9000A8E07B6858687B689B689BB20122194606
:107AA00009F026FA9EE07B681B88092B1BD97B68AE
:107AB0001B88312B17D87B681B7B002B09D17B6877
:107AC00058687B689B689BB20122194609F010FA3E
:107AD00088E07B6858687B689B689BB200221946E7
:107AE00009F006FA7EE07B681B88312B1BD97B6886
:107AF0001B883B2B17D87B681B7B002B09D17B682D
:107B000058687B689B689BB20022194609F0F0F91F
:107B100068E07B6858687B689B689BB201221946C5
:107B200009F0E6F95EE07B681B883B2B1BD97B687C
:107B30001B88632B17D87B681B7B002B09D17B68C4
:107B400058687B689B689BB20122194609F0D0F9FE
:107B500048E07B6858687B689B689BB200221946A6
:107B600009F0C6F93EE07B681B88632B1BD97B6854
:107B70001B88952B17D87B681B7B002B09D17B6852
:107B800058687B689B689BB20022194609F0B0F9DF
:107B900028E07B6858687B689B689BB20122194685
:107BA00009F0A6F91EE07B681B88952B1AD97B6823
:107BB0001B88C72B16D87B681B7B002B09D17B68E1
:107BC00058687B689B689BB20122194609F090F9BE
:107BD00008E07B6858687B689B689BB20022194666
:107BE00009F086F97B681B88C72B0DD97B680022BA
:107BF0001A8009E000BF08E000BF06E000BF04E013
:107C000000BF02E000BF00E000BF7B681B884FF6AA
:107C1000FF72934205D07B681B8801339AB27B6860
:107C20001A8000BF0837BD4680BD00BF80B483B056
:107C300000AF00237B6013E00F4A7B68002102F84D
:107C400023100D4A7B689B00134400225A700A4A95
:107C50007B689B00134400225A807B6801337B6061
:107C60007B68B3F5AF7FE7DB00BF00BF0C37BD46D5
:107C70005DF8047B704700BF440A002080B483B0E5
:107C800000AF03463960FB80FB88B3F5AF7F16D2A7
:107C9000FB88134A12F82330002B09D13B68002BD4
:107CA00006D03B681B8843F001039AB23B681A80F8
:107CB000FB880B4A9B001344B3F902300AE03B688F
:107CC000002B06D03B681B8843F001039AB23B6847
:107CD0001A80002318460C37BD465DF8047B7047B8
:107CE000440A002080B483B000AF0346FB800B46FB
:107CF000BB801346FB70FB88B3F5AF7F0AD2FB88CD
:107D00000749FA7801F82320FB88054A9B001344B1
:107D1000BA885A8000BF0C37BD465DF8047B7047B7
:107D2000440A002080B584B000AF03460A46FB71C8
:107D30001346BB8010200EF0DFF80346FB60BB88C3
:107D4000FA7902FB03F318460EF0D6F803461A46FA
:107D5000FB681A60FB68BA88DA80FB6800221A8127
:107D6000FB6800225A81FB6800221A73FB68FA79CB
:107D70001A71FB6818461037BD4680BD80B483B0C9
:107D800000AF78607B68002B0ED07B681B7B002BDC
:107D900007D17B681A897B685B899A4201D10123EC
:107DA00000E00023DBB200E0012318460C37BD469B
:107DB0005DF8047B704780B582B000AF78603960B1
:107DC0007B68002B1FD072B600BF7868FFF7D6FF24
:107DD0000346002B13D17B681B687A6852891146D1
:107DE0007A68127901FB02F299187B681B791A46AE
:107DF00038680EF0D2FE62B600BF002304E062B61F
:107E000000BF012300E0012318460837BD4680BDAE
:107E100080B582B000AF78607B68002B1FD072B64F
:107E200000BF7868FFF7AAFF0346002B13D17B68D9
:107E30005B8901337A68D28893FBF2F101FB02F28D
:107E40009B1A9AB27B685A817B6800221A7362B6C9
:107E500000BF002304E062B600BF012300E001235D
:107E600018460837BD4680BD80B582B000AF786047
:107E700039607B68002B2FD072B600BF7868FFF79F
:107E80007DFF0346002B23D17B681B687A685289EB
:107E900011467A68127901FB02F299187B681B7906
:107EA0001A4638680EF079FE7B685B8901337A6880
:107EB000D28893FBF2F101FB02F29B1A9AB27B6823
:107EC0005A817B6800221A7362B600BF002304E067
:107ED00062B600BF012300E0012318460837BD4603
:107EE00080BD80B582B000AF786039607B68002BC0
:107EF0003BD07B681B687A68128911467A681279D0
:107F000001FB02F298187B681B791A4639680EF05B
:107F100044FE7B681B7B002B0CD07B685B890133A4
:107F20007A68D28893FBF2F101FB02F29B1A9AB2B3
:107F30007B685A817B681B8901337A68D28893FBFE
:107F4000F2F101FB02F29B1A9AB27B681A817B68FC
:107F50001A897B685B899A420CBF01230023DBB23C
:107F60001A467B681A73002300E00123184608377D
:107F7000BD4680BD80B582B000AF78600E4B9B6877
:107F80000D4A43F4805393607B68B3F5FA4F02D9EE
:107F90004FF4FA437B60094B094A1A60074B0622EB
:107FA0005A607B68DB08054A9360044808F0EAFFE2
:107FB00000BF0837BD4680BD002004E090220020AD
:107FC0000030004080B500AF024809F02AF800BF39
:107FD00080BD00BF9022002080B500AF374B142237
:107FE0001A74364B00221A72344B0022DA60334B7B
:107FF00001221A70314B00225A80304B00225A74F1
:108000002E4B00229A742D4B4FF400421A832B4BB7
:108010002B4A5A61294B5B69284A128B1946012069
:1080200000F07CF9274B06221A74264B01221A72A3
:10803000244B4FF46172DA60224B00221A70214BFC
:1080400000225A801F4B01225A741E4B00229A7440
:108050001C4B4FF480421A831A4B194A5A61194B30
:108060005B69184A128B1946002000F057F9164B2D
:108070000F221A74144B01221A72134B4FF496728A
:10808000DA60114B00221A700F4B00225A800E4BFF
:1080900002225A740C4B00229A740B4B4FF400527C
:1080A0001A83094B064A5A61074B5B69064A128BD1
:1080B0001946002000F032F900BF80BDBC0F00203F
:1080C00000040048D80F0020F40F002080B584B0D1
:1080D00000AF3B1D1846FEF7C5FF3B7A022B02D9C5
:1080E0003B7A0A2B03D9284B01221A7202E0264B55
:1080F00000221A727B79002B1AD1BB79012B17D879
:10810000214B1B78002B13D11F4B5B88B3F5967F57
:1081100003D21D4B4FF496725A801B4B03221A70E8
:10812000194B5B69184A128B1946012000F0F6F8CA
:1081300007F10E0319464A20FFF7A0FD0346322B34
:1081400015DD114B1B78002B11D10F4B5B88B32B26
:1081500002D80D4BB4225A800B4B03221A700A4BE3
:108160005B69094A128B1946012000F0D7F80648CE
:1081700000F010F8054800F00DF8054800F00AF886
:1081800000BF1037BD4680BDBC0F0020D80F0020B7
:10819000F40F002080B582B000AF78607B681B7858
:1081A000042B5CD801A252F823F000BF4D404200DE
:1081B000C13F4200D13F4200EB3F42000F4042002E
:1081C0007B681B7A002B43D07B6803221A703FE048
:1081D0007B685B685A1E7B685A607B685B68002B13
:1081E00038D17B6803221A7034E07B685B88002BEF
:1081F00005D07B685B88013B9AB27B685A807B68BC
:108200005B88002B28D17B6804221A7024E07B68ED
:108210001B7A002B16D07B685B7C1846FDF7ECFEC2
:1082200003461A467B681B7C9A4217D27B685969C1
:108230007B681B8B1A46002000F070F87B680022D8
:108240001A700BE07B6801221A7007E000BF06E09D
:1082500000BF04E000BF02E000BF00E000BF00BFBD
:108260000837BD4680BD00BF80B582B000AF7860E2
:108270007B681B78042B4DD801A252F823F000BF75
:1082800095404200BD404200D5404200E5404200DA
:10829000FD4042007B68DB689AB27B685A807B684D
:1082A00002221A707B6805225A607B6859697B68D4
:1082B0001B8B1A46012000F031F82BE07B685969CE
:1082C0007B681B8B1A46002000F028F87B68002290
:1082D0001A701FE07B685B8803F5E1539AB27B68F4
:1082E0005A8017E07B6859697B681B8B1A4600200F
:1082F00000F014F87B6800221A700BE07B68596963
:108300007B681B8B1A46002000F008F87B6800226F
:108310001A7000BF00BF0837BD4680BD80B582B06F
:1083200000AF03463960FB711346BB80FB79012B1C
:1083300006D1BB8801221946386808F0D9FD11E042
:10834000FB79002B06D1BB8800221946386808F05B
:10835000CFFD07E0FB79022B04D1BB8819463868B2
:1083600008F0DEFD00BF0837BD4680BD80B500AF18
:108370000248FFF779FF00BF80BD00BFD80F002083
:1083800080B500AF0248FFF76FFF00BF80BD00BFA0
:10839000F40F002080B582B000AF0346FB710B469E
:1083A000BB711346BB80FB79022B14D0022B19DC66
:1083B000002B02D0012B07D014E0BA88BB791946F4
:1083C0000A4800F019F80DE0BA88BB791946084848
:1083D00000F012F806E0BA88BB791946054800F0AB
:1083E0000BF800BF00BF0837BD4680BDBC0F0020A2
:1083F000D80F0020F40F002080B582B000AF786065
:108400000B46FB7013463B80FB78012B19D17B6830
:108410009B7C0133DAB27B689A747B685B883A880C
:108420009A4202D97B683A885A807B6803221A7084
:108430007B6859697B681B8B1A460120FFF76EFF2A
:1084400016E0FB78002B13D17B689B7C002B05D0BA
:108450007B689B7C013BDAB27B689A747B689B7C6F
:10846000002B05D17B6800225A807B6804221A7099
:1084700000BF0837BD4680BD80B590B000AF5F4BF0
:1084800050221A8004F05AFCFEF7A8F9FEF790FE7D
:10849000FFF7CCFB5A4802F01BFD04215948FDF7B9
:1084A000B5FE0420FDF7F8FAFFF796FD564801F0F7
:1084B00093FD40F6B830FFF75DFD544803F062FCD1
:1084C0005349544800F052FE00F084FB04F036FBA0
:1084D0000320FDF791FC06224F495048FDF700F8B4
:1084E0008023BB604E4B7B6001233B734FF4807352
:1084F0007B614B4B3B6100233B764FF400733B6247
:10850000474BFB61002387F824304FF48073FB62F4
:108510004FF09043BB62002387F830308023BB6369
:10852000404B7B63012387F83C303B1D1846FEF728
:10853000FFFF0220FFF7E4F8402239490020FEF750
:108540006FFF00227B212720FEF78AFF00227D217A
:108550000620FEF785FF00227E212320FEF780FF04
:1085600000227F211D20FEF77BFF4FF47A710A2045
:10857000FDF778FB4FF47A710B20FDF773FB4FF496
:108580007A710D20FDF76EFB4FF47A710C20FDF728
:1085900069FB4FF47A710E20FDF764FB4FF47A719A
:1085A0002D20FDF75FFB40F6B8317B20FDF75AFB2D
:1085B00040F6B8317D20FDF755FB40F6B8317E20FE
:1085C000FDF750FB40F6B8317F20FDF74BFB3C2216
:1085D00004210020FDF732FC3D2208210120FDF797
:1085E0002DFC3E2201210220FDF728FC6421012000
:1085F00004F0D6FA00BF4037BD4680BD1010002001
:108600002423002068220020A022002084260020AD
:10861000A82300202C24002020220020BC210020A0
:10862000000800480004004880B58AB000AF002070
:10863000FFF71EF80020FFF733F80020FFF748F897
:108640000020FFF775F801224FF40041104808F0B0
:108650004FFC00224FF480410D4808F049FC0022F5
:108660004FF400510A4808F043FCFDF773FEFDF794
:1086700065FD04F0DDFB03E03B1D184600F04EF8FD
:108680003B1D1846FDF756FA0346012BF4D0F0E7E0
:108690000004004880B584B000AF0023FB733B1D8D
:1086A0001846FEF7DFFCFB79FB73144B1B78FA7B53
:1086B0009A4208D0114AFB7B137000F00FFF01F0C3
:1086C00071FDFDF7B9FC00F0DBF80D4B1B88002BAA
:1086D00005D00B4B1B88013B9AB2094B1A80084B03
:1086E0001B88002B05D10320FEF7F2FF0120FEF7C7
:1086F000BFFF00BF1037BD4680BD00BF1210002075
:108700001010002080B500AF034B50221A800020CB
:10871000FEF7DEFF00BF80BD1010002080B586B0E0
:1087200000AF78607B681B689BB203F47F637B8239
:1087300000237B617B681B7F1BB21B021AB27B6824
:108740005B7F1BB213433B827B689B7F1BB21B0288
:108750001AB27B68DB7F1BB21343FB817B6893F803
:1087600020301BB21B021AB27B6893F821301BB277
:108770001343BB817B8AB3F5C46F55D0B3F5C46F87
:108780005ADCB3F5987F13D0B3F5987F54DCB3F57A
:10879000907F1FD0B3F5907F4EDCB3F5887F10D06B
:1087A000B3F5887F48DC512B22D0B3F5807F43E0BE
:1087B0003B8ADBB2FA89D1B2BA891846FFF7EAFDE3
:1087C0003AE03B8ABA89D2B2B7F90E101846FFF7E1
:1087D00089FA31E0B7F91030012B02D1FFF7C6FD5D
:1087E00029E0B7F91030002B25D1FFF7C9FD22E0B1
:1087F0007B681B7F1B067A6913437B617B685B7F09
:108800001B047A6913437B617B689B7F1B027A6937
:1088100013437B617B68DB7F1A467B6913437B6173
:108820007869FEF78DFC07E07B681C330821184649
:1088300002F031FC00E000BF7B681B68512B1BD1AC
:108840007B681B7F1B067A6913437B617B685B7FB8
:108850001B047A6913437B617B689B7F1B027A69E7
:1088600013437B617B68DB7F1A467B6913437B6123
:108870007869FEF765FC00BF00BF1837BD4680BDB4
:1088800080B582B000AFBB1D19462D20FFF7F6F969
:108890000346B3F57A7F0EDA154B1B78002B0AD10D
:1088A000134B01221A706421002004F079F964212D
:1088B000032004F075F9BB1D19462D20FFF7DEF9E2
:1088C0000346B3F5FA6F0EDD094B1B78002B0AD077
:1088D000074B00221A700021002004F061F90021EA
:1088E000032004F05DF900BF0837BD4680BD00BF1E
:1088F0001310002080B582B000AF78607B681A68E2
:10890000094B1B689A4202D103F034FA07E07B68F6
:108910001A68064B1B689A4201D101F0E3FE00BFC2
:108920000837BD4680BD00BF24230020A0220020C0
:1089300080B582B000AF78607B681A68224B1B68F4
:108940009A4202D103F01AFA39E07B681A681F4B89
:108950001B689A420CD17B68B3F858207B68B3F847
:108960005A309BB2D31A9BB2184601F0A5FE26E0FE
:108970007B681A68164B1B689A420DD17B68B3F866
:1089800058207B68B3F85A309BB2D31A9BB2194671
:10899000786800F0B9FD12E07B681A680D4B1B681F
:1089A0009A420CD17B68B3F858207B68B3F85A30F0
:1089B0009BB2D31A9BB21946786800F0A5FD00BFA0
:1089C0000837BD4680BD00BF24230020A022002020
:1089D0002C240020A823002080B582B000AF78604E
:1089E0000B467B807B681A68114B1B689A4204D146
:1089F0007B88184601F060FE16E07B681A680D4B14
:108A00001B689A4205D17B881946786800F07CFD86
:108A10000AE07B681A68084B1B689A4204D17B887D
:108A20001946786800F070FD00BF0837BD4680BD6C
:108A3000A02200202C240020A823002080B582B092
:108A400000AF0346FB80FB881846FDF719FB00BF0B
:108A50000837BD4680BD000080B58AB000AF3B1D21
:108A600000221A605A609A60DA601A61002387F85F
:108A700027304FF48041544808F022FA034687F823
:108A800027300020FCF770FD0346BB84BB8C1846E2
:108A9000FBF758FE40A3D3E90023FBF7BDFE0246D7
:108AA0000B46104619464FF00002484BFBF7B4FE48
:108AB00002460B461046194639A3D3E90023FBF7BB
:108AC000D5FF02460B46C7E9062397F82730012B4E
:108AD00003D10320FEF7FCFD02E00020FEF7F8FDC5
:108AE00031A3D3E90023D7E90601FCF725F90346B2
:108AF000002B05D000220821354808F0F9F90EE0D6
:108B00002BA3D3E90023D7E90601FCF7F7F80346C6
:108B1000002B04D0012208212D4808F0E9F926A3F2
:108B2000D3E90023D7E90601FCF706F90346002B39
:108B300014D04FF400437B600123BB600023FB6033
:108B400000233B613B1D19461F4808F03FF80022F7
:108B50004FF400411C4808F0CBF918E018A3D3E902
:108B60000023D7E90601FCF7C9F80346002B00D122
:108B70000DE04FF400437B600023BB600023FB60EB
:108B800000233B613B1D19460F4808F01FF800BF4A
:108B90002837BD4680BD00BF0000000000E2E93F6D
:108BA00085EB51B81E850340000000000026CB4035
:108BB000000000000064C940000000000070C740D1
:108BC00000000000007CC54000080048000028406C
:108BD000001C004880B400AF034B0F221A7400BF82
:108BE000BD465DF8047B704738100020000000008F
:108BF0002DE9F04389B000AF00237B8107F10A0320
:108C0000194640F22F10FFF739F803461E4607F1C8
:108C10000A03194640F24310FFF730F80346334485
:108C200007EE903AF8EEE77AD34BC3ED087A07F1F6
:108C30000A03194640F23310FFF720F803461E4698
:108C400007F10A03194640F24710FFF717F80346E9
:108C500033441846FBF776FD4FF00002C74BFBF795
:108C600005FF02460B4610461946FCF797F80346E7
:108C7000C14A936107F10A03194640F23110FEF729
:108C8000FDFF03461E4607F10A03194640F2451050
:108C9000FEF7F4FF0346334407EE903AB8EEE77A66
:108CA000B54BD3ED067A67EE277AC7ED077A07F161
:108CB0000A03194640F22D10FEF7E0FF03461E4658
:108CC00007F10A03194640F24110FEF7D7FF0346A9
:108CD000334407EE903AF8EEE77AA74BC3ED057AF6
:108CE00007F10A0319464FF49770FEF7C7FF0346D2
:108CF0001846FBF727FD4FF00002A14BFBF7B6FE2D
:108D000002460B469046994607F10A0319464FF46E
:108D1000A170FEF7B3FF03461846FBF713FD4FF0B3
:108D20000002974BFBF7A2FE02460B46404649461F
:108D3000FBF7BCFB02460B4610461946FCF72EF823
:108D400003468D4AD3618C4BD3ED087A9FED8D7A23
:108D500067EE876A97ED077AC6EE877A864BC3ED92
:108D6000047A07F10A0319464FF49A70FEF786FF5A
:108D700003461E4607F10A0319464FF4A470FEF796
:108D80007DFF0346334407EE903AF8EEE77A7A4BDC
:108D9000C3ED027A07F10A03194640F23510FEF7D7
:108DA0006DFF03461E4607F10A03194640F24910BB
:108DB000FEF764FF0346334407EE903AF8EEE77A95
:108DC0006D4BC3ED037A07F10A0319464FF49B700C
:108DD000FEF754FF03461E4607F10A0319464FF4F7
:108DE000A570FEF74BFF0346334407EE903AF8EECA
:108DF000E77A614BC3ED007A07F10A03194640F2A6
:108E00003710FEF73BFF03461E4607F10A031946DB
:108E100040F24B10FEF732FF0346334407EE903A20
:108E2000F8EEE77A544BC3ED017A07F10A031946CD
:108E30004FF49870FEF722FF03461E4607F10A031F
:108E400019464FF4A270FEF719FF0346334407EEAC
:108E5000903AF8EEE77AC7ED067A07F10A03194669
:108E60004FF49970FEF70AFF0346DAB2464B1A77C1
:108E700007F10A0319464FF4A370FEF7FFFE0346FD
:108E8000DAB2414B83F824203F4E3B461846FEF7AA
:108E9000E9F806F112033A461168526819605A60FF
:108EA000394A07F10C0312321068516803C33A7B48
:108EB000354B1B7C9A4269D23B7C022B66D93B7CAA
:108EC0000A2B63D8304B1B7C1A463B7BD31A013BE1
:108ED0004FF4616202FB03F17B7BC3F13C0213465A
:108EE0001B019B1A9B000B44DA171C461546264BA8
:108EF000C3E90245204BD3ED087A97ED077A77EE68
:108F0000677A17EE900AFBF72FFC04460D461E4BBE
:108F1000D3E9022310461946FBF750FC14A3D3E90A
:108F20000023FBF7A3FD02460B4620462946FBF72C
:108F30009DFD02460B4610461946FBF72FFF0346E0
:108F40007B610D4B93ED067AD7ED056AC6EE877A05
:108F50000D4BC3ED007A0C4BD3ED007AB1EE007AE5
:108F600077EEC77A084BC3ED007A12E0AFF30080CA
:108F7000000000000020AC4014100020000034402D
:108F8000000024400000C84238100020584B594AC5
:108F90001A60574BD3ED007A97ED067AB4EEE77A74
:108FA000F1EE10FA02D5524ABB69136000F0A8F83E
:108FB000514BD3ED047AFDEEE77A17EE903A1BB2EF
:108FC000012219460A20FEF78DFE4B4BD3ED067A9F
:108FD000B2EE047A67EE877AFDEEE77A17EE903A02
:108FE0001BB2012219460B20FEF77CFE424BD3ED4B
:108FF000077AB2EE047A67EE877AFDEEE77A17EE2B
:10900000903A1BB2012219460E20FEF76BFE3A4B36
:10901000D3ED057AFDEEE77A17EE903A1BB2012206
:1090200019461220FEF75EFE334BD3ED087AFDEEB3
:10903000E77A17EE903A1BB2012219461020FEF78C
:1090400051FE2D4BD3ED007AFDEEE77A17EE903A04
:109050001BB2012219460820FEF744FE264B93ED71
:10906000017AF2EE046AC7EE267AFDEEE77A17EE91
:10907000903A1BB2012219460920FEF733FE1E4B1F
:10908000D3ED027AFDEEE77A17EE903A1BB2012299
:1090900019461120FEF726FE174B93ED037AF2EEE8
:1090A000046AC7EE267AFDEEE77A17EE903A1BB215
:1090B000012219460F20FEF715FE0F4BD3ED027A61
:1090C0009FED0E7A67EE876A0B4B93ED067AC6EE3C
:1090D000877AFDEEE77A17EE903A1BB20122194625
:1090E0000C20FEF7FFFD00BF2437BD46BDE8F0832E
:1090F000381000200000FA43141000200000C8427D
:1091000080B584B000AF0023FB73174B1B7F002B8F
:1091100001D00123FB73144BD3ED007AFDEEE77A07
:1091200017EE903ABB8100233B71FB7B7B71B7F953
:109130000C301B121BB2DBB2BB71BB89DBB2FB7103
:1091400000233B7200237B720023BB720023FB725F
:109150003B1D082219464FF44470FCF769FD00BF1F
:109160001037BD4680BD00BF3810002080B582B0EA
:1091700000AF78603960184B184A9A66164B184A47
:10918000DA66154B00221A80134BDC225A80124BF0
:10919000FA229A80104B1B88002B08D00E4B9B6E36
:1091A0007A681A600C4B9B6E1846FCF70DFA0A4B56
:1091B0005B88002B08D0084BDB6E3A681A60064BC0
:1091C000DB6E1846FCF700FA034B002283F85220AE
:1091D00000BF0837BD4680BD68100020D8100020B1
:1091E000A8110020000000002DE9F04F87B000AF6B
:1091F0000023FB82B44B9B6E1846FCF713FAB24B6C
:10920000DB6E1846FCF70EFAAF4B93F85230002B8A
:1092100001D100F08DF900F04FFA02F0E1FE0346B3
:109220001846FBF78FFA4FF00002A84BFBF71EFC25
:1092300002460B4610461946FBF7B0FD0346A24A0C
:109240001361A14BD3E9162310461946FBF7AEFA7A
:1092500082468B469C4B1B691846FBF785FA4FF0FC
:1092600000029A4BFBF7D8FA02460B465046594685
:10927000FBF71CF902460B4610461946FBF774FF34
:1092800002460B469049C1E916238F4BD3E91601DC
:109290008F4A4FF00003FBF72FFF02460B461046A4
:1092A0001946FBF793FE07EE100A874BD3ED187AA9
:1092B000B4EEE77AF1EE10FA0FDD834BD3ED187AB6
:1092C0009FED847A67EE877A17EE900AFBF72CFF02
:1092D00002460B467C49C1E916237B4BDB6E5B6A79
:1092E0001846FBF71FFA4FF00002784BFBF7BEFB66
:1092F00002460B4610461946FBF750FD0346724ADC
:109300009361714BD3E9162310461946FBF75EFEB5
:1093100007EE100A6C4BD3ED067A27EE277ADFEDC5
:109320006D6AC7EE267A684BC3ED057A664B93EDFE
:10933000047A654BD3ED067A67EE277A624BC3ED6C
:10934000037A614BD3E91601614A4FF00003FBF742
:10935000D3FE02460B461046194602460B469618A7
:109360003E605B417B60D7E90023141843EB0105A5
:109370004FF000024FF000036B0143EAD463620137
:1093800014EB020845EB030918EB0003BB6049EB43
:109390000103FB60D7E90201FBF718FE06EE900A15
:1093A000494B93ED187AC6EE877A474BC3ED027AA4
:1093B00007F1160319462C20FEF760FC034607EE62
:1093C000903AF8EEE77A404BC3ED0B7A07F11603BB
:1093D00019462820FEF752FC03461846FBF7B2F95F
:1093E0004FF000023C4BFBF741FB02460B46104698
:1093F0001946FBF7D3FC0346334A5363324B1B6BCE
:109400001846FBF7B1F904460D462F4BDB6A1846A8
:10941000FBF7AAF92AA3D3E90023FBF727FB0246AF
:109420000B4620462946FBF741F802460B461046FC
:109430001946FBF7B3FC0346234A1363224B93ED13
:109440000B7A214BD3ED037A77EE677A1E4BC3ED8F
:10945000087A1D4B5B6A1846FBF786F904460D46F1
:10946000194B1B6A1846FBF77FF915A3D3E90023B4
:10947000FBF7FCFA02460B4620462946FBF716F896
:1094800002460B4610461946FBF788FC03460E4A77
:1094900053620D4B93ED047A0B4BD3ED0D7A77EEBF
:1094A000277A094BC3ED0A7A00F098F900F0F0F939
:1094B00000BF1C37BD46BDE8F08F00BFAFF3008092
:1094C000000000000020AC406810002000408F40E9
:1094D00080EE360000BA5B4A0000244080B400AF42
:1094E000084B002283F85020064B4FF000021A630D
:1094F000044B4FF000025A6200BFBD465DF8047B8A
:10950000704700BF6810002080B582B000AF78605F
:109510000B467B80054B9A6E044BDB6E798878682E
:10952000FCF78CFA00BF0837BD4680BD68100020EC
:109530002DE9F04F8DB000AF012387F82F304FF0A9
:1095400000024FF00003C7E90823594B1B881A4655
:10955000574B5B88134407EE903AF8EEE77A544B8A
:10956000C3ED187A524B1B88002B26D0504B9B6EB4
:109570001B79002B1ED04E4B9B6E93F84930002B6D
:1095800018D04B4B1B881A46494B9B6E93F84930B9
:1095900003FB02F248F6A04302FB03F3DA17184676
:1095A0001146D7E9082312EB000A43EB010BC7E988
:1095B00008AB02E0002387F82F303D4B5B88002B7F
:1095C0002DD03B4BDB6E1B79002B25D0384BDB6E4F
:1095D00093F84930002B1FD0354B5B881A46344B2B
:1095E000DB6E93F8493002FB03F348F6A04202FB1E
:1095F00003F3DA17BB61FA61D7E90823D7E906ABB1
:1096000051465118B960594643EB0101F960D7E959
:109610000223C7E9082302E0002387F82F3097F8D8
:109620002F30002B3FD02249D7E90823C1E9162368
:109630001F4BD3E916011F4A4FF00003FBF75CFDF7
:1096400002460B461046194602460B4696183E60E7
:109650005B417B60D7E90023141843EB01054FF011
:1096600000024FF000036B0143EAD463620114EB84
:10967000020845EB030918EB00033B6149EB0103CA
:109680007B61D7E90401FBF7A1FC06EE900A084BC9
:1096900093ED187AC6EE877A054BC3ED027A044B38
:1096A000012283F8522000BF3437BD46BDE8F08F59
:1096B0006810002080EE360080B500AF454B9B6EF1
:1096C0001846FBF7FEFF0346002B07D0414BDB6E2D
:1096D0001846FBF7F6FF0346002B24D13D4B9B6E4B
:1096E00093F84930622B05D83A4BDB6E93F849303A
:1096F000622B18D9374B93F85130002B13D1354BCF
:10970000D3ED187A9FED347A67EE877A17EE900AD8
:10971000FBF70AFD02460B462E49C1E916232D4BE5
:10972000012283F851202B4B9B6E1846FBF7C9FF93
:109730000346002B0BD0274BDB6E1846FBF7C1FF0F
:109740000346002B03D0234B002283F85120214BEA
:109750000022A3F866201F4B9B6E1B79002B06D0BE
:109760001C4B9B6EB3F84C201A4BA3F86620194B88
:10977000DB6E1B79002B0FD0164BDB6EB3F84C2041
:10978000144BB3F866309A4206D2124BDB6EB3F834
:109790004C20104BA3F866200E4BB3F8663040F611
:1097A0004752934213D90B4B012283F85020094BA7
:1097B000D3ED187A9FED087A67EE877A17EE900A54
:1097C000FBF7B2FC02460B460249C1E9162300BF73
:1097D00080BD00BF6810002000BA5B4A80B483B02F
:1097E00000AF294BD3ED187AF2EE046A87EEA67A21
:1097F000DFED266AC7EE267AC7ED017A224B93ED9C
:10980000187AF0EE006AC7EE267A1F4BC3ED077A8E
:109810001D4B9B6EB3F84A201B4BDB6EB3F84A30EE
:109820009A4207D9184B9B6EB3F84A20164BA3F8FF
:10983000642006E0144BDB6EB3F84A20124BA3F809
:109840006420114BB3F8643040F64752934214D968
:109850000D4BB3F86430C3F55A630C3307EE903AFE
:10986000B8EEE77AD7ED017A67EE277AB0EE007AA4
:1098700077EE877A044BC3ED077A00BF0C37BD46FD
:109880005DF8047B704700BF681000200000C842EC
:1098900080B582B000AF0123FB71C04BD3ED027ADB
:1098A0009FEDBF7A67EE877AFDEEE77A17EE903A82
:1098B0001BB2FA7919464FF49670FEF713FAB74BBC
:1098C000D3ED037AFDEEE77A17EE903A1BB2FA7900
:1098D000194640F22D10FEF705FAB04BD3ED047A8D
:1098E000B2EE047A67EE877AFDEEE77A17EE903AE9
:1098F0001BB2FA7919464FF49770FEF7F3F9A74BAC
:10990000D3ED067AB2EE047A67EE877AFDEEE77A57
:1099100017EE903A1BB2FA79194640F23310FEF76F
:10992000E1F99E4BD3ED057AFDEEE77A17EE903A1A
:109930001BB2FA79194640F22F10FEF7D3F9974B74
:10994000D3ED077AFDEEE77A17EE903A1BB2FA797B
:1099500019464FF49870FEF7C5F9904BD3ED187A7D
:10996000FDEEE77A17EE903A1BB2FA79194640F20B
:109970003110FEF7B7F9894B93F850301BB2FA79E2
:1099800019464FF49970FEF7ADF9844BD3ED087A80
:10999000FDEEE77A17EE903A1BB2FA7919464FF4CA
:1099A0009A70FEF79FF97D4BD3ED097AFDEEE77AC9
:1099B00017EE903A1BB2FA79194640F23510FEF7CD
:1099C00091F9764BD3ED0B7AFDEEE77A17EE903AEC
:1099D0001BB2FA7919464FF49B70FEF783F96F4B6F
:1099E000D3ED0C7AFDEEE77A17EE903A1BB2FA79D6
:1099F000194640F23710FEF775F9684B9B6E1B79DC
:109A0000002B00F07081654B9B6E5B6A654AA2FB80
:109A100003235B091BB2FA7919461620FEF762F997
:109A20005E4B9B6E93F849301BB2FA7919461420AD
:109A3000FEF758F9594B9B6E1B6B5A4A82FB031277
:109A40005211DB17D31A1BB2FA7919461520FEF70B
:109A500049F9524B9B6EDB6B1BB2FA791946172002
:109A6000FEF740F94D4B9B6E5B6B1BB2FA791946C2
:109A70001820FEF737F9494B9B6EB3F850301BB2F4
:109A8000FA791946B420FEF72DF9444B9B6EB3F8D2
:109A900054301BB2FA791946B520FEF723F93F4B33
:109AA0009B6EB3F858301BB2FA791946B620FEF710
:109AB00019F93A4B9B6EB3F85C301BB2FA79194630
:109AC000B720FEF70FF9354B9B6EB3F860301BB231
:109AD000FA791946B820FEF705F9304B9B6EB3F8BA
:109AE00064301BB2FA791946B920FEF7FBF82B4B0C
:109AF0009B6EB3F868301BB2FA791946BA20FEF7AC
:109B0000F1F8264B9B6EB3F86C301BB2FA7919460C
:109B1000BB20FEF7E7F8214B9B6EB3F870301BB209
:109B2000FA791946BC20FEF7DDF81C4B9B6EB3F8A2
:109B300074301BB2FA791946BD20FEF7D3F8174BE3
:109B40009B6EB3F878301BB2FA791946BE20FEF747
:109B5000C9F8124B9B6EB3F87C301BB2FA791946E8
:109B6000BF20FEF7BFF80D4B9B6EB3F880301BB2E1
:109B7000FA791946C020FEF7B5F8084B9B6EB3F88A
:109B800084301BB2FA791946C120FEF7ABF8034BBB
:109B90009B6EB3F888301BB206E000BF681000204F
:109BA0000000C8421F85EB51FA791946C220FEF722
:109BB00099F8B74B9B6EB3F88C301BB2FA79194603
:109BC000C320FEF78FF8B24B9B6EB3F95230FA798F
:109BD0001946C420FEF786F8AD4B9B6EB3F956309C
:109BE000FA791946C520FEF77DF8A94B9B6EB3F9AB
:109BF0005A30FA791946C620FEF774F8A44B9B6ECA
:109C0000B3F95E30FA791946C720FEF76BF8A04B1E
:109C10009B6EB3F96230FA791946C820FEF762F8F4
:109C20009B4B9B6EB3F96630FA791946C920FEF753
:109C300059F8974B9B6EB3F96A30FA791946CA20E6
:109C4000FEF750F8924B9B6EB3F96E30FA791946D5
:109C5000CB20FEF747F88E4B9B6EB3F97230FA7942
:109C60001946CC20FEF73EF8894B9B6EB3F976304F
:109C7000FA791946CD20FEF735F8854B9B6EB3F97E
:109C80007A30FA791946CE20FEF72CF8804B9B6E7D
:109C9000B3F97E30FA791946CF20FEF723F87C4BD2
:109CA0009B6EB3F98230FA791946D020FEF71AF884
:109CB000774B9B6EB3F98630FA791946D120FEF7BF
:109CC00011F8734B9B6EB3F98A30FA791946D2209A
:109CD000FEF708F86E4B9B6EB3F98E30FA79194691
:109CE000D320FDF7FFFF6A4BDB6E1B79002B00F0E2
:109CF0006D81674BDB6E5B6A664AA2FB03235B09DF
:109D00001BB2FA7919462020FDF7ECFF604BDB6EA1
:109D100093F849301BB2FA7919461E20FDF7E2FF8D
:109D20005B4BDB6E1B6B5B4A82FB03125211DB1732
:109D3000D31A1BB2FA7919461F20FDF7D3FF544BF3
:109D4000DB6EDB6B1BB2FA7919462120FDF7CAFFE7
:109D50004F4BDB6E5B6B1BB2FA7919462220FDF785
:109D6000C1FF4B4BDB6EB3F850301BB2FA7919468A
:109D7000DC20FDF7B7FF464BDB6EB3F854301BB267
:109D8000FA791946DD20FDF7ADFF414BDB6EB3F8E4
:109D900058301BB2FA791946DE20FDF7A3FF3C4B81
:109DA000DB6EB3F85C301BB2FA791946DF20FDF7A1
:109DB00099FF374BDB6EB3F860301BB2FA79194666
:109DC000E020FDF78FFF324BDB6EB3F864301BB23F
:109DD000FA791946E120FDF785FF2D4BDB6EB3F8CC
:109DE00068301BB2FA791946E220FDF77BFF284B59
:109DF000DB6EB3F86C301BB2FA791946E320FDF73D
:109E000071FF234BDB6EB3F870301BB2FA79194641
:109E1000E420FDF767FF1E4BDB6EB3F874301BB216
:109E2000FA791946E520FDF75DFF194BDB6EB3F8B3
:109E300078301BB2FA791946E620FDF753FF144B30
:109E4000DB6EB3F87C301BB2FA791946E720FDF7D8
:109E500049FF0F4BDB6EB3F880301BB2FA7919461D
:109E6000E820FDF73FFF0A4BDB6EB3F884301BB2EE
:109E7000FA791946E920FDF735FF054BDB6EB3F89B
:109E800088301BB2FA791946EA20FDF72BFF03E070
:109E9000681000201F85EB514E4BDB6EB3F88C3001
:109EA0001BB2FA791946EB20FDF71CFF494BDB6E1C
:109EB000B3F95230FA791946EC20FDF713FF454B00
:109EC000DB6EB3F95630FA791946ED20FDF70AFF3B
:109ED000404BDB6EB3F95A30FA791946EE20FDF7A4
:109EE00001FF3C4BDB6EB3F95E30FA791946EF2087
:109EF000FDF7F8FE374BDB6EB3F96230FA7919469D
:109F0000F020FDF7EFFE334BDB6EB3F96630FA79E4
:109F10001946F120FDF7E6FE2E4BDB6EB3F96A30F1
:109F2000FA791946F220FDF7DDFE2A4BDB6EB3F914
:109F30006E30FA791946F320FDF7D4FE254BDB6E1F
:109F4000B3F97230FA791946F420FDF7CBFE214BB4
:109F5000DB6EB3F97630FA791946F520FDF7C2FECB
:109F60001C4BDB6EB3F97A30FA791946F620FDF70F
:109F7000B9FE184BDB6EB3F97E30FA791946F7203B
:109F8000FDF7B0FE134BDB6EB3F98230FA79194658
:109F9000F820FDF7A7FE0F4BDB6EB3F98630FA7998
:109FA0001946F920FDF79EFE0A4BDB6EB3F98A30A5
:109FB000FA791946FA20FDF795FE064BDB6EB3F9E8
:109FC0008E30FA791946FB20FDF78CFE00BF08376A
:109FD000BD4680BD6810002080B584B000AF7860B9
:109FE000424B00221A70424B00221A70414B002251
:109FF0001A70414A7B681360404B00221A703F4B35
:10A000001B785A1CD1B23D4A11701A463C4B4EF691
:10A01000D75123F81210394B1B785A1CD1B2374A4A
:10A0200011701A46364B4EF6D55123F81210334BA9
:10A030001B785A1CD1B2314A11701A46304B4EF679
:10A04000D35123F812102D4B1B785A1CD1B22B4A36
:10A0500011701A462A4B4EF6D25123F81210274B94
:10A060001B785A1CD1B2254A11701A46244B4EF661
:10A07000BC5123F81210214B1B785A1CD1B21F4A35
:10A0800011701A461E4B4EF6BB5123F812101B4B93
:10A090001B785A1CD1B2194A11701A46184B4EF649
:10A0A000BD5123F81210154B1B785A1CD1B2134A1C
:10A0B00011701A46124B4EF6DB5123F812100E4B5C
:10A0C0001B6832220F4918460BF0BAFE0346FB7399
:10A0D000FB7B002B05D0084B1B6818460AF0D8FF05
:10A0E000B86000BF1037BD4680BD00BFFB12002026
:10A0F000FC120020F9120020AC120020F8120020FF
:10A10000E41200207812002080B586B000AF07234B
:10A110003B711D4B1B78002B08D01C4B1B78002B70
:10A1200001D000F04DF8184B00221A70184B1B6834
:10A130003222184918460BF083FE0346FB75FB7D5F
:10A14000002B05D0124B1B6818460AF0A1FF38619E
:10A15000114B1B785A1CD1B20F4A11701A460F4B83
:10A1600033F81230FB800C4B1A780D4B1B789A4257
:10A1700002D3094B00221A703B1D184600F0BEFAAC
:10A1800000BF1837BD4680BDFB120020FC12002026
:10A19000AC12002078120020F9120020E4120020F6
:10A1A000F812002080B500AF012200212A20FDF71F
:10A1B00099FD012200212B20FDF794FD00BF80BDF9
:10A1C00080B582B000AF0023BB701E4B1B783A2BCA
:10A1D00034D101211C4800F079FB0346FB71BA78A9
:10A1E000FB791344DBB2BB70FB79072B25D104212B
:10A1F000164800F06BFB0346BB80BB88DAB2BB7825
:10A200001344DBB2BB70BB881B0A9BB2DAB2BB78CB
:10A210001344DBB2BB7002210D4800F057FB03462C
:10A22000FB70BA78FB781344DBB2BB70BB88BA1CF6
:10A230000849184600F010F800E000BF00BF0837DA
:10A24000BD4680BD78120020791200207A120020CD
:10A250007E1200208012002080B586B000AF034639
:10A26000B9607A60FB81FB89A3F56D43B83B382B5D
:10A2700000F28B8101A252F823F000BF5B63420021
:10A280008B6342008B634200FB624200C562420066
:10A290002B6342008B6342008B6342008B6342005E
:10A2A0008B6342008B6342008B6342008B634200EE
:10A2B0008B6342008B6342008B6342008B634200DE
:10A2C0008B6342008B6342008B6342008B634200CE
:10A2D0008B6342008B6342008B6342008B634200BE
:10A2E0008B6342008F624200556242008B634200E2
:10A2F000236242008B634200E36142008B634200B1
:10A300008B6342008B634200936142008B63420087
:10A310008B6342008B6342008B6342008B6342007D
:10A320008B6342008B6342008B6342008B6342006D
:10A330008B6342008B6342008B6342008B6342005D
:10A340008B6342008B6342008B6342008B6342004D
:10A350008B6342008B6342008B6342006161420069
:10A360000421B86800F0B2FA0346FB82BB68191DED
:10A37000FB8A7A68184600F025F90346002B00F0A6
:10A380000681B7F91630012219463020FDF7AAFCE4
:10A39000FDE00421B86800F099FA0346FB82BB682F
:10A3A000191DFB8A7A68184600F00CF90346002B49
:10A3B00000F0EF80FB8A1846FAF7C4F94FF000026C
:10A3C0007E4BFAF753FB02460B4610461946FAF746
:10A3D000BDFC03461BB2012219463120FDF782FC69
:10A3E000D7E00421B86800F071FA0346FB82BB682D
:10A3F000191DFB8A7A68184600F0E4F80346002B22
:10A4000000F0C980B7F91630012219462820FDF75F
:10A4100069FCB7F91630012219460D20FDF762FCE0
:10A42000B9E00421B86800F051FA0346FB82BB682A
:10A43000191DFB8A7A68184600F0C4F80346002B01
:10A4400000F0AB80B7F91630012219462920FDF73C
:10A4500049FCA2E00421B86800F038FA0346FB8208
:10A46000BB68191DFB8A7A68184600F0ABF80346F2
:10A47000002B00F09480FB8A002B00F09080B7F94D
:10A480001630012219462A20FDF72CFC87E0042112
:10A49000B86800F01BFA0346FB82BB68191DFB8AF3
:10A4A0007A68184600F08EF80346002B79D0FB8AB4
:10A4B000002B76D0B7F91630012219462B20FDF774
:10A4C00011FC6EE00821B86800F000FA3861BB6842
:10A4D00008337A681946386900F0A9F80346002B5A
:10A4E00061D03B69364AA2FB03235B091BB2012200
:10A4F00019462C20FDF7F6FB55E00421B86800F062
:10A50000E5F90346FB82BB68191DFB8A7A68184689
:10A5100000F058F80346002B47D0B7F91630012257
:10A5200019462D20FDF7DEFB3FE00421B86800F05E
:10A53000CDF90346FB82BB68191DFB8A7A68184671
:10A5400000F040F80346002B31D0B7F91630012255
:10A5500019462E20FDF7C6FB29E00421B86800F05B
:10A56000B5F90346FB82BB68191DFB8A7A68184659
:10A5700000F028F80346002B1BD0B7F91630012253
:10A5800019462F20FDF7AEFB13E000BF12E000BF1D
:10A5900010E000BF0EE000BF0CE000BF0AE000BF0B
:10A5A00008E000BF06E000BF04E000BF02E000BF1B
:10A5B00000E000BF00BF1837BD4680BD0000594015
:10A5C0001F85EB5180B584B000AF0346B9607A6057
:10A5D000FB817B681A78FB89DBB21344DAB27B68B3
:10A5E0001A707B681A78FB891B0A9BB2DBB2134492
:10A5F000DAB27B681A700221B86800F067F9014688
:10A600007B681A78CBB21344DAB27B681A70BB68E5
:10A6100002331B780A2B05D17B681B78552B01D19F
:10A62000012300E0002318461037BD4680BD80B5E9
:10A6300084B000AFF860B9607A607B681A78FB6814
:10A64000DBB21344DAB27B681A707B681A78FB6855
:10A650001B0ADBB21344DAB27B681A707B681A7883
:10A66000FB681B0CDBB21344DAB27B681A707B68A0
:10A670001A78FB681B0EDBB21344DAB27B681A70DF
:10A680000221B86800F022F901467B681A78CBB243
:10A690001344DAB27B681A70BB6802331B780A2B4A
:10A6A00005D17B681B78552B01D1012300E00023E5
:10A6B00018461037BD4680BD80B483B000AF034656
:10A6C000FB80064B01221A70FB88DAB2044B1A7029
:10A6D00000BF0C37BD465DF8047B7047FB120020BD
:10A6E000FC12002080B400AF034B00221A7000BFA0
:10A6F000BD465DF8047B7047FA12002080B584B037
:10A7000000AF78605523FB7300237B730023BB737A
:10A710006B4B1B78002B40F0CF80BB7B5A1CBA736D
:10A720001A46684B3A2199547B681B781846BB7BC4
:10A73000644A13440122194600F01BF97B681B7818
:10A74000FA7BD31AFB73BB7B0133BB737B681B782B
:10A75000072B04D07B681B78082B40F092807B6825
:10A760005B881846BB7B574A13440422194600F005
:10A7700000F97B685B88DBB2FA7BD31AFB737B68DA
:10A780005B881B0A9BB2DBB2FA7BD31AFB73BB7BE1
:10A790000433BB73BB7B4B4A13440222194600208F
:10A7A00000F0E7F8BB7B0233BB737B681B78082B98
:10A7B00067D17B681B7A013B042B62D801A252F857
:10A7C00023F000BFD9654200FF65420033664200B6
:10A7D00083664200836642007B685868BB7B394AC7
:10A7E00013440222194600F0C4F87B685B68DBB2B0
:10A7F000FA7BD31AFB73BB7B0233BB7341E07B68EC
:10A800005868BB7B2F4A13440422194600F0B1F864
:10A810007B685B68DBB2FA7BD31AFB737B685B688F
:10A820001B0ADBB2FA7BD31AFB73BB7B0433BB730B
:10A8300027E07B685868BB7B224A134408221946EC
:10A8400000F097F87B685B68DBB2FA7BD31AFB7386
:10A850007B685B681B0ADBB2FA7BD31AFB737B68ED
:10A860005B681B0CDBB2FA7BD31AFB737B685B68FB
:10A870001B0EDBB2FA7BD31AFB73BB7B0833BB73B3
:10A8800000BFF87BBB7B0F4A13440222194600F03D
:10A8900070F8BB7B0233BB73BB7B0A4A0A21D154DD
:10A8A000BB7B01337B73084B1B687A7B92B20549F3
:10A8B00018460AF05DF800E000BF1037BD4680BDC5
:10A8C000FA120020B0120020AC12002080B487B031
:10A8D00000AF78600B46FB7000237B610023FB74A4
:10A8E0007B68FB60FB78012B0CD1FB681B78392B54
:10A8F00003D8FB681B78303B02E0FB681B78373BD2
:10A900007B612FE00023FB7428E0FB7A1B01FB72C4
:10A91000FB681B78392B04D8FB681B78303BDBB213
:10A9200003E0FB681B78373BDBB2FA7A1344FB7217
:10A93000FB7C03F00103DBB2002B09D0FA7AFB7C2D
:10A94000013B9B0002FA03F31A467B6913447B61C7
:10A95000FB680133FB60FB7C0133FB74FA7CFB7802
:10A960009A42D2D37B6918461C37BD465DF8047BFA
:10A97000704780B487B000AFF860B9601346FB71D0
:10A9800000237B750023FB754FF0FF333B61FB79A0
:10A990009B003A6902FA03F33B613B69DB433B618D
:10A9A0003A69FB6813403B61FB79012B0DD13B6990
:10A9B000092B04D83B69DBB23033DBB203E03B69DF
:10A9C000DBB23733DBB2BA6813700023BB7540E0EB
:10A9D000BB7D9B000F2202FA03F31A463B691A4023
:10A9E000BB7D5B08DBB2DB0022FA03F3DAB2FB7D4E
:10A9F0001344FB75BB7D03F00103DBB2002B25D0B4
:10AA0000FB7D1B097B757B7D092B03D87B7D303358
:10AA1000DBB202E07B7D3733DBB2BA7D013AB96845
:10AA20000A441370FB7D03F00F037B757B7D092BBC
:10AA300003D87B7D3033DBB202E07B7D3733DBB282
:10AA4000BA7DB9680A4413700023FB75BB7D0133DE
:10AA5000BB75BA7DFB799A42BAD300BF00BF1C37E1
:10AA6000BD465DF8047B704780B584B000AFF860E8
:10AA7000B9607A602E4AFB6813602E4ABB68136087
:10AA80002D4A7B6813600A210E20FDF74BF903461F
:10AA90002A4A13600A210E20FDF744F90346284A8A
:10AAA000136000F0D5F8274B00221A70264B0022C5
:10AAB0001A70214B1B6880221A60FB681B6803F127
:10AAC00024021D4B1B689A601B4B1B681F4ADA60EF
:10AAD00000F0F4F8174B1B6892221A60154B1B68A4
:10AAE0001B4ADA60FB681B6803F12802114B1B68E4
:10AAF0009A600F4B1B681B681A680D4B1B681B681C
:10AB000022F001021A600A4B1B681B6800225A607F
:10AB1000074B1B681B684FF486529A60044B1B68F6
:10AB20001B6815221A6000BF1037BD4680BD00BFEC
:10AB3000081300200C130020101300200013002025
:10AB400004130020141300201513002018130020F4
:10AB50002813002090B587B000AF78600B46FB70DB
:10AB6000FB780A2B27D87F233B72AA237B72FB78C2
:10AB7000BB72FA7807F108030333796818460CF0C2
:10AB80000CF8FB780333DAB2FB78DC1C07F108031E
:10AB90001146184600F0F2F803461A4604F118036D
:10ABA0003B4403F8102C064B1B6807F108021146C2
:10ABB0001846FDF796F900BF1C37BD4690BD00BF93
:10ABC0000013002080B500AF0B4B1B78002B10D179
:10ABD0000A4B1B680A491846FDF746F90346002B45
:10ABE00008D1074B9B780433DBB2184600F08CF891
:10ABF00000E000BF80BD00BF141300200013002040
:10AC00002813002080B586B000AF786039600F4B04
:10AC10001B6807F1080211461846FDF725F903469F
:10AC2000002B0DD13A7A3B681A703B7A1A4607F12D
:10AC300008030133194678680BF0AFFF012300E0E9
:10AC4000002318461837BD4680BD00BF04130020FE
:10AC500080B500AF184B1B684FF4E1325A60164BB9
:10AC60001B6800229A60144B1B680022DA60124BAA
:10AC70001B6800221A61104B1B680C225A610E4B94
:10AC80001B6800229A610C4B1B680022DA610A4B98
:10AC90001B6800221A62084B1B6800225A62064B8E
:10ACA0001B68184609F016FE0346002B01D001F080
:10ACB0003FFF00BF80BD00BF0813002080B400AF7D
:10ACC0000E4B1B680E225A600C4B1B681A680B4B0C
:10ACD0001B6842F001021A60094B1B681B681A6866
:10ACE000074B1B681B6842F015021A60054B0122D6
:10ACF0001A7000BFBD465DF8047B7047101300203A
:10AD0000081300201513002080B483B000AF034661
:10AD1000FB71FB790E2B25D8154B01221A70154BB0
:10AD20001B681A68134B1B6822F001021A60114B52
:10AD30001B68FA795A60104B1B681B6840221A6224
:10AD40000C4B1B681A680B4B1B6842F001021A601F
:10AD5000094B1B681B681A68074B1B681B6842F08D
:10AD600049021A6000BF0C37BD465DF8047B70478E
:10AD7000141300200C1300200813002080B485B0A9
:10AD800000AF78600B46FB700023BB730023FB739E
:10AD900009E0FB7B7A6813441A78BB7B1344BB73CE
:10ADA000FB7B0133FB73FA7BFB789A42F1D3BB7BCD
:10ADB00018461437BD465DF8047B704790B583B0E4
:10ADC00000AF2A4B1B681B68DB6903F01003002BE4
:10ADD00037D0274B1B685B68DBB2C3F10E03FB71F6
:10ADE000234B1B681A68224B1B6822F001021A6071
:10ADF0001E4B1B681B6810221A621E4B1B787F2B90
:10AE00001DD11C4B5B78AA2B19D1FA79194B9B7871
:10AE100004339A4213D1FB79013B164AD45CFB7987
:10AE2000013BDBB219461348FFF7A8FF03469C42DB
:10AE300005D1114B1B6811491846FDF752F8FFF771
:10AE40003DFF0A4B1B681B68DB6903F04003002BC6
:10AE500007D0064B1B681B6840221A62084B002271
:10AE60001A7000BF0C37BD4690BD00BF081300200C
:10AE70001013002018130020041300201A130020C0
:10AE80001413002080B400AF0A4B1B681A68094BEA
:10AE90001B6822F001021A60074B5B68064A43F404
:10AEA00080535360054B00221A7000BFBD465DF809
:10AEB000047B70470C130020000002401413002094
:10AEC00080B400AF00BFBD465DF8047B7047000052
:10AED00080B582B000AF7860094B00221A70094B30
:10AEE00000221A7000F0FAF8074B1B68074A126834
:10AEF00019467868FFF7B8FD00BF0837BD4680BD2A
:10AF000042130020542100208825002040250020E5
:10AF100080B582B000AF524B1B880A339AB2504BB7
:10AF20001A804F4B1B8840F6B832934202D94D4BE2
:10AF300000221A704C4B1B880A339AB24A4B1A8073
:10AF4000494B1B8841F2883293420DD9464B00226F
:10AF50001A80FAF7C6FD0346012219460120FCF7C4
:10AF6000C1FE012000F014FE00237B6017E03F4982
:10AF70007A6813465B0013449B000B4406331B881E
:10AF80000A3398B239497A6813465B0013449B0030
:10AF90000B44063302461A807B6801337B607B6872
:10AFA000B3F5967FE3DB00237B6042E02F497A68AC
:10AFB00013465B0013449B000B441B78012B35D1D7
:10AFC0002A497A6813465B0013449B000B44043300
:10AFD0001B88002B2AD025497A6813465B0013444E
:10AFE0009B000B440633198820487A6813465B009F
:10AFF00013449B00034404331B88994216D31B4916
:10B000007A6813465B0013449B000B4402331B8891
:10B01000184600F0BDFD15497A6813465B001344DD
:10B020009B000B44063300221A8006E07B68013344
:10B030007B607B68B3F5967FB8DBFFF7C3FD0C49F7
:10B040000C48FFF7DFFD0346002B05D0084B1B78AB
:10B05000022B01D900F0DCFD00BF0837BD4680BDE2
:10B0600056210020542100205821002044130020A4
:10B07000421300203813002080B582B000AF786002
:10B080000B46FB70FB7819467868FFF763FD00BF3D
:10B090000837BD4680BD80B586B000AF78600B46EE
:10B0A000FB7007F10C030A22002118460BF0E9F8A7
:10B0B00006233B7320237B73FA7807F10C030233DA
:10B0C000796818460BF069FD07F10C030A21184650
:10B0D000FFF7D2FF00BF1837BD4680BD80B500AF77
:10B0E00040F6B831082000F0CFFC40F6B831092016
:10B0F00000F0CAFC4FF47A710A2000F0C5FC4FF44E
:10B100007A710B2000F0C0FC4FF47A710C2000F033
:10B11000BBFC4FF47A710D2000F0B6FC4FF47A714D
:10B120000E2000F0B1FC40F6B8310F2000F0ACFC6E
:10B1300040F6B831102000F0A7FC4FF47A711120CE
:10B1400000F0A2FC41F28831122000F09DFC4FF487
:10B150007A71142000F098FC40F6B831152000F008
:10B1600093FC40F6B831162000F08EFC40F6B83162
:10B17000172000F089FC40F6B831182000F084FC5C
:10B180004FF47A711E2000F07FFC40F6B8311F208A
:10B1900000F07AFC40F6B831202000F075FC40F653
:10B1A000B831212000F070FC40F6B831222000F0C8
:10B1B0006BFC4FF47A71282000F066FC4FF47A7132
:10B1C000292000F061FC40F6B8312A2000F05CFC38
:10B1D00040F6B8312B2000F057FC4FF47A712C2048
:10B1E00000F052FC4FF47A712D2000F04DFC40F637
:10B1F000B8312E2000F048FC40F6B8312F2000F086
:10B2000043FC40F6B831302000F03EFC40F6B83147
:10B21000312000F039FC41F28831322000F034FC5A
:10B2200041F28831332000F02FFC41F288314FF495
:10B230008B7000F029FC41F2883140F2171000F0C9
:10B2400023FC41F288314FF48C7000F01DFC41F278
:10B25000883140F2191000F017FC41F288314FF4A8
:10B260008D7000F011FC41F2883140F21B1000F0AB
:10B270000BFC41F288314FF48E7000F005FC41F276
:10B28000883140F21D1000F0FFFB41F288314FF48D
:10B290008F7000F0F9FB41F2883140F21F1000F08E
:10B2A000F3FB41F288314FF4907000F0EDFB41F276
:10B2B00088314FF4917000F0E7FB41F2883140F2A1
:10B2C000231000F0E1FB41F288314FF4927000F05E
:10B2D000DBFB41F2883140F2251000F0D5FB41F252
:10B2E00088314FF4937000F0CFFB41F2883140F287
:10B2F000271000F0C9FB4FF4FA614FF4967000F08C
:10B30000C3FB4FF4FA6140F22D1000F0BDFB4FF487
:10B31000FA614FF4977000F0B7FB4FF4FA6140F216
:10B320002F1000F0B1FB4FF4FA614FF4987000F069
:10B33000ABFB4FF4FA6140F2311000F0A5FB4FF483
:10B34000FA614FF4997000F09FFB4FF4FA6140F2FC
:10B35000331000F099FB4FF4FA614FF49A7000F04B
:10B3600093FB4FF4FA6140F2351000F08DFB4FF47F
:10B37000FA614FF49B7000F087FB4FF4FA6140F2E2
:10B38000371000F081FB4FF4FA614FF49C7000F02D
:10B390007BFB4FF4FA6140F2391000F075FB4FF47B
:10B3A000FA614FF49D7000F06FFB4FF4FA6140F2C8
:10B3B0003B1000F069FB4FF4FA614FF49E7000F00F
:10B3C00063FB4FF4FA6140F23D1000F05DFB4FF477
:10B3D000FA614FF4A07000F057FB4FF4FA6140F2AD
:10B3E000411000F051FB4FF4FA614FF4A17000F0EE
:10B3F0004BFB4FF4FA6140F2431000F045FB4FF471
:10B40000FA614FF4A27000F03FFB4FF4FA6140F292
:10B41000451000F039FB4FF4FA614FF4A37000F0CF
:10B4200033FB4FF4FA6140F2471000F02DFB4FF46C
:10B43000FA614FF4A47000F027FB4FF4FA6140F278
:10B44000491000F021FB4FF4FA614FF4A57000F0B1
:10B450001BFB4FF4FA6140F24B1000F015FB4FF468
:10B46000FA614FF4A67000F00FFB4FF4FA6140F25E
:10B470004D1000F009FB4FF4FA614FF4A77000F093
:10B4800003FB4FF4FA6140F24F1000F0FDFA4FF465
:10B49000FA614FF4A87000F0F7FA4FF4FA6140F245
:10B4A000511000F0F1FA4FF4FA614FF4AA7000F075
:10B4B000EBFA4FF4FA6140F2551000F0E5FA4FF460
:10B4C000FA614FF4AB7000F0DFFA4FF4FA6140F22A
:10B4D000571000F0D9FA4FF4FA614FF4AC7000F055
:10B4E000D3FA40F6B831502000F0CEFA40F6B83129
:10B4F000512000F0C9FA40F6B831522000F0C4FAE9
:10B5000040F6B831532000F0BFFA40F6B8315A2067
:10B5100000F0BAFA40F6B8315B2000F0B5FA40F618
:10B52000B8315C2000F0B0FA40F6B8315D2000F090
:10B53000ABFA40F6B831552000F0A6FA40F6B83123
:10B54000562000F0A1FA40F6B8313C2000F09CFAF9
:10B5500040F6B8313D2000F097FA40F6B8313E2071
:10B5600000F092FA40F6B8313F2000F08DFA40F634
:10B57000B831402000F088FA40F6B831412000F0A0
:10B5800083FA40F6B831422000F07EFA40F6B83136
:10B59000432000F079FA41F288314FF4827000F0D4
:10B5A00073FA41F2883140F2051000F06DFA41F271
:10B5B00088314FF4837000F067FA40F6B8314620C6
:10B5C00000F062FA40F6B831472000F05DFA40F62C
:10B5D000B831482000F058FA40F6B831492000F060
:10B5E00053FA40F6B8314A2000F04EFA40F6B8312E
:10B5F0004B2000F049FA40F6B8314C2000F044FAF4
:10B6000040F6B8314D2000F03FFA41F288314FF456
:10B61000877000F039FA41F2883140F20F1000F0E3
:10B6200033FA41F288314FF4887000F02DFA40F679
:10B63000B831622000F028FA40F6B831632000F0FB
:10B6400023FA40F6B831642000F01EFA40F6B83113
:10B65000652000F019FA40F6B831662000F014FABF
:10B6600040F6B831672000F00FFA40F6B831682094
:10B6700000F00AFA40F6B831692000F005FA40F609
:10B68000B8316A2000F000FA40F6B8316B2000F0C3
:10B69000FBF940F6B8316C2000F0F6F940F6B8310D
:10B6A0006D2000F0F1F940F6B8316E2000F0ECF9B1
:10B6B00040F6B8316F2000F0E7F940F6B83170205D
:10B6C00000F0E2F940F6B831712000F0DDF940F603
:10B6D000B831722000F0D8F940F6B831732000F08C
:10B6E000D3F940F6B831742000F0CEF940F6B83105
:10B6F000752000F0C9F940F6B831782000F0C4F99F
:10B7000040F6B831792000F0BFF940F6B8317A2020
:10B7100000F0BAF940F6B8317B2000F0B5F940F6F8
:10B72000B8317C2000F0B0F940F6B8317D2000F04F
:10B73000ABF940F6B8317E2000F0A6F940F6B831FA
:10B740007F2000F0A1F941F28831902000F09CF9AF
:10B7500041F28831912000F097F941F2883192202E
:10B7600000F092F94FF47A71A12000F08DF94FF4B6
:10B770007A71A22000F088F941F28831A32000F00C
:10B7800083F941F28831A42000F07EF940F6B83107
:10B79000802000F079F940F6B831812000F074F98A
:10B7A00040F6B831822000F06FF940F6B8318320BE
:10B7B00000F06AF940F6B831842000F065F940F6EF
:10B7C000B831852000F060F940F6B831892000F0EA
:10B7D0005BF940F6B8318A2000F056F940F6B831EE
:10B7E0008B2000F051F940F6B8318C2000F04CF974
:10B7F00040F6B8318D2000F047F940F6B8318E2080
:10B8000000F042F940F6B831B42000F03DF940F6BE
:10B81000B831B52000F038F940F6B831B62000F064
:10B8200033F940F6B831B72000F02EF940F6B831C0
:10B83000B82000F029F940F6B831B92000F024F919
:10B8400040F6B831BA2000F01FF940F6B831BB20FD
:10B8500000F01AF940F6B831BC2000F015F940F6B6
:10B86000B831BD2000F010F940F6B831BE2000F02C
:10B870000BF940F6B831BF2000F006F940F6B831B8
:10B88000C02000F001F940F6B831C12000F0FCF80A
:10B8900040F6B831C22000F0F7F840F6B831C320C6
:10B8A00000F0F2F840F6B831C42000F0EDF840F6B0
:10B8B000B831C52000F0E8F840F6B831C62000F0F5
:10B8C000E3F840F6B831C72000F0DEF840F6B831B2
:10B8D000C82000F0D9F840F6B831C92000F0D4F8FB
:10B8E00040F6B831CA2000F0CFF840F6B831CB208E
:10B8F00000F0CAF840F6B831CC2000F0C5F840F6A8
:10B90000B831CD2000F0C0F840F6B831CE2000F0BC
:10B91000BBF840F6B831CF2000F0B6F840F6B831A9
:10B92000D02000F0B1F840F6B831D12000F0ACF8EA
:10B9300040F6B831D22000F0A7F840F6B831D32055
:10B9400000F0A2F840F6B831DC2000F09DF840F697
:10B95000B831DD2000F098F840F6B831DE2000F074
:10B9600093F840F6B831DF2000F08EF840F6B83199
:10B97000E02000F089F840F6B831E12000F084F8CA
:10B9800040F6B831E22000F07FF840F6B831E3200D
:10B9900000F07AF840F6B831E42000F075F840F68F
:10B9A000B831E52000F070F840F6B831E62000F03C
:10B9B0006BF840F6B831E72000F066F840F6B83191
:10B9C000E82000F061F840F6B831E92000F05CF8BA
:10B9D00040F6B831EA2000F057F840F6B831EB20D5
:10B9E00000F052F840F6B831EC2000F04DF840F687
:10B9F000B831ED2000F048F840F6B831EE2000F004
:10BA000043F840F6B831EF2000F03EF840F6B83188
:10BA1000F02000F039F840F6B831F12000F034F8A9
:10BA200040F6B831F22000F02FF840F6B831F3209C
:10BA300000F02AF840F6B831F42000F025F840F67E
:10BA4000B831F52000F020F840F6B831F62000F0CB
:10BA50001BF840F6B831F72000F016F840F6B83180
:10BA6000F82000F011F840F6B831F92000F00CF899
:10BA700040F6B831FA2000F007F840F6B831FB2064
:10BA800000F002F800BF80BD80B485B000AF03466F
:10BA90000A46FB801346BB800023FB6038E03B492D
:10BAA000FA6813465B0013449B000B4402331B8867
:10BAB000FA889A4229D1BB88002B13D03349FA68FF
:10BAC00013465B0013449B000B440433BA881A806E
:10BAD0002E49FA6813465B0013449B000B44012275
:10BAE0001A704EE02949FA6813465B0013449B0024
:10BAF0000B44043300221A802449FA6813465B0081
:10BB000013449B000B4400221A70FB680133FB6056
:10BB1000FB68B3F5967FC2DB0023FB602DE01B4979
:10BB2000FA6813465B0013449B000B441B78002B00
:10BB300020D1BB88002B1DD01449FA6813465B0046
:10BB400013449B000B440233FA881A800F49FA68A9
:10BB500013465B0013449B000B440433BA881A80DD
:10BB60000A49FA6813465B0013449B000B44012208
:10BB70001A7006E0FB680133FB60FB68B3F5967F43
:10BB8000CDDB1437BD465DF8047B704744130020BD
:10BB900080B586B000AF0346FB8000237B82002384
:10BBA000FB8207F11202FB8811461846FCF766F883
:10BBB0000346BB827B8A012B14BF01230023DBB227
:10BBC000FB8202233B7221237B72FB881B0A9BB200
:10BBD000DBB2BB72FB88DBB2FB72B7F914301B120D
:10BBE0001BB2DBB23B73BB8ADBB27B73FB8A1B0AE3
:10BBF0009BB2DBB2BB73FB8ADBB2FB7307F10803BA
:10BC000008211846FEF7A6FF00BF1837BD4680BDC5
:10BC100080B584B000AF534B1B781BB21B021AB225
:10BC2000504B5B781BB213431BB2FB810023BB60FC
:10BC30004C4B9B781BB21B021AB24A4BDB781BB2EF
:10BC400013431BB2FB80474B1B791BB21B021AB27A
:10BC5000444B5B791BB213431BB2BB80FB8940F2A0
:10BC60007772934210D0B3F5EF6F76DA40F2137229
:10BC7000934210D040F2137293426EDC512B2BD0C2
:10BC8000B3F5907F58D068E0374B01221A70374BDC
:10BC900000221A8060E0334B9B781BB21B021AB261
:10BCA000304BDB781BB213431BB27B802D4B1B79CF
:10BCB0001BB21B021AB22B4B5B791BB213431BB294
:10BCC0003B803A887B8811461846FFF7DDFE7B886B
:10BCD0001846FFF75DFF3FE0224B00229A71214B8F
:10BCE0000022DA711F4B00221A721E4B00225A7278
:10BCF00008221F494FF4A260F9F79AFF194B9B786D
:10BD00001B06BA681343BB60164BDB781B04BA688A
:10BD10001343BB60134B1B791B02BA681343BB6010
:10BD2000104B5B791A46BB681343BB60B868FBF7DE
:10BD300007FAFCF7E7FC0FE0FB88C3F30E0398B2A9
:10BD4000B7F90410B7F90630DB439BB2DB0BDBB26B
:10BD50001A46FBF7C7FF00BF00BF00BF1037BD4644
:10BD600080BD00BF38130020542100205621002040
:10BD70003A13002080B400AF00BFFDE780B400AFED
:10BD800000BFFDE780B582B000AF78602D4A7B68C8
:10BD900013602D4B00221A7001224FF480612B4852
:10BDA00005F0A6F800224FF48051284805F0A0F8CD
:10BDB000142002F045F801224FF48051234805F089
:10BDC00097F8142002F03CF8214B00221A70214908
:10BDD000012000F031F9142002F032F81C4B41220E
:10BDE0001A701B4B00225A70194B40229A70194945
:10BDF000032000F021F9142002F022F8144B08224D
:10BE00001A701449012000F017F9142002F018F8F4
:10BE10000F4B10221A700F49012000F00DF903207A
:10BE200002F00EF80A4B00221A70094B00225A70D9
:10BE3000074B00229A70064B0022DA7000BF0837C9
:10BE4000BD4680BD782100207C21002000080048EC
:10BE5000602100206C2100202DE9B04F00AF00F0E0
:10BE6000CBF80346002B00F09280534B00221A605F
:10BE7000524B1B781B0403F4FE024F4B1B68134309
:10BE80004D4A13604D4B5B781A024B4B1B681343B2
:10BE9000494A1360494B9B781A46474B1B6813432A
:10BEA000454A1360454B1B785BB2002B07DA424BC7
:10BEB0001B686FEA43236FEA53233F4A13603E4BEC
:10BEC0001B68DA17984691463D4B03FB09F20023A5
:10BED00003FB08F313443A4AA8FB02452B441D46D2
:10BEE00022462B46002B06DA364912EB010A43F1B3
:10BEF000000B52465B464FF000004FF00001D00DA2
:10BF000040EA4320D91502460B462F4B1A602F4BAF
:10BF10001A682F4B1B7819462E4B53F82130D31A31
:10BF20002A4A13602A4B1B781946274B1B68294A5B
:10BF300042F82130254B1A68234B1B681344234ACF
:10BF40001360224B1B68244A82FB03129210DB17FA
:10BF5000D31A224A13601E4B1B780133DAB21C4BF2
:10BF60001A701B4B1B78092B02D9194B00221A702F
:10BF70001A4B1B68184A82FB03129210DB17D31A64
:10BF80001BB2012219463320FBF7ACFE0DE0134B28
:10BF90001B68114A82FB03129210DB17D31A1BB2E3
:10BFA000002219463320FBF79DFE0449042000F0CF
:10BFB00043F800BFBDE8B08F802100205C21002045
:10BFC000400D0300FFFF7F0084210020B8210020E6
:10BFD000B42100208C21002067666666882100203D
:10BFE00080B400AF034B1B681846BD465DF8047B68
:10BFF000704700BF8821002080B483B000AF0D4B94
:10C000001A780C4B5B781344DAB20A4B9B781344D2
:10C01000DBB2653BFB71074BDB78FA799A4201D1C1
:10C02000012300E0002318460C37BD465DF8047B71
:10C03000704700BF5C21002080B582B000AF03468E
:10C040003960FB71174B1B78002B01D0012324E0D2
:10C05000144B01221A7000224FF48061124804F040
:10C0600047FF1021114804F02BFF0346002B08D195
:10C070000F4B1868FB799BB23A680E4906F062FDD7
:10C080000AE0012001F0DCFE094B1868FB799BB245
:10C090003A68084906F056FD002318460837BD46A1
:10C0A00080BD00BF7C21002000080048000400483B
:10C0B000782100206021002080B582B000AF786038
:10C0C0007B681B68074A934208D101224FF48061C4
:10C0D000054804F00DFF054B00221A7000BF083719
:10C0E000BD4680BD00300140000800487C21002092
:10C0F00080B483B000AF786000BF0C37BD465DF8F8
:10C10000047B704780B500AF164B174A9A60BFF3A7
:10C110004F8F00BFBFF36F8F00BF01F01CFE00F018
:10C1200025F800F0D3FB00F067FB00F029F900F0E0
:10C13000ABF900F02BFB00F06DF800F03DFA00F0D9
:10C1400055F900F071F900F0CFF900F001FA00F0B4
:10C150005DFA00F099FAFCF78FF9FCF765FA00BF79
:10C16000FDE700BF00ED00E00042000880B596B09A
:10C1700000AF07F114034422002118460AF081F8A9
:10C180003B4600221A605A609A60DA601A614FF4E6
:10C19000007004F065FF0346002B01D000F0C8FCDE
:10C1A00009237B614FF48033BB610123BB6202230F
:10C1B000FB6303233B6402237B641923BB640723D3
:10C1C000FB6402233B6502237B6507F114031846D9
:10C1D00004F09CFF0346002B01D000F0A9FC0F23C4
:10C1E0003B6003237B600023BB604FF48063FB60F4
:10C1F0004FF480633B613B460321184605F0A6FBE4
:10C200000346002B01D000F093FC00BF5837BD4619
:10C2100080BD000080B586B000AF3B4600221A60AA
:10C220005A609A60DA601A615A614D4B4D4A1A6041
:10C230004B4B00225A604A4B00229A60484B002226
:10C24000DA60474B01221A61454B04225A61444B84
:10C2500000221A76424B01225A76414B0622DA61BD
:10C260003F4B002283F820203D4B00229A623C4B3A
:10C270000022DA623A4B012283F83020384B002248
:10C280005A63374B002283F83820354802F024F8EF
:10C290000346002B01D000F04BFC334B3B600623E0
:10C2A0007B600023BB607F23FB6004233B61002392
:10C2B0007B613B4619462A4802F00EFC0346002BE0
:10C2C00001D000F035FC294B3B600C237B603B46E2
:10C2D0001946234802F000FC0346002B01D000F071
:10C2E00027FC234B3B6012237B603B4619461C48CE
:10C2F00002F0F2FB0346002B01D000F019FC1D4BAD
:10C300003B6018237B603B461946154802F0E4FB6E
:10C310000346002B01D000F00BFC174B3B604FF4A1
:10C3200080737B603B4619460D4802F0D5FB0346FF
:10C33000002B01D000F0FCFB104B3B604FF48373EB
:10C340007B603B461946064802F0C6FB0346002BBD
:10C3500001D000F0EDFB00BF1837BD4680BD00BF27
:10C36000BC21002000000450400020190002B0252C
:10C370000004002A0008302E001060320000214323
:10C3800080B500AF174B184A1A60164B05225A6049
:10C39000144B00229A60134B0022DA60114B4FF4C9
:10C3A00060221A610F4B4FF440125A610D4B00226C
:10C3B0001A760C4B00225A760A4B00229A76094BC9
:10C3C0000122DA76074B00221A77064B00225A77B1
:10C3D000044803F031FA0346002B01D000F0A8FB1B
:10C3E00000BF80BD682200200064004080B500AF1F
:10C3F0000B4B0C4A1A600A4B06225A60084B40F657
:10C40000FF72DA60064B40F277129A60044804F03B
:10C41000B9FD0346002B01D000F08AFB00BF80BDB0
:10C42000902200200030004080B500AF144B154A28
:10C430001A60134B4FF496425A60114B00229A60D7
:10C440000F4B0022DA600E4B00221A610C4B0C22BB
:10C450005A610B4B00229A61094B00221A62084B69
:10C4600010225A62064B4FF480529A63044808F037
:10C4700031FA0346002B01D000F05AFB00BF80BD0B
:10C48000A02200200080004080B500AF144B154A68
:10C490001A60134B4FF4E1325A60114B00229A603C
:10C4A0000F4B0022DA600E4B00221A610C4B0C225B
:10C4B0005A610B4B00229A61094B0022DA61084B4A
:10C4C00000221A62064B00225A62054808F002FA5E
:10C4D0000346002B01D000F02BFB00BF80BD00BF46
:10C4E000242300200038014080B500AF164B174AC6
:10C4F0001A60154B4FF416525A60134B00229A6083
:10C50000114B0022DA60104B00221A610E4B0422FC
:10C510005A610D4B00229A610B4B0022DA610A4BE3
:10C5200000221A62084B10225A62074B4FF48052C5
:10C530009A63054808F0CEF90346002B01D000F0BD
:10C54000F7FA00BF80BD00BFA823002000440040D0
:10C5500080B500AF164B174A1A60154B4FF41652B0
:10C560005A60134B00229A60114B0022DA60104B84
:10C5700000221A610E4B04225A610D4B00229A616F
:10C580000B4B0022DA610A4B00221A62084B102280
:10C590005A62074B4FF480529A63054808F09AF9A3
:10C5A0000346002B01D000F0C3FA00BF80BD00BFDE
:10C5B0002C2400200048004080B500AF114B124AE7
:10C5C0001A60104B00225A600E4B7C229A600D4B71
:10C5D00040F2CF72DA600B4B00221A61094B002245
:10C5E0005A61084B00229A61064B0022DA61054825
:10C5F00005F0BCFE0346002B01D000F099FA00BF05
:10C6000080BD00BF602600200028004080B500AF3C
:10C610001B4B1C4A1A601A4B4FF482725A60184B1B
:10C6200000229A60164B4FF4E062DA60144B00224D
:10C630001A61134B01225A61114B4FF400729A6137
:10C640000F4B3822DA610E4B00221A620C4B00228B
:10C650005A620B4B00229A62094B0722DA62084B9E
:10C6600000221A63064B00225A63054806F0C7F9F8
:10C670000346002B01D000F05BFA00BF80BD00BF75
:10C68000842600200030014080B58EB000AF07F155
:10C69000280300221A605A609A60DA6007F11C03CE
:10C6A00000221A605A609A603B4600221A605A6063
:10C6B0009A60DA601A615A619A61334B4FF0804296
:10C6C0001A60314B32225A602F4B00229A602E4B57
:10C6D0004FF47A72DA602C4B00221A612A4B002246
:10C6E0009A61294806F082FF0346002B01D000F032
:10C6F0001FFA4FF48053BB6207F128031946224802
:10C7000007F0C6FB0346002B01D000F011FA1E48CB
:10C7100006F0C3FF0346002B01D000F009FA002306
:10C72000FB6100237B6207F11C031946164808F0E1
:10C730004DF80346002B01D000F0FAF960233B606E
:10C7400000237B600023BB6000233B613B46082243
:10C7500019460D4807F088FA0346002B01D000F077
:10C76000E7F93B460C221946074807F07DFA0346D5
:10C77000002B01D000F0DCF9034801F0ADF800BF58
:10C780003837BD4680BD00BF7827002080B584B013
:10C7900000AF3B1D00221A605A609A60144B154A84
:10C7A0001A60134B04225A60114B00229A60104BFE
:10C7B0004FF47A72DA600E4B00229A610C4806F050
:10C7C00015FF0346002B01D000F0B2F900237B6077
:10C7D0000023FB603B1D1946054807F0F7FF0346A1
:10C7E000002B01D000F0A4F900BF1037BD4680BD7A
:10C7F000C42700200010004080B582B000AF324B4B
:10C800009B6C314A43F0010393642F4B9B6C03F004
:10C8100001037B607B682C4B9B6C2B4A43F002032B
:10C820009364294B9B6C03F002033B603B6800223E
:10C8300002210B2003F01DFF0B2003F036FF002226
:10C8400001210C2003F015FF0C2003F02EFF002225
:10C8500004210D2003F00DFF0D2003F026FF002220
:10C8600002210E2003F005FF0E2003F01EFF002220
:10C8700002210F2003F0FDFE0F2003F016FF00221F
:10C880000421102003F0F5FE102003F00EFF00221B
:10C8900001213B2003F0EDFE3B2003F006FF0022C8
:10C8A0000221442003F0E5FE442003F0FEFE0022B6
:10C8B0000221452003F0DDFE452003F0F6FE00BF17
:10C8C0000837BD4680BD00BF0010024080B58AB069
:10C8D00000AF07F1140300221A605A609A60DA6010
:10C8E0001A618E4BDB6C8D4A43F00403D3648B4B8F
:10C8F000DB6C03F004033B613B69884BDB6C874ACC
:10C9000043F08003D364854BDB6C03F08003FB6052
:10C91000FB68824BDB6C814A43F00103D3647F4B9D
:10C92000DB6C03F00103BB60BB687C4BDB6C7B4AB8
:10C9300043F00203D364794BDB6C03F002037B60AA
:10C940007B68764BDB6C754A43F00803D364734B0A
:10C95000DB6C03F008033B603B68002249F2E071A6
:10C960006F4804F0C5FA00224FF2C5016D4804F08B
:10C97000BFFA00224FF480714FF0904004F0B8FAF3
:10C9800000220421684804F0B3FA00220821674815
:10C9900004F0AEFA4FF400537B610023BB61002327
:10C9A000FB6107F1140319465D4804F00FF94FF4D9
:10C9B00080437B610023BB610223FB6107F1140309
:10C9C0001946574804F002F949F2A0737B6101232C
:10C9D000BB610023FB6100233B6207F1140319468E
:10C9E0004F4804F0F3F80C237B614FF48813BB61CC
:10C9F0000023FB6107F114031946494804F0E6F8E7
:10CA000001237B614FF48813BB610023FB6107F1B5
:10CA1000140319464FF0904004F0D8F808237B61C6
:10CA20000023BB610023FB6107F1140319464FF09B
:10CA3000904004F0CBF84FF2C5037B610123BB614A
:10CA40000023FB6100233B6207F1140319463548BC
:10CA500004F0BCF840237B611123BB610023FB6120
:10CA600000233B6207F1140319462D4804F0AEF889
:10CA70004FF480737B610123BB610023FB610023C2
:10CA80003B6207F1140319464FF0904004F09EF802
:10CA900004237B610123BB610023FB6100233B6214
:10CAA00007F114031946204804F090F808237B612D
:10CAB0000123BB610023FB6100233B6207F11403E8
:10CAC00019461A4804F082F84FF440737B61002342
:10CAD000BB610023FB6107F114031946114804F000
:10CAE00075F800220621062003F0C3FD062003F09E
:10CAF000DCFD00220621082003F0BBFD082003F026
:10CB0000D4FD00220621092003F0B3FD092003F023
:10CB1000CCFD00BF2837BD4680BD00BF00100240DD
:10CB20000008004800040048000C0048001C0048B1
:10CB300080B400AF72B600BF00BFFDE780B584B01F
:10CB400000AF154B60221A60134B00225A60124B43
:10CB500000229A60104B0022DA600F4B00221A610B
:10CB60000D4B00225A610C4B00229A6100233B734B
:10CB70000A4B7B600C23BB6001233A1D07CA00F0FF
:10CB8000ABF80823BB6002233A1D07CA00F0A4F8E3
:10CB900000BF1037BD4680BD342800207827002014
:10CBA00080B582B000AF03460A46FB711346BB71E5
:10CBB000FB79012B02D0FB79022B54D1BA791346B1
:10CBC0009B0013445B001A46404B5A60FA79404977
:10CBD00013465B0013449B000B440833BA791A7068
:10CBE000FA793B4913465B0013449B000B441868D9
:10CBF000FA79374913465B0013449B000B44043316
:10CC00001B68194606F088FEFA79314913465B0025
:10CC100013449B000B441868FA792D4913465B00B6
:10CC200013449B000B4404331B681A46274907F042
:10CC30001BF80346002B01D0FFF77AFFFA7924494D
:10CC400013465B0013449B000B441868FA79204993
:10CC500013465B0013449B000B4404331B681946C6
:10CC600006F07CFD2EE0FA79194913465B00134467
:10CC70009B000B440833BA791A70FB79002B10D152
:10CC8000BB79002B06D001224FF48051114804F0EB
:10CC90002FF917E000224FF480510E4804F028F9D4
:10CCA00010E0FB79032B0DD1BB79002B05D00122BD
:10CCB0000421084804F01CF904E00022042105487E
:10CCC00004F016F900BF0837BD4680BD34280020A7
:10CCD000102800200004004890B585B000AF3C1D2E
:10CCE00084E80700FB70FA787968134813465B0004
:10CCF00013449B0003441960FA78B9680E48134640
:10CD00005B0013449B00034404331960FA78387BBA
:10CD1000094913465B0013449B000B440833024649
:10CD20001A707B68BA681146184606F017FD00BFF6
:10CD30001437BD4690BD00BF1028002080B400AF5E
:10CD40000F4B01229A800F4B05229A800E4B0A222C
:10CD50009A800E4B32229A800D4B64229A800D4BA2
:10CD6000FA229A800C4B4FF4FA729A800B4B4FF4D4
:10CD70007A729A8000BFBD465DF8047B704700BFA1
:10CD80005028002058280020602800206828002013
:10CD90007028002078280020802800208828002083
:10CDA00080B500AF0C4800F027F80C4800F024F8DC
:10CDB0000B4800F021F80B4800F01EF80A4800F07C
:10CDC0001BF80A4800F018F8094800F015F809485F
:10CDD00000F012F800BF80BD502800205828002025
:10CDE0006028002068280020702800207828002073
:10CDF000802800208828002080B483B000AF7860AD
:10CE00007B685B8801339AB27B685A807B685A885A
:10CE10007B689B889A4205D37B6801221A707B68E5
:10CE200000225A8000BF0C37BD465DF8047B704776
:10CE300080B500AF244B1B78002B04D000F054F8D1
:10CE4000214B00221A70214B1B78002B04D000F0DC
:10CE500052F81E4B00221A701D4B1B78002B04D079
:10CE600000F04FF81A4B00221A701A4B1B78002B57
:10CE700004D000F052F8174B00221A70164B1B78A2
:10CE8000002B04D000F050F8134B00221A70134B03
:10CE90001B78002B04D000F053F8104B00221A70BE
:10CEA0000F4B1B78002B04D000F051F80C4B0022E4
:10CEB0001A700C4B1B78002B04D000F04FF8094B74
:10CEC00000221A7000BF80BD502800205828002082
:10CED0006028002068280020702800207828002082
:10CEE000802800208828002080B400AF00BFBD4605
:10CEF0005DF8047B704780B500AFF9F7FDFA00BF1D
:10CF000080BD80B500AFF9F749FAF8F71FFEFAF7D0
:10CF10008DFBFDF7FDFF00BF80BD80B400AF00BFFB
:10CF2000BD465DF8047B704780B500AFFAF760F945
:10CF3000FDF7EAF8FEF790FFF8F7FEFA00BF80BDB4
:10CF400080B400AF00BFBD465DF8047B704780B47D
:10CF500000AF00BFBD465DF8047B704780B500AFF1
:10CF6000FBF730F8FBF7B2F8FBF794FBF8F7BAFFE2
:10CF7000FCF73AF9FBF73CFEFBF76EFD00BF80BD06
:10CF800080B483B000AF0F4B1B6E0E4A43F0010319
:10CF900013660C4B1B6E03F001037B607B68094B2F
:10CFA0009B6D084A43F080539365064B9B6D03F0DD
:10CFB00080533B603B6800BF0C37BD465DF8047B87
:10CFC000704700BF0010024080B5A2B000AF78608B
:10CFD00007F1740300221A605A609A60DA601A61DD
:10CFE00007F118035C220021184609F04AF97B6812
:10CFF0001B68434A93427FD14FF48043BB614FF09B
:10D000004053BB6607F11803184604F0A5FE03461B
:10D01000002B01D0FFF78CFD3A4BDB6C394A43F40F
:10D020000053D364374BDB6C03F400537B617B69A3
:10D03000344BDB6C334A43F00103D364314BDB6C7C
:10D0400003F001033B613B692E4BDB6C2D4A43F03F
:10D050000203D3642B4BDB6C03F00203FB60FB6821
:10D06000F2237B670B23BB670023FB6707F1740385
:10D0700019464FF0904003F0A9FD02237B670B2374
:10D08000BB670023FB6707F1740319461E4803F0D2
:10D090009DFD1E4B1E4A1A601C4B00225A601B4B02
:10D0A00000229A60194B0022DA60184B80221A6124
:10D0B000164B4FF480725A61144B4FF480629A61A0
:10D0C000124B0022DA61114B00221A620F4803F062
:10D0D00007FB0346002B01D0FFF72AFD7B680B4AB4
:10D0E000DA640A4A7B68936200220221122003F06C
:10D0F000C0FA122003F0D9FA00BF8837BD4680BDC0
:10D1000000000450001002400004004820220020CB
:10D110000800024080B58AB000AF786007F11403C0
:10D1200000221A605A609A60DA601A617B681B6894
:10D13000244A934241D1244B9B6D234A43F0007310
:10D140009365214B9B6D03F000733B613B691E4B64
:10D15000DB6C1D4A43F00103D3641B4BDB6C03F013
:10D160000103FB60FB684FF4C0537B610223BB618A
:10D170000023FB6103233B6209237B6207F1140355
:10D1800019464FF0904003F021FD002202211320A8
:10D1900003F06FFA132003F088FA00220121142013
:10D1A00003F067FA142003F080FA00220121152011
:10D1B00003F05FFA152003F078FA00BF2837BD4668
:10D1C00080BD00BF006400400010024080B5A6B0E2
:10D1D00000AF786007F1840300221A605A609A60F9
:10D1E000DA601A6107F128035C220021184609F071
:10D1F00048F87B681B689C4A934240F09680202345
:10D20000BB6200237B6507F12803184604F0A4FDE8
:10D210000346002B01D0FFF78BFC944BDB6D934A48
:10D2200043F00103D365914BDB6D03F001037B6297
:10D230007B6A8E4BDB6C8D4A43F00403D3648B4BCB
:10D24000DB6C03F004033B623B6A0323C7F88430C2
:10D250000223C7F888300023C7F88C300323C7F8AF
:10D2600090300823C7F8943007F1840319468048AA
:10D2700003F0ACFC7F4B804A1A607E4B04225A605C
:10D280007C4B00229A607B4B0022DA60794B802233
:10D290001A61784B00225A61764B00229A61754BD5
:10D2A0000022DA61734B00221A62724803F018FA06
:10D2B0000346002B01D0FFF73BFC7B686D4A1A67E1
:10D2C0006C4A7B6893626D4B6D4A1A606B4B04220B
:10D2D0005A606A4B10229A60684B0022DA60674BF2
:10D2E00080221A61654B00225A61644B00229A61C8
:10D2F000624B0022DA61614B00221A625F4803F040
:10D30000EFF90346002B01D0FFF712FC7B685B4A64
:10D31000DA665A4A7B68936200220221462003F0B3
:10D32000A8F9462003F0C1F9B3E17B681B68554AB0
:10D33000934240F0B1800123BB620023BB6407F13C
:10D340002803184604F008FD0346002B01D0FFF720
:10D35000EFFB464B1B6E454A43F480431366434B39
:10D360001B6E03F48043FB61FB69404BDB6C3F4A5F
:10D3700043F00103D3643D4BDB6C03F00103BB615D
:10D38000BB694FF4C063C7F884300223C7F8883004
:10D390000023C7F88C300323C7F890300723C7F861
:10D3A000943007F1840319464FF0904003F00EFCCF
:10D3B000354B364A1A60344B02225A60324B0022F7
:10D3C0009A60314B0022DA602F4B80221A612E4B7B
:10D3D00000225A612C4B00229A612B4B0022DA6109
:10D3E000294B00221A62284803F07AF90346002BE1
:10D3F00001D0FFF79DFB7B68234A1A67224A7B68AE
:10D400009362234B234A1A60214B02225A60204B1D
:10D4100010229A601E4B0022DA601D4B80221A6196
:10D420001B4B00225A611A4B00229A61184B0022B2
:10D43000DA61174B00221A62154803F051F90346CE
:10D44000002B01D0FFF774FB7B68114ADA66104AA3
:10D450007B68936200220221252003F00AF925202F
:10D4600003F023F915E100BF0080004000100240E6
:10D4700000080048B024002080040240F824002066
:10D480006C04024000380140402500205800024052
:10D4900088250020440002407B681B687F4A934235
:10D4A00040F085800223BB620023FB6407F1280360
:10D4B000184604F051FC0346002B01D0FFF738FB5F
:10D4C000774B9B6D764A43F400339365744B9B6DA9
:10D4D00003F400337B617B69714BDB6C704A43F072
:10D4E0000103D3646E4BDB6C03F001033B613B69CA
:10D4F0000423C7F884300223C7F888300023C7F814
:10D500008C300323C7F890300723C7F8943007F115
:10D51000840319464FF0904003F058FB4FF400434A
:10D52000C7F884300223C7F888300023C7F88C304E
:10D530000323C7F890300323C7F8943007F184031E
:10D5400019464FF0904003F041FB564B564A1A6083
:10D55000544B02225A60534B00229A60514B0022D6
:10D56000DA60504B80221A614E4B00225A614D4BBB
:10D5700000229A614B4B0022DA614A4B00221A6268
:10D58000484803F0ADF80346002B01D0FFF7D0FA6E
:10D590007B68444A1A67434A7B68936200220321EE
:10D5A000262003F066F8262003F07FF871E07B6800
:10D5B0001B683E4A93426CD10423BB6200233B6547
:10D5C00007F12803184604F0C7FB0346002B01D0DF
:10D5D000FFF7AEFA324B9B6D314A43F480239365DB
:10D5E0002F4B9B6D03F48023FB60FB682C4BDB6CA3
:10D5F0002B4A43F00403D364294BDB6C03F0040390
:10D60000BB60BB684FF40163C7F884300223C7F8DE
:10D6100088300023C7F88C300323C7F890300723E5
:10D62000C7F8943007F184031946214803F0CEFA75
:10D63000204B214A1A601F4B02225A601D4B0022C8
:10D640009A601C4B0022DA601A4B80221A61194B37
:10D6500000225A61174B00229A61164B0022DA61B0
:10D66000144B00221A62134803F03AF80346002BC9
:10D6700001D0FFF75DFA7B680E4A1A670D4A7B6896
:10D68000936200220321272002F0F3FF272003F0FA
:10D690000CF800BF9837BD4680BD00BF0044004075
:10D6A00000100240D02500206C00024000480040DD
:10D6B00000080048182600203000024080B59AB0CB
:10D6C00000AF786007F10C035C220021184608F0D7
:10D6D000D8FD7B681B680F4A934217D14FF4003383
:10D6E000FB604FF440737B6607F10C03184604F0AF
:10D6F00033FB0346002B01D0FFF71AFA064BD3F891
:10D700009030054A43F40043C2F8903000BF6837B8
:10D71000BD4680BD002800400010024080B58AB0A0
:10D7200000AF786007F1140300221A605A609A6013
:10D73000DA601A617B681B68444A934240F0828039
:10D74000434B1B6E424A43F480531366404B1B6E9F
:10D7500003F480533B613B693D4BDB6C3C4A43F037
:10D760000203D3643A4BDB6C03F00203FB60FB68FB
:10D7700038237B610223BB610023FB6103233B62EF
:10D7800005237B6207F114031946324803F01EFAA1
:10D79000314B324A1A60304B01225A602E4B002224
:10D7A0009A602D4B0022DA602B4B80221A612A4BA3
:10D7B00000225A61284B00229A61274B0022DA612D
:10D7C000254B00221A62244802F08AFF0346002BF0
:10D7D00001D0FFF7ADF97B681F4A9A651E4A7B6846
:10D7E00093621F4B1F4A1A601D4B04225A601C4B48
:10D7F00010229A601A4B0022DA60194B80221A61BB
:10D80000174B00225A61164B00229A61144B0022DA
:10D81000DA61134B00221A62114802F061FF0346DD
:10D82000002B01D0FFF784F97B680D4A5A650C4A3A
:10D830007B68936200220121232002F01AFF23203B
:10D8400002F033FF00BF2837BD4680BD00300140E5
:10D850000010024000040048E82600201C0002409E
:10D86000302700204404024080B584B000AF7860C7
:10D870007B681B68B3F1804F0CD1154B9B6D144A2C
:10D8800043F001039365124B9B6D03F00103FB60B2
:10D89000FB6818E07B681B680E4A934213D10C4B5F
:10D8A0009B6D0B4A43F010039365094B9B6D03F08E
:10D8B0001003BB60BB6800220021362002F0D9FEB5
:10D8C000362002F0F2FE00BF1037BD4680BD00BF1B
:10D8D000001002400010004080B588B000AF7860B2
:10D8E00007F10C0300221A605A609A60DA601A612C
:10D8F0007B681B68B3F1804F1CD1104BDB6C0F4A67
:10D9000043F00203D3640D4BDB6C03F00203BB60F6
:10D91000BB684FF44063FB6002233B6100237B61E3
:10D920000023BB610123FB6107F10C031946044886
:10D9300003F04CF900BF2037BD4680BD0010024007
:10D940000004004880B400AF00BFFDE780B400AF22
:10D9500000BFFDE780B400AF00BFFDE780B400AFBB
:10D9600000BFFDE780B400AF00BFFDE780B400AFAB
:10D9700000BFBD465DF8047B704780B400AF00BFB8
:10D98000BD465DF8047B704780B400AF00BFBD4664
:10D990005DF8047B704780B500AF00F031FAFFF707
:10D9A000FFF900BF80BD80B500AF012003F0D2FABF
:10D9B00000BF80BD80B500AF042003F0CBFA00BFEC
:10D9C00080BD80B500AF082003F0C4FA00BF80BD61
:10D9D00080B500AF024803F01AF800BF80BD00BF59
:10D9E0002022002080B500AF024803F010F800BFED
:10D9F00080BD00BFE826002080B500AF024803F0DC
:10DA000006F800BF80BD00BF1826002080B500AF1B
:10DA1000024802F0FCFF00BF80BD00BFD0250020FF
:10DA200080B500AF024800F084FE00BF80BD00BF9B
:10DA3000BC21002080B500AF024802F019FB00BFF6
:10DA400080BD00BF6822002080B500AF024802F010
:10DA50000FFB00BF80BD00BF6822002080B500AF73
:10DA6000024802F005FB00BF80BD00BF6822002015
:10DA700080B500AF024805F0F1F900BF80BD00BFDE
:10DA80008426002080B500AF024807F001F800BFEF
:10DA900080BD00BFA823002080B500AF024806F07B
:10DAA000F7FF00BF80BD00BF2C24002080B500AF71
:10DAB000F9F7EAF8024805F0B7FF00BF80BD00BFE4
:10DAC000C427002080B500AF024802F0A0FF00BFCD
:10DAD00080BD00BF3027002080B500AF024802F0B3
:10DAE00096FF00BF80BD00BFF824002080B500AFC6
:10DAF000024802F08CFF00BF80BD00BFB0240020B0
:10DB000080B500AF024806F0C3FF00BF80BD00BF74
:10DB1000A022002080B400AF01231846BD465DF866
:10DB2000047B704780B582B000AF7860396008F040
:10DB3000FDFF034616221A604FF0FF3318460837E0
:10DB4000BD4680BD80B582B000AF78604FF0FF3138
:10DB50007868FFF7E7FF00BFFDE780B586B000AF4C
:10DB6000F860B9607A6000237B610AE0AFF300805F
:10DB70000146BB685A1CBA60CAB21A707B6901338D
:10DB80007B617A697B689A42F0DB7B6818461837BC
:10DB9000BD4680BD80B586B000AFF860B9607A60E0
:10DBA00000237B6109E0BB685A1CBA601B781846E9
:10DBB000AFF300807B6901337B617A697B689A42AD
:10DBC000F1DB7B6818461837BD4680BD80B483B052
:10DBD00000AF78604FF0FF3318460C37BD465DF854
:10DBE000047B704780B483B000AF786039603B68D5
:10DBF0004FF400525A60002318460C37BD465DF8BA
:10DC0000047B704780B483B000AF7860012318466E
:10DC10000C37BD465DF8047B704780B485B000AF1B
:10DC2000F860B9607A60002318461437BD465DF885
:10DC3000047B704780B586B000AF7860144A154BFE
:10DC4000D31A7B617B693B61134B1B68002B02D1AC
:10DC5000114B124A1A60104B1A687B6813443A69D8
:10DC60009A4207D208F062FF03460C221A604FF076
:10DC7000FF3309E0084B1B68FB60074B1A687B68A1
:10DC80001344054A1360FB6818461837BD4680BD2B
:10DC900000C00020000F000094280020102A00205F
:10DCA00080B400AF154BD3F88830144A43F47003A6
:10DCB000C2F88830124B1B68114A43F0010313600D
:10DCC0000F4B00229A600E4B1B680D4A23F0A8539D
:10DCD00023F4102313600A4B4FF48052DA60084B90
:10DCE0001B68074A23F480231360054B00229A61C6
:10DCF00000BFBD465DF8047B704700BF00ED00E04B
:10DD000000100240DFF834D0FFF7CAFF002103E023
:10DD10000B4B5B58435004310A480B4B42189A4254
:10DD2000F6D30A4A02E0002342F8043B084B9A4229
:10DD3000F9D308F001FFFEF7E5F9FEE700C0002087
:10DD40007C4343000000002018020020180200203D
:10DD50000C2A0020FEE780B582B000AF0023FB71E3
:10DD6000032002F07BFC002000F00EF80346002B9D
:10DD700002D00123FB7101E0FFF702F9FB7918469D
:10DD80000837BD4680BD000080B584B000AF786024
:10DD90000023FB73174B1B78002B23D0164B1A68FC
:10DDA000144B1B7819464FF47A73B3FBF1F3B2FBB3
:10DDB000F3F3184602F087FC0346002B0FD17B6873
:10DDC0000F2B09D8002279684FF0FF3002F051FC88
:10DDD0000A4A7B68136007E00123FB7304E0012318
:10DDE000FB7301E00123FB73FB7B18461037BD4634
:10DDF00080BD00BF540100204C01002050010020D4
:10DE000080B400AF064B1B781A46064B1B681344C0
:10DE1000044A136000BFBD465DF8047B704700BF35
:10DE2000540100209828002080B400AF034B1B68E9
:10DE30001846BD465DF8047B704700BF9828002057
:10DE400080B584B000AF7860FFF7EEFFB8607B6804
:10DE5000FB60FB68B3F1FF3F05D00A4B1B781A4605
:10DE6000FB681344FB6000BFFFF7DEFF0246BB68A0
:10DE7000D31AFA689A42F7D800BF00BF1037BD46E0
:10DE800080BD00BF5401002080B483B000AF786033
:10DE900039607B689B6823F47C123B681A437B687B
:10DEA0009A6000BF0C37BD465DF8047B704780B4B4
:10DEB00083B000AF786039607B689B6823F0E072C4
:10DEC0003B681A437B689A6000BF0C37BD465DF81B
:10DED000047B704780B483B000AF78607B689B6838
:10DEE00003F0E07318460C37BD465DF8047B7047BD
:10DEF00080B487B000AFF860B9607A603B60FB68BF
:10DF000060331A46BB689B0013447B617B691A68C7
:10DF1000084B13407A6802F0F8413A680A43134309
:10DF200043F000427B691A6000BF1C37BD465DF8B4
:10DF3000047B704700F0FF0380B485B000AF7860C9
:10DF400039607B6860331A463B689B001344FB6072
:10DF5000FB681B6803F0F84318461437BD465DF8AC
:10DF6000047B704780B487B000AFF860B9607A6016
:10DF7000FB6860331A46BB689B0013447B617B6976
:10DF80001B6823F000427B681A437B691A6000BF5C
:10DF90001C37BD465DF8047B704780B483B000AF8A
:10DFA00078607B68DB6803F44063002B01D10123B8
:10DFB00000E0002318460C37BD465DF8047B70472F
:10DFC00080B487B000AFF860B9607A60FB68303326
:10DFD0001A46BB681B0A9B0003F00C0313447B61C9
:10DFE0007B691A68BB6803F01F031F2101FA03F362
:10DFF000DB431A407B689B0E03F01F01BB6803F0F4
:10E000001F0301FA03F31A437B691A6000BF1C3730
:10E01000BD465DF8047B704780B483B000AF786084
:10E020007B68DB6C03F0C003002B01D1012300E00F
:10E03000002318460C37BD465DF8047B704780B45A
:10E0400087B000AFF860B9607A60FB6814331A4695
:10E05000BB685B0E9B0003F0040313447B617B6988
:10E060001A68BB681B0D03F01F03072101FA03F3B5
:10E07000DB431A40BB681B0D03F01F03796801FAEC
:10E0800003F31A437B691A6000BF1C37BD465DF875
:10E09000047B704780B485B000AFF860B9607A60E7
:10E0A000FB68D3F8B020BB68C3F31203DB431A400C
:10E0B0007B6803F018030849D940BB680B40C3F3E1
:10E0C00012031A43FB68C3F8B02000BF1437BD46E3
:10E0D0005DF8047B704700BFFFFF070080B483B08A
:10E0E00000AF78607B689B6823F0204323F03F03F8
:10E0F0007A68936000BF0C37BD465DF8047B7047BB
:10E1000080B483B000AF78607B689B6803F00053F5
:10E11000B3F1005F01D1012300E0002318460C3762
:10E12000BD465DF8047B704780B483B000AF786073
:10E130007B689B6823F0104323F03F0343F0805239
:10E140007B689A6000BF0C37BD465DF8047B704762
:10E1500080B483B000AF78607B689B6803F0805325
:10E16000B3F1805F01D1012300E0002318460C3792
:10E17000BD465DF8047B704780B483B000AF786023
:10E180007B689B6823F0004323F03F0343F00102C8
:10E190007B689A6000BF0C37BD465DF8047B704712
:10E1A00080B483B000AF78607B689B6823F0004345
:10E1B00023F03F0343F002027B689A6000BF0C37F4
:10E1C000BD465DF8047B704780B483B000AF7860D3
:10E1D0007B689B6803F00103012B01D1012300E060
:10E1E000002318460C37BD465DF8047B704780B4A9
:10E1F00083B000AF78607B689B6803F00203022B5A
:10E2000001D1012300E0002318460C37BD465DF81C
:10E21000047B704780B483B000AF78607B689B68F4
:10E2200023F0004323F03F0343F004027B689A602D
:10E2300000BF0C37BD465DF8047B704780B483B0E7
:10E2400000AF78607B689B6823F0004323F03F03B6
:10E2500043F010027B689A6000BF0C37BD465DF842
:10E26000047B704780B483B000AF78607B689B68A4
:10E2700003F00403042B01D1012300E0002318461E
:10E280000C37BD465DF8047B704780B483B000AFA7
:10E2900078607B689B6823F0004323F03F0343F0E2
:10E2A00020027B689A6000BF0C37BD465DF8047B96
:10E2B000704780B483B000AF78607B689B6803F0E0
:10E2C0000803082B01D1012300E0002318460C3776
:10E2D000BD465DF8047B704780B588B000AF7860BC
:10E2E0000023FB770023BB607B68002B01D1012357
:10E2F0002CE17B681B69002B7B685B6D002B09D1CF
:10E300007868FEF761FE7B6800229A657B680022D0
:10E3100083F850207B681B681846FFF7F1FE034620
:10E32000002B04D07B681B681846FFF7D7FE7B687C
:10E330001B681846FFF70CFF0346002B15D17B68BE
:10E340001B681846FFF7F0FE824B1B689B09824A48
:10E35000A2FB03239B0901335B00BB6002E0BB68A7
:10E36000013BBB60BB68002BF9D17B681B6818467A
:10E37000FFF7EEFE0346002B0DD17B685B6D43F08B
:10E3800010027B685A657B689B6D43F001027B68D5
:10E390009A650123FB777B681B681846FFF762FFCD
:10E3A00078617B685B6D03F01003002B40F0C58043
:10E3B0007B69002B40F0C1807B685B6D23F4817327
:10E3C00043F002027B685A657B681B681846FFF7BA
:10E3D000FBFE0346002B0BD16048FFF7F5FE03461A
:10E3E000002B05D17B685B6819465D48FFF74CFD43
:10E3F0007B685B7E5A037B685B6B1A437B68DB68D8
:10E400001A437B689B681A437B6893F820301B048F
:10E410001343BB617B6893F82030012B06D17B68E6
:10E420005B6A013B5B04BA691343BB617B689B6A0F
:10E43000002B09D07B689B6A03F470727B68DB6AEF
:10E440001343BA691343BB617B681B68DA68454BA9
:10E4500013407A681268B9690B43D3607B681B6804
:10E460001846FFF7FFFE38617B681B681846FFF708
:10E4700020FFF8603B69002B3DD1FB68002B3AD1AF
:10E480007B681B7E9A037B6893F830305B001343F4
:10E49000BB617B681B68DB6823F4804323F00203C5
:10E4A0007A681268B9690B43D3607B6893F8383097
:10E4B000012B18D17B681B681B6923F4FF6323F0D1
:10E4C00004037A68D16B7A68126C11437A68526CD3
:10E4D00011437A68926C0A431A437B681B6842F0C6
:10E4E00001021A6107E07B681B681A697B681B6878
:10E4F00022F001021A617B681B69012B0CD17B6839
:10E500001B681B6B23F00F017B68DB695A1E7B685D
:10E510001B680A431A6307E07B681B681A6B7B68F9
:10E520001B6822F00F021A637B685B6D23F0030304
:10E5300043F001027B685A6507E07B685B6D43F03E
:10E5400010027B685A650123FB77FB7F1846203752
:10E55000BD4680BD4C010020632D3E0500000450E7
:10E560000003045007C0F0FF80B586B000AFF8602C
:10E57000B9607A60FB681B681846FFF773FE0346B4
:10E58000002B67D1FB6893F85030012B01D1022397
:10E5900063E0FB68012283F85020F86800F038FF40
:10E5A0000346FB75FB7D002B4FD1FB685B6D23F4AD
:10E5B000706323F0010343F48072FB685A65FB68C3
:10E5C0005B6D03F48053002B06D0FB689B6D23F03A
:10E5D0000602FB689A6502E0FB6800229A65FB6808
:10E5E000DB6C204ADA62FB68DB6C1F4A1A63FB684B
:10E5F000DB6C1E4A5A63FB681B681C221A60FB68AE
:10E60000002283F85020FB681B685A68FB681B686F
:10E6100042F010025A60FB681B68DA68FB681B68EE
:10E6200042F00102DA60FB68D86CFB681B6840337B
:10E630001946BA687B6802F00BF90346FB75FB6864
:10E640001B681846FFF7E6FD06E0FB68002283F82A
:10E65000502001E00223FB75FB7D18461837BD46AC
:10E6600080BD00BF93B342006BB4420087B4420048
:10E6700080B584B000AF78607B6893F85030012B90
:10E6800001D1022351E07B68012283F8502003214D
:10E69000786800F001FE0346FB73FB7B002B3FD143
:10E6A0007B681B68DA687B681B6822F00102DA600D
:10E6B0007B68DB6C93F82530DBB2022B0FD17B68D3
:10E6C000DB6C184602F024F90346FB73FB7B002B3E
:10E6D00005D07B685B6D43F040027B685A657B68C0
:10E6E0001B685A687B681B6822F010025A60FB7B2B
:10E6F000002B05D1786800F0EDFE0346FB7302E0C5
:10E70000786800F0E7FEFB7B002B09D17B685B6D2E
:10E7100023F4885323F0010343F001027B685A6518
:10E720007B68002283F85020FB7B18461037BD46DB
:10E7300080BD80B588B000AF78600023FB617B6846
:10E740001B681B68BB617B681B685B687B61BB697E
:10E7500003F00203002B17D07B6903F00203002BA8
:10E7600012D07B685B6D03F01003002B05D17B6832
:10E770005B6D43F400627B685A65786801F052F87B
:10E780007B681B6802221A60BB6903F00403002B3C
:10E7900004D07B6903F00403002B09D1BB6903F0AB
:10E7A0000803002B5ED07B6903F00803002B59D0CF
:10E7B0007B685B6D03F01003002B05D17B685B6DFC
:10E7C00043F400727B685A657B681B681846FFF744
:10E7D000E4FB0346002B3ED07B681B68DB683B6193
:10E7E0003B6903F40053002B35D17B681B681B6821
:10E7F00003F00803082B2ED17B681B681846FFF72F
:10E8000031FD0346002B1AD17B681B685A687B6870
:10E810001B6822F00C025A607B685B6D23F48072E7
:10E820007B685A657B685B6D03F48053002B12D1C3
:10E830007B685B6D43F001027B685A650BE07B6887
:10E840005B6D43F010027B685A657B689B6D43F0FB
:10E8500001027B689A657868F6F7A6FE7B681B68FC
:10E860000C221A60BB6903F02003002B04D07B69E3
:10E8700003F02003002B09D1BB6903F04003002BF8
:10E8800072D07B6903F04003002B6DD07B685B6D19
:10E8900003F01003002B05D17B685B6D43F400523D
:10E8A0007B685A657B681B681846FFF7B5FBF86004
:10E8B0007B681B681846FFF770FBB8607B681B68B5
:10E8C000DB683B61FB68002B47D03B6903F00073BA
:10E8D000002B07D0BB68002B3FD03B6903F40053EB
:10E8E000002B3AD17B681B681B6803F04003402B68
:10E8F00033D13B6903F40013002B2ED17B681B68D6
:10E900001846FFF7D6FC0346002B1AD17B681B681C
:10E910005A687B681B6822F060025A607B685B6DF6
:10E9200023F480527B685A657B685B6D03F48073C7
:10E93000002B12D17B685B6D43F001027B685A6546
:10E940000BE07B685B6D43F010027B685A657B6867
:10E950009B6D43F001027B689A65786800F03AFF8E
:10E960007B681B6860221A60BB6903F08003002B80
:10E9700011D07B6903F08003002B0CD07B685B6DAA
:10E9800043F480327B685A65786800F090F87B68C1
:10E990001B6880221A60BB6903F48073002B12D0BD
:10E9A0007B6903F48073002B0DD07B685B6D43F4AF
:10E9B00000327B685A65786800F020FF7B681B682E
:10E9C0004FF480721A60BB6903F40073002B12D0FD
:10E9D0007B6903F40073002B0DD07B685B6D43F4FF
:10E9E00080227B685A65786800F012FF7B681B689C
:10E9F0004FF400721A60BB6903F01003002B2AD099
:10EA00007B6903F01003002B25D07B685B6B002B28
:10EA100002D10123FB6108E07B681B68DB6803F01F
:10EA20000103002B01D00123FB61FB69012B0ED1F7
:10EA30007B685B6D43F480627B685A657B689B6D85
:10EA400043F002027B689A65786800F03AF87B68C8
:10EA50001B6810221A60BB6903F48063002B18D076
:10EA60007B6903F48063002B13D07B685B6D43F4F8
:10EA700080427B685A657B689B6D43F008027B6827
:10EA80009A657B681B684FF480621A60786800F0B2
:10EA9000ABFE00BF2037BD4680BD80B483B000AF61
:10EAA000786000BF0C37BD465DF8047B704780B4CA
:10EAB00083B000AF786000BF0C37BD465DF8047BC3
:10EAC000704780B483B000AF786000BF0C37BD469C
:10EAD0005DF8047B7047000080B5B6B000AF786089
:10EAE0003960002387F8D7300023FB607B6893F8F8
:10EAF0005030012B01D10223B9E37B68012283F856
:10EB000050207B681B681846FFF7ACFB0346002BC0
:10EB100040F09E833B685B68052B24D83B685B68AC
:10EB2000023B032B1BD801A252F823F03DA942005F
:10EB300045A942004DA9420055A942003B680C225C
:10EB40005A6010E03B6812225A600CE03B681822C1
:10EB50005A6008E03B684FF480725A6003E03B68FB
:10EB600006225A6000BF7B6818683B6859683B689A
:10EB70001B681A46FFF724FA7B681B681846FFF7E4
:10EB800071FBC7F8D0007B681B681846FFF791FB44
:10EB9000C7F8CC00D7F8D030002B40F0A681D7F8CA
:10EBA000CC30002B40F0A1817B6818683B68196865
:10EBB0003B689B681A46FFF742FA3B685A697B68D4
:10EBC0001B68DB68DB0803F003035B0002FA03F356
:10EBD000C7F8C8303B681B69042B0AD07B681868EB
:10EBE0003B6819693B681A68D7F8C830FFF780F9A5
:10EBF0007BE17B681B6800211846FFF79DF90346FF
:10EC0000C3F31203002B0AD17B681B68002118464E
:10EC1000FFF792F903469B0E03F01F021EE07B688C
:10EC20001B6800211846FFF787F90346C7F8BC3078
:10EC3000D7F8BC3093FAA3F3C7F8C030D7F8C03088
:10EC4000C7F8B830D7F8B830002B01D1202304E042
:10EC5000D7F8B830B3FA83F3DBB21A463B681B68C7
:10EC6000C3F31203002B05D13B681B689B0E03F016
:10EC70001F0318E03B681B68C7F8B030D7F8B03006
:10EC800093FAA3F3C7F8AC30D7F8AC30C7F8B43078
:10EC9000D7F8B430002B01D1202304E0D7F8B430EA
:10ECA000B3FA83F3DBB29A4206D17B681B68002279
:10ECB00000211846FFF756F97B681B6801211846AA
:10ECC000FFF73AF90346C3F31203002B0AD17B681E
:10ECD0001B6801211846FFF72FF903469B0E03F02E
:10ECE0001F021EE07B681B6801211846FFF724F90C
:10ECF0000346C7F8A430D7F8A43093FAA3F3C7F8B3
:10ED0000A030D7F8A030C7F8A830D7F8A830002B2B
:10ED100001D1202304E0D7F8A830B3FA83F3DBB2A3
:10ED20001A463B681B68C3F31203002B05D13B68EE
:10ED30001B689B0E03F01F0318E03B681B68C7F8B5
:10ED40009830D7F8983093FAA3F3C7F89430D7F8EF
:10ED50009430C7F89C30D7F89C30002B01D1202389
:10ED600004E0D7F89C30B3FA83F3DBB29A4206D1C1
:10ED70007B681B68002201211846FFF7F3F87B68C7
:10ED80001B6802211846FFF7D7F80346C3F31203A6
:10ED9000002B0AD17B681B6802211846FFF7CCF8CC
:10EDA00003469B0E03F01F021EE07B681B680221D6
:10EDB0001846FFF7C1F80346C7F88C30D7F88C30F7
:10EDC00093FAA3F3C7F88830D7F88830C7F89030A3
:10EDD000D7F89030002B01D1202304E0D7F89030F1
:10EDE000B3FA83F3DBB21A463B681B68C3F3120322
:10EDF000002B05D13B681B689B0E03F01F0316E038
:10EE00003B681B68C7F88030D7F8803093FAA3F3CB
:10EE1000FB67FB6FC7F88430D7F88430002B01D133
:10EE2000202304E0D7F88430B3FA83F3DBB29A42AC
:10EE300006D17B681B68002202211846FFF792F872
:10EE40007B681B6803211846FFF776F80346C3F377
:10EE50001203002B0AD17B681B6803211846FFF7B9
:10EE60006BF803469B0E03F01F0217E07B681B68DC
:10EE700003211846FFF760F803467B677B6F93FA20
:10EE8000A3F33B673B6FBB67BB6F002B01D1202314
:10EE900003E0BB6FB3FA83F3DBB21A463B681B682F
:10EEA000C3F31203002B05D13B681B689B0E03F0D4
:10EEB0001F0311E03B681B68BB66BB6E93FAA3F3AC
:10EEC0007B667B6EFB66FB6E002B01D1202303E08B
:10EED000FB6EB3FA83F3DBB29A4206D17B681B6800
:10EEE000002203211846FFF73DF87B681B6818468F
:10EEF000FFF76AF90346002B40F040817B681868F1
:10EF00003B6819683B68DB681A46FFF7C3F83B6843
:10EF1000DB688F4A934240F031817B6818683B6818
:10EF20001B68C3F31203002B0BD13B681B689B0EBD
:10EF3000013303F01F03092B94BF01230023DBB22D
:10EF400019E03B681B68FB65FB6D93FAA3F3BB6597
:10EF5000BB6D3B663B6E002B01D1202303E03B6E73
:10EF6000B3FA83F3DBB2013303F01F03092B94BF21
:10EF700001230023DBB2002B79D03B681B68C3F36D
:10EF80001203002B07D13B681B689B0E01339B06C5
:10EF900003F0F84215E03B681B683B653B6D93FA54
:10EFA000A3F3FB64FB6C7B657B6D002B01D12023FD
:10EFB00003E07B6DB3FA83F3DBB201339B0603F00E
:10EFC000F8423B681B68C3F31203002B09D13B686E
:10EFD0001B689B0E013303F01F03012101FA03F3A9
:10EFE00017E03B681B687B647B6C93FAA3F33B647C
:10EFF0003B6CBB64BB6C002B01D1202303E0BB6CDA
:10F00000B3FA83F3DBB2013303F01F03012101FAEA
:10F0100003F342EA03013B681B68C3F31203002BAE
:10F020000AD13B681B689B0E013303F01F02134695
:10F030005B0013441B0518E03B681B68BB63BB6B9C
:10F0400093FAA3F37B637B6BFB63FB6B002B01D118
:10F05000202303E0FB6BB3FA83F3DBB2013303F04D
:10F060001F0213465B0013441B050B4381E03B6802
:10F070001B68C3F31203002B07D13B681B689B0E70
:10F0800001339B0603F0F84215E03B681B68FB6206
:10F09000FB6A93FAA3F3BB62BB6A3B633B6B002B37
:10F0A00001D1202303E03B6BB3FA83F3DBB20133DE
:10F0B0009B0603F0F8423B681B68C3F31203002B66
:10F0C00009D13B681B689B0E013303F01F0301212C
:10F0D00001FA03F317E03B681B683B623B6A93FA53
:10F0E000A3F3FB61FB697B627B6A002B01D12023C8
:10F0F00003E07B6AB3FA83F3DBB2013303F01F034F
:10F10000012101FA03F342EA03013B681B68C3F3E0
:10F110001203002B0DD13B681B689B0E013303F0DB
:10F120001F0213465B0013441E3B1B0543F0007394
:10F130001EE03B681B687B617B6993FAA3F33B612C
:10F140003B69BB61BB69002B04D1202306E000BFF3
:10F1500000007F40BB69B3FA83F3DBB2013303F0F5
:10F160001F0213465B0013441E3B1B0543F0007354
:10F170000B433A6892681946FEF761FF3B681A68CC
:10F180003D4B1340002B6CD03C48FEF7A3FEC7F864
:10F19000C4003B681B683A4A934227D1D7F8C43071
:10F1A00003F40003002B21D17B681B68354A93428E
:10F1B00057D1D7F8C43043F4000319462F48FEF75F
:10F1C00076FE314B1B689B09304AA2FB03239B0947
:10F1D0005A1C13465B0013449B00FB6002E0FB6873
:10F1E000013BFB60FB68002BF9D13AE03B681B68F0
:10F1F000274A934213D1D7F8C43003F08073002B11
:10F200000DD17B681B681F4A93422AD1D7F8C430BE
:10F2100043F0807319461948FEF749FE21E03B6828
:10F220001B681C4A93421CD1D7F8C43003F48003F6
:10F23000002B16D17B681B68124A934211D1D7F874
:10F24000C43043F4800319460C48FEF730FE08E052
:10F250007B685B6D43F020027B685A65012387F869
:10F26000D7307B68002283F8502097F8D7301846B3
:10F27000D837BD4680BD00BF0000088000030450A1
:10F28000000052C7000004504C010020632D3E05D1
:10F29000000084CB0100008080B588B000AF7860AA
:10F2A00039600023FB613B68BB617B681B681846C3
:10F2B000FEF7D8FF38617B681B681846FEF7F9FF38
:10F2C000F8603B69002B03D1FB68002B00F09880AD
:10F2D0007B681B68DB6803F00073002B2AD07B6817
:10F2E0005B7E012B26D17B681B7E012B22D1012363
:10F2F000BB6114E0FB69454A93420DD97B685B6DA5
:10F3000043F010027B685A657B689B6D43F00102F5
:10F310007B689A65012374E0FB690133FB617B68BC
:10F320001B681B6803F04003402BE3D17B681B681C
:10F3300040221A60BB69022B14D07B681B681846F8
:10F34000FEF790FF0346002B0CD07B681B68184625
:10F35000FEF74DFF0346002B04D17B681B6818465F
:10F36000FEF76CFFBB69012B14D07B681B68184645
:10F37000FEF79FFF0346002B0CD07B681B681846E6
:10F38000FEF735FF0346002B04D17B681B68184647
:10F39000FEF77BFFBB69022B05D0BB69032B05D1B0
:10F3A0000C237B6105E008237B6102E004237B6181
:10F3B00000BFFEF739FDB8601BE0FEF735FD0246E1
:10F3C000BB68D31A052B14D97B681B689A687B69C4
:10F3D0001340002B0DD07B685B6D43F010027B68FF
:10F3E0005A657B689B6D43F001027B689A65012337
:10F3F00007E07B681B689A687B691340002BDCD1AF
:10F40000002318462037BD4680BD00BFFFFF3FA345
:10F4100080B584B000AF78607B681B681846FEF743
:10F42000D3FE0346002B4DD17B681B689A68284B9E
:10F430001340002B0DD07B685B6D43F010027B689E
:10F440005A657B689B6D43F001027B689A650123D6
:10F4500039E07B681B681846FEF78EFEFEF7E4FC79
:10F46000F86028E07B681B681846FEF7ADFE03468F
:10F47000002B04D17B681B681846FEF77DFEFEF763
:10F48000D3FC0246FB68D31A022B14D97B681B6895
:10F490001B6803F00103012B0DD07B685B6D43F00B
:10F4A00010027B685A657B689B6D43F001027B68A4
:10F4B0009A65012307E07B681B681B6803F0010362
:10F4C000012BCFD1002318461037BD4680BD00BFA9
:10F4D0003F00008080B584B000AF78607B681B6817
:10F4E0001846FEF784FEF8607B681B681846FEF736
:10F4F0006BFE0346002B47D0FB68002B44D17B6892
:10F500001B689B6803F00D03012B0CD17B681B6803
:10F510001846FEF745FE7B681B6803221A60FEF75B
:10F5200083FCB86029E07B685B6D43F010027B6868
:10F530005A657B689B6D43F001027B689A650123E5
:10F5400023E0FEF771FC0246BB68D31A022B14D9E4
:10F550007B681B689B6803F00103002B0DD07B6860
:10F560005B6D43F010027B685A657B689B6D43F0CE
:10F5700001027B689A65012307E07B681B689B6832
:10F5800003F00103002BDCD1002318461037BD46E1
:10F5900080BD80B584B000AF78607B689B6AFB60FB
:10F5A000FB685B6D03F05003002B4BD1FB685B6D78
:10F5B00043F40072FB685A65FB681B681B6803F024
:10F5C0000803002B21D0FB681B681846FEF7E5FCFA
:10F5D0000346002B32D0FB681B68DB6803F4005342
:10F5E000002B2BD1FB685B6D23F48072FB685A659E
:10F5F000FB685B6D03F48053002B1FD1FB685B6DD0
:10F6000043F00102FB685A6518E0FB681B68DB6881
:10F6100003F00203002B11D1FB685B6D23F48072B1
:10F62000FB685A65FB685B6D03F48053002B05D1C2
:10F63000FB685B6D43F00102FB685A65F868F5F7FB
:10F64000B3FF0EE0FB685B6D03F01003002B03D0EB
:10F65000F868FFF736FA04E0FB68DB6C5B6B7868F0
:10F66000984700BF1037BD4680BD80B584B000AF5D
:10F6700078607B689B6AFB60F868FFF70EFA00BF52
:10F680001037BD4680BD80B584B000AF78607B6820
:10F690009B6AFB60FB685B6D43F04002FB685A6548
:10F6A000FB689B6D43F00402FB689A65F868FFF7FE
:10F6B00008FA00BF1037BD4680BD80B483B000AFEC
:10F6C000786039607B689B6823F0404323F03F03F8
:10F6D0003A6802F08042134343F000427B689A602C
:10F6E00000BF0C37BD465DF8047B704780B483B023
:10F6F00000AF78607B689B6803F00043B3F1004F74
:10F7000001D1012300E0002318460C37BD465DF807
:10F71000047B704780B584B000AF78603960002307
:10F72000BB607B6893F85030012B01D102234DE080
:10F730007B68012283F850207868FFF7CBFE0346F0
:10F74000FB73FB7B002B36D17B685B6D23F4885306
:10F7500023F0020343F002027B685A657B681B6852
:10F7600039681846FFF7A9FF14E0BB680133BB6096
:10F77000BB68B3F5912F0DD37B685B6D23F012034B
:10F7800043F010027B685A657B68002283F85020A2
:10F7900001231BE07B681B681846FFF7A7FF0346A1
:10F7A000002BE2D17B685B6D23F0030343F0010281
:10F7B0007B685A6505E07B685B6D43F010027B68EF
:10F7C0005A657B68002283F85020FB7B184610376F
:10F7D000BD4680BD80B483B000AF786000BF0C37F9
:10F7E000BD465DF8047B704780B483B000AF78609D
:10F7F00000BF0C37BD465DF8047B704780B483B012
:10F8000000AF786000BF0C37BD465DF8047B7047E1
:10F8100080B483B000AF786000BF0C37BD465DF8A0
:10F82000047B704780B483B000AF786000BF0C37B2
:10F83000BD465DF8047B704780B584B000AF78604A
:10F840007B68002B01D10123EDE07B6893F8203029
:10F85000DBB2002B02D17868FDF75CFC7B681B688B
:10F860001A687B681B6842F001021A60FEF7DCFA36
:10F87000F86012E0FEF7D8FA0246FB68D31A0A2BAA
:10F880000BD97B685B6A43F400327B685A627B6801
:10F89000052283F820200123C5E07B681B685B6894
:10F8A00003F00103002BE5D07B681B681A687B68B6
:10F8B0001B6822F002021A60FEF7B6FAF86012E046
:10F8C000FEF7B2FA0246FB68D31A0A2B0BD97B6803
:10F8D0005B6A43F400327B685A627B68052283F8D6
:10F8E000202001239FE07B681B685B6803F0020314
:10F8F000002BE5D17B681B7E012B08D17B681B6840
:10F900001A687B681B6842F080021A6007E07B6817
:10F910001B681A687B681B6822F080021A607B688B
:10F920005B7E012B08D17B681B681A687B681B68AB
:10F9300042F040021A6007E07B681B681A687B6827
:10F940001B6822F040021A607B689B7E012B08D165
:10F950007B681B681A687B681B6842F020021A608B
:10F9600007E07B681B681A687B681B6822F020022E
:10F970001A607B68DB7E012B08D17B681B681A68E4
:10F980007B681B6822F010021A6007E07B681B6826
:10F990001A687B681B6842F010021A607B681B7F44
:10F9A000012B08D17B681B681A687B681B6842F0D2
:10F9B00008021A6007E07B681B681A687B681B688E
:10F9C00022F008021A607B685B7F012B08D17B68FC
:10F9D0001B681A687B681B6842F004021A6007E023
:10F9E0007B681B681A687B681B6822F004021A6037
:10F9F0007B689A687B68DB681A437B681B691A43DB
:10FA00007B685B6942EA03017B685B685A1E7B681E
:10FA10001B680A43DA617B6800225A627B68012214
:10FA200083F82020002318461037BD4680BD80B4DF
:10FA300087B000AF786039607B681B687B617B684A
:10FA400093F82030FB74FB7C012B03D0FB7C022B52
:10FA500040F0AA807B69D3F8003243F001027B6951
:10FA6000C3F800223B685B6903F01F03012202FA1E
:10FA700003F3FB607B69D3F81C22FB68DB431A406D
:10FA80007B69C3F81C223B68DB69002B23D17B69AF
:10FA9000D3F80C22FB68DB431A407B69C3F80C22C5
:10FAA0003B68DB6819043B685B689BB23A68526943
:10FAB00019437B69483243F832103B689B6819044C
:10FAC0003B681B689AB23B685B690A4379694833B3
:10FAD000DB000B445A603B68DB69012B22D17B6958
:10FAE000D3F80C22FB681A437B69C3F80C223B68ED
:10FAF0001B6819043B685B689BB23A6852691943FA
:10FB00007B69483243F832103B689B6819043B68B4
:10FB1000DB689AB23B685B690A4379694833DB006A
:10FB20000B445A603B689B69002B09D17B69D3F871
:10FB30000422FB68DB431A407B69C3F8042207E018
:10FB40007B69D3F80422FB681A437B69C3F804225B
:10FB50003B681B69002B09D17B69D3F81422FB6831
:10FB6000DB431A407B69C3F8142207E07B69D3F8B2
:10FB70001422FB681A437B69C3F814223B681B6A92
:10FB8000012B07D17B69D3F81C22FB681A437B69E0
:10FB9000C3F81C227B69D3F8003223F001027B6991
:10FBA000C3F80022002306E07B685B6A43F48022EE
:10FBB0007B685A62012318461C37BD465DF8047BFA
:10FBC000704780B584B000AF78607B6893F82030D0
:10FBD000DBB2012B2ED17B68022283F820207B68C8
:10FBE0001B681A687B681B6822F001021A60FEF726
:10FBF0001BF9F86012E0FEF717F90246FB68D31A0A
:10FC00000A2B0BD97B685B6A43F400327B685A622B
:10FC10007B68052283F82020012312E07B681B68A3
:10FC20005B6803F00103002BE5D17B6800225A6278
:10FC3000002306E07B685B6A43F400227B685A621B
:10FC4000012318461037BD4680BD80B489B000AF8F
:10FC5000F860B9607A603B60FB6893F82030FB770E
:10FC6000FB681B689B68BB61FB7F012B03D0FB7F9C
:10FC7000022B40F0B880BB6903F08063002B0AD1EF
:10FC8000BB6903F00063002B05D1BB6903F080530F
:10FC9000002B00F0A080BB691B0E03F003037B6107
:10FCA0007B69022B07D9FB685B6A43F40002FB689F
:10FCB0005A6201239EE001227B699A403B681A60E8
:10FCC000BB689B68002B0DD1BB681B685A05BB68DD
:10FCD000DB68F96809681A437B6918331B010B4418
:10FCE0001A600FE0BB685B68DA00BB689B681A4368
:10FCF000BB68DB68F96809681A437B6918331B0124
:10FD00000B441A60FB681968BB681A697B69183371
:10FD10001B010B4404331A60BB681B7D012B11D1FE
:10FD2000FB681A687B6918331B01134404331B6892
:10FD3000FA68116843F480727B6918331B010B4425
:10FD400004331A607B6807331B781A067B68063316
:10FD50001B781B041A437B6805331B781B02134373
:10FD60007A68043212781046FA68116843EA000291
:10FD70007B691B010B4403F5C6731A607B68033370
:10FD80001B781A067B6802331B781B041A437B68B6
:10FD900001331B781B0213437A6812781046FA6805
:10FDA000116843EA00027B691B010B4403F5C4732D
:10FDB0001A60FB681A687B6918331B0113441B68BF
:10FDC000FA68116843F001027B6918331B010B4488
:10FDD0001A6000230EE0FB685B6A43F40012FB68C4
:10FDE0005A62012306E0FB685B6A43F48022FB68E9
:10FDF0005A62012318462437BD465DF8047B7047DC
:10FE000080B487B000AFF860B9607A603B60FB688F
:10FE100093F82030FB75FB7D012B03D0FB7D022B7B
:10FE200040F0F380BB68002B0ED1FB681B68DB68D9
:10FE300003F00303002B16D1FB685B6A43F4001246
:10FE4000FB685A620123E7E0FB681B681B6903F04B
:10FE50000303002B07D1FB685B6A43F40012FB68C5
:10FE60005A620123D8E0FB681A68BB681B331B0188
:10FE700013441B6803F004027B689A607B689B68EC
:10FE8000002B0CD1FB681A68BB681B331B011344A1
:10FE90001B685B0DC3F30A027B681A600BE0FB680A
:10FEA0001A68BB681B331B0113441B68DB0823F073
:10FEB00060427B685A60FB681A68BB681B331B0191
:10FEC00013441B6803F002027B68DA60FB681A685F
:10FED000BB681B331B01134404331B6803F00F0280
:10FEE0007B681A61FB681A68BB681B331B011344EB
:10FEF00004331B681B0ADAB27B689A61FB681A68D4
:10FF0000BB681B331B01134404331B681B0C9AB2E0
:10FF10007B685A61FB681A68BB681B01134403F5D0
:10FF2000DC731B68DAB23B681A70FB681A68BB683E
:10FF30001B01134403F5DC731B681A0A3B68013389
:10FF4000D2B21A70FB681A68BB681B01134403F530
:10FF5000DC731B681A0C3B680233D2B21A70FB6860
:10FF60001A68BB681B01134403F5DC731B681A0E87
:10FF70003B680333D2B21A70FB681A68BB681B0176
:10FF8000134403F5DE731A683B680433D2B21A7067
:10FF9000FB681A68BB681B01134403F5DE731B681A
:10FFA0001A0A3B680533D2B21A70FB681A68BB683C
:10FFB0001B01134403F5DE731B681A0C3B68063300
:10FFC000D2B21A70FB681A68BB681B01134403F5B0
:10FFD000DE731B681A0E3B680733D2B21A70BB6817
:10FFE000002B08D1FB681B68DA68FB681B6842F0CD
:10FFF0002002DA6007E0FB681B681A69FB681B686F
:020000040801F1
:1000000042F020021A61002306E0FB685B6A43F4B9
:100010008022FB685A62012318461C37BD465DF8F2
:10002000047B704780B485B000AF786039607B682E
:1000300093F82030FB73FB7B012B02D0FB7B022B60
:1000400009D17B681B6859697B681B683A680A4359
:100050005A61002306E07B685B6A43F480227B6878
:100060005A62012318461437BD465DF8047B704779
:1000700080B58AB000AF786000237B627B681B6824
:100080005B693B627B681B685B68FB617B681B6824
:100090009B68BB617B681B68DB687B617B681B6856
:1000A0001B693B617B681B689B69FB603B6A03F0D3
:1000B0000103002B7CD0BB6903F00103002B23D08C
:1000C0007B681B6801229A60BB6903F00203002B66
:1000D00003D0786800F083F916E0BB6903F00403ED
:1000E000002B04D07B6A43F400637B620CE0BB69A5
:1000F00003F00803002B04D07B6A43F480537B6237
:1001000002E0786800F089F9BB6903F48073002B82
:1001100024D07B681B684FF480729A60BB6903F43B
:100120000073002B03D0786800F063F916E0BB6918
:1001300003F48063002B04D07B6A43F400537B629A
:100140000CE0BB6903F40063002B04D07B6A43F42A
:1001500080437B6202E0786800F069F9BB6903F4D0
:100160008033002B24D07B681B684FF480329A6068
:10017000BB6903F40033002B03D0786800F043F927
:1001800016E0BB6903F48023002B04D07B6A43F4A0
:1001900000437B620CE0BB6903F40023002B04D016
:1001A0007B6A43F480337B6202E0786800F049F9AF
:1001B0003B6A03F00803002B0CD07B6903F01003AB
:1001C000002B07D07B6A43F400737B627B681B685B
:1001D0001022DA603B6A03F00403002B0BD07B692A
:1001E00003F00803002B06D07B681B680822DA6046
:1001F000786800F030F93B6A03F00203002B09D065
:100200007B681B68DB6803F00303002B02D078686F
:10021000F6F7F2F93B6A03F04003002B0CD03B6980
:1002200003F01003002B07D07B6A43F480637B62EA
:100230007B681B6810221A613B6A03F02003002BC5
:100240000BD03B6903F00803002B06D07B681B68CA
:1002500008221A61786800F008F93B6A03F010037D
:10026000002B09D07B681B681B6903F00303002B7C
:1002700002D07868F6F7E0F93B6A03F40033002B0C
:100280000BD0FB6903F01003002B06D07B681B68C2
:1002900010225A60786800F0F2F83B6A03F4803369
:1002A000002B0BD0FB6903F00803002B06D07B6802
:1002B0001B6808225A60786800F0EBF83B6A03F488
:1002C0000043002B7BD0FB6903F00403002B72D0AA
:1002D0003B6A03F48073002B08D0FB6803F0010332
:1002E000002B03D07B6A43F001037B623B6A03F47B
:1002F0000073002B08D0FB6803F00203002B03D02F
:100300007B6A43F002037B623B6A03F48063002B49
:1003100008D0FB6803F00403002B03D07B6A43F092
:1003200004037B623B6A03F40063002B43D0FB6849
:1003300003F07003002B3ED0FB6803F07003602BCA
:100340002BD0602B2ED8502B22D0502B2AD8402BCC
:1003500019D0402B26D8302B10D0302B22D8102B80
:1003600002D0202B05D01DE07B6A43F008037B629E
:1003700019E07B6A43F010037B6214E07B6A43F070
:1003800020037B620FE07B6A43F040037B620AE05C
:100390007B6A43F080037B6205E07B6A43F48073F1
:1003A0007B6200E000BF7B681B689A697B681B6802
:1003B00022F070029A617B681B6804225A607B6A93
:1003C000002B08D07B685A6A7B6A1A437B685A62A2
:1003D000786800F068F800BF2837BD4680BD80B45B
:1003E00083B000AF786000BF0C37BD465DF8047B7A
:1003F000704780B483B000AF786000BF0C37BD4653
:100400005DF8047B704780B483B000AF786000BFB4
:100410000C37BD465DF8047B704780B483B000AFF5
:10042000786000BF0C37BD465DF8047B704780B430
:1004300083B000AF786000BF0C37BD465DF8047B29
:10044000704780B483B000AF786000BF0C37BD4602
:100450005DF8047B704780B483B000AF786000BF64
:100460000C37BD465DF8047B704780B483B000AFA5
:10047000786000BF0C37BD465DF8047B704780B4E0
:1004800083B000AF786000BF0C37BD465DF8047BD9
:10049000704780B483B000AF786000BF0C37BD46B2
:1004A0005DF8047B704780B483B000AF786000BF14
:1004B0000C37BD465DF8047B7047000080B485B002
:1004C00000AF78607B6803F00703FB600C4BDB68D0
:1004D000BB60BA684FF6FF031340BB60FB681A02AB
:1004E000BB68134343F0BF6343F40033BB60044A6B
:1004F000BB68D36000BF1437BD465DF8047B70470E
:1005000000ED00E080B400AF044BDB681B0A03F091
:1005100007031846BD465DF8047B704700ED00E018
:1005200080B483B000AF0346FB7197F90730002B0E
:100530000BDBFB7903F01F02074997F907305B09D2
:10054000012000FA02F241F8232000BF0C37BD461B
:100550005DF8047B704700BF00E100E080B483B029
:1005600000AF03463960FB7197F90730002B0ADBB7
:100570003B68DAB20C4997F907301201D2B20B444A
:1005800083F800230AE03B68DAB20849FB7903F0FC
:100590000F03043B1201D2B20B441A7600BF0C3792
:1005A000BD465DF8047B704700E100E000ED00E02F
:1005B00080B489B000AFF860B9607A60FB6803F07E
:1005C0000703FB61FB69C3F10703042B28BF042366
:1005D000BB61FB690433062B02D9FB69033B00E0D6
:1005E00000237B614FF0FF32BB6902FA03F3DA4369
:1005F000BB681A407B699A404FF0FF317B6901FA72
:1006000003F3D9437B680B40134318462437BD4698
:100610005DF8047B7047000080B582B000AF786061
:100620007B68013BB3F1807F01D301230FE00A4ACD
:100630007B68013B53600F214FF0FF30FFF78EFFC7
:10064000054B00229A60044B07221A6000231846CB
:100650000837BD4680BD00BF10E000E080B582B025
:1006600000AF78607868FFF729FF00BF0837BD4604
:1006700080BD80B586B000AF0346B9607A60FB7379
:1006800000237B61FFF73EFF78617A68B96878697B
:10069000FFF78EFF024697F90F3011461846FFF715
:1006A0005DFF00BF1837BD4680BD80B582B000AF8A
:1006B0000346FB7197F907301846FFF731FF00BF7B
:1006C0000837BD4680BD80B582B000AF78607868DD
:1006D000FFF7A2FF034618460837BD4680BD00005D
:1006E00080B485B000AF78607B68002B01D1012316
:1006F00098E07B681B681A464D4B9A420FD87B687E
:100700001B681A464B4B13444B4AA2FB03231B099D
:100710009A007B685A647B68484A1A640EE07B68DA
:100720001B681A46464B1344434AA2FB03231B098A
:100730009A007B685A647B68424A1A647B6802228A
:1007400083F825207B681B681B68FB60FB6823F42B
:10075000FF4323F07003FB607B689A687B68DB686B
:100760001A437B681B691A437B685B691A437B6881
:100770009B691A437B68DB691A437B681B6A1343D6
:10078000FA681343FB607B681B68FA681A607B6831
:100790009B68B3F5804F39D07B681B6C274A934226
:1007A0001AD1294B1A687B685B6C03F01C030F217C
:1007B00001FA03F3DB43244913400B60224B1A6810
:1007C0007B6859687B685B6C03F01C0301FA03F3D8
:1007D0001D4913430B6019E01C4B1A687B685B6C66
:1007E00003F01C030F2101FA03F3DB431749134005
:1007F0000B60164B1A687B6859687B685B6C03F06A
:100800001C0301FA03F3114913430B607B680022B8
:10081000DA637B68012283F825207B68002283F855
:100820002420002318461437BD465DF8047B70472A
:1008300007040240F8FFFDBFCDCCCCCC0000024045
:10084000F8FBFDBF00040240A8000240A8040240DB
:1008500080B586B000AFF860B9607A603B60002375
:10086000FB75FB6893F82430012B01D102234BE088
:10087000FB68012283F82420FB6893F82530DBB263
:10088000012B3AD1FB68022283F82520FB68002265
:10089000DA63FB681B681A68FB681B6822F00102B8
:1008A0001A603B687A68B968F86800F05FF9FB681D
:1008B0001B6B002B08D0FB681B681A68FB681B6861
:1008C00042F00E021A600FE0FB681B681A68FB68B2
:1008D0001B6822F004021A60FB681B681A68FB6838
:1008E0001B6842F00A021A60FB681B681A68FB6802
:1008F0001B6842F001021A6005E0FB68002283F8E1
:1009000024200223FB75FB7D18461837BD4680BDA9
:1009100080B485B000AF78600023FB737B6893F8E8
:100920002530DBB2022B08D07B680422DA637B68B7
:10093000002283F82420012322E07B681B681A68C8
:100940007B681B6822F00E021A607B681B681A68BD
:100950007B681B6822F001021A607B685B6C03F005
:100960001C027B681B6C012101FA02F25A607B6851
:10097000012283F825207B68002283F82420FB7B5A
:1009800018461437BD465DF8047B704780B584B0C7
:1009900000AF78600023FB737B6893F82530DBB2EF
:1009A000022B05D07B680422DA630123FB7329E064
:1009B0007B681B681A687B681B6822F00E021A604D
:1009C0007B681B681A687B681B6822F001021A604A
:1009D0007B685B6C03F01C027B681B6C012101FAD5
:1009E00002F25A607B68012283F825207B6800228E
:1009F00083F824207B689B6B002B03D07B689B6B68
:100A000078689847FB7B18461037BD4680BD80B597
:100A100084B000AF78607B681B6C1B68FB607B68F0
:100A20001B681B68BB607B685B6C03F01C030422C3
:100A30009A40FB681340002B26D0BB6803F00403E8
:100A4000002B21D07B681B681B6803F02003002B60
:100A500007D17B681B681A687B681B6822F0040258
:100A60001A607B685B6C03F01C027B681B6C0421C2
:100A700001FA02F25A607B681B6B002B71D07B6815
:100A80001B6B786898476CE07B685B6C03F01C0319
:100A900002229A40FB681340002B2ED0BB6803F063
:100AA0000203002B29D07B681B681B6803F020031E
:100AB000002B0BD17B681B681A687B681B6822F0CF
:100AC0000A021A607B68012283F825207B685B6C30
:100AD00003F01C027B681B6C022101FA02F25A60CF
:100AE0007B68002283F824207B68DB6A002B38D0E7
:100AF0007B68DB6A7868984733E07B685B6C03F05F
:100B00001C0308229A40FB681340002B2AD0BB68C4
:100B100003F00803002B25D07B681B681A687B68EC
:100B20001B6822F00E021A607B685B6C03F01C02EB
:100B30007B681B6C012101FA02F25A607B6801227A
:100B4000DA637B68012283F825207B68002283F822
:100B500024207B685B6B002B04D07B685B6B786820
:100B6000984700BF00BF1037BD4680BD80B485B038
:100B700000AFF860B9607A603B60FB685B6C03F0C3
:100B80001C02FB681B6C012101FA02F25A60FB682F
:100B90001B683A685A60FB689B68102B08D1FB6899
:100BA0001B687A689A60FB681B68BA68DA6007E0BD
:100BB000FB681B68BA689A60FB681B687A68DA6031
:100BC00000BF1437BD465DF8047B704780B487B022
:100BD00000AF7860396000237B6154E13B681A689C
:100BE00001217B6901FA03F31340FB60FB68002BD2
:100BF00000F046813B685B6803F00303012B05D0DE
:100C00003B685B6803F00303022B30D17B689B6871
:100C10003B617B695B00032202FA03F3DB433A6921
:100C200013403B613B68DA687B695B0002FA03F3BF
:100C30003A6913433B617B683A699A607B685B68F9
:100C40003B6101227B6902FA03F3DB433A691340FB
:100C50003B613B685B681B0903F001027B6902FA98
:100C600003F33A6913433B617B683A695A603B6816
:100C70005B6803F00303032B17D07B68DB683B61E1
:100C80007B695B00032202FA03F3DB433A691340FA
:100C90003B613B689A687B695B0002FA03F33A693F
:100CA00013433B617B683A69DA603B685B6803F039
:100CB0000303022B23D17B69DA087B68083253F8DF
:100CC00022303B617B6903F007039B000F2202FA8D
:100CD00003F3DB433A6913403B613B681A697B6964
:100CE00003F007039B0002FA03F33A6913433B61E5
:100CF0007B69DA087B680832396943F822107B681F
:100D00001B683B617B695B00032202FA03F3DB4350
:100D10003A6913403B613B685B6803F003027B69FF
:100D20005B0002FA03F33A6913433B617B683A695B
:100D30001A603B685B6803F44033002B00F0A0802E
:100D4000584B1B6E574A43F001031366554B1B6EFD
:100D500003F00103BB60BB68534A7B699B08023305
:100D600052F823303B617B6903F003039B000F22A1
:100D700002FA03F3DB433A6913403B617B68B3F14A
:100D8000904F19D07B68494A934213D07B68484AF8
:100D900093420DD07B68474A934207D07B68464A0E
:100DA000934201D1042308E0072306E0032304E073
:100DB000022302E0012300E000237A6902F003022B
:100DC000920093403A6913433B6137497B699B0822
:100DD00002333A6941F82320384B9B683B61FB683A
:100DE000DB433A6913403B613B685B6803F4801363
:100DF000002B03D03A69FB6813433B612F4A3B69E0
:100E000093602E4BDB683B61FB68DB433A69134020
:100E10003B613B685B6803F40013002B03D03A6925
:100E2000FB6813433B61254A3B69D360234B5B68F6
:100E30003B61FB68DB433A6913403B613B685B689D
:100E400003F40033002B03D03A69FB6813433B6182
:100E50001A4A3B695360194B1B683B61FB68DB43D3
:100E60003A6913403B613B685B6803F48033002BB5
:100E700003D03A69FB6813433B61104A3B69136036
:100E80007B6901337B613B681A687B6922FA03F353
:100E9000002B7FF4A3AE00BF00BF1C37BD465DF83A
:100EA000047B70470010024000000140000400482D
:100EB00000080048000C00480010004800040140F1
:100EC00080B485B000AF78600B467B807B681A6980
:100ED0007B881340002B02D00123FB7301E0002329
:100EE000FB73FB7B18461437BD465DF8047B7047E7
:100EF00080B483B000AF78600B467B8013467B7074
:100F00007B78002B03D07A887B689A6102E07A882C
:100F10007B689A6200BF0C37BD465DF8047B704762
:100F200080B485B000AF78600B467B807B685B69DE
:100F3000FB607A88FB6813401A04FB68D9437B88FE
:100F40000B401A437B689A6100BF1437BD465DF8B9
:100F5000047B704780B582B000AF0346FB80084B2E
:100F60005A69FB881340002B06D0054AFB88536161
:100F7000FB881846F7F762FD00BF0837BD4680BD05
:100F80000004014080B584B000AF78607B68002B1E
:100F900001D1012341E07B681B684CF6CC421A600A
:100FA0007B681B6845F255521A607B681B687A683B
:100FB00052685A607B681B687A6892689A60FCF78E
:100FC00033FFF8600FE0FCF72FFF0246FB68D31AEF
:100FD000312B08D97B681B68DB6803F00703002B03
:100FE00001D0032319E07B681B68DB6803F007036B
:100FF000002BE8D17B681B681A697B68DB689A4222
:1010000005D07B681B687A68D2681A6104E07B6847
:101010001B684AF6AA221A60002318461037BD46FC
:1010200080BD80B483B000AF78607B681B684AF6EF
:10103000AA221A60002318460C37BD465DF8047BCF
:101040007047000080B400AF044B1B6803F4C0631A
:101050001846BD465DF8047B704700BF0070004035
:1010600080B485B000AF78607B68B3F5007F30D185
:10107000234B1B6803F4C063B3F5007F38D0204BCB
:101080001B6823F4C0631E4A43F4007313601D4BB6
:101090001B68322202FB03F31B4AA2FB03239B0CB7
:1010A0000133FB6002E0FB68013BFB60144B5B69B2
:1010B00003F48063B3F5806F02D1FB68002BF2D19B
:1010C0000F4B5B6903F48063B3F5806F10D103238A
:1010D0000FE00B4B1B6803F4C063B3F5806F07D0C0
:1010E000074B1B6823F4C063054A43F48063136015
:1010F000002318461437BD465DF8047B704700BFD7
:10110000007000404C01002083DE1B4380B588B096
:1011100000AF78607B68002B02D1012300F010BC87
:10112000964B9B6803F00C03BB61944BDB6803F0A8
:1011300003037B617B681B6803F01003002B00F046
:10114000E480BB69002B07D0BB690C2B40F08B807F
:101150007B69012B40F08780884B1B6803F00203FA
:10116000002B05D07B689B69002B01D10123E7E3AD
:101170007B681A6A814B1B6803F00803002B04D0BC
:101180007E4B1B6803F0F00305E07C4BD3F89430F2
:101190001B0903F0F003934223D27B681B6A1846B5
:1011A00000F07AFD0346002B01D00123C8E3734B06
:1011B0001B68724A43F008031360704B1B6823F0EE
:1011C000F0027B681B6A6D4913430B606B4B5B68D5
:1011D00023F47F427B68DB691B02684913434B6041
:1011E00025E0664B1B68654A43F008031360634BB8
:1011F0001B6823F0F0027B681B6A604913430B6095
:101200005E4B5B6823F47F427B68DB691B025B49B2
:1012100013434B60BB69002B09D17B681B6A1846DE
:1012200000F03AFD0346002B01D0012388E300F0D3
:101230006FFC0246514B9B681B0903F00F0350499A
:10124000CB5C03F01F0322FA03F34E4A13604E4BAC
:101250001B681846FCF798FD0346FB73FB7B002BCD
:1012600052D0FB7B6CE37B689B69002B32D0434BF5
:101270001B68424A43F001031360FCF7D5FD386157
:1012800008E0FCF7D1FD02463B69D31A022B01D9D5
:10129000032355E3394B1B6803F00203002BF0D006
:1012A000364B1B68354A43F008031360334B1B6809
:1012B00023F0F0027B681B6A304913430B602F4B0D
:1012C0005B6823F47F427B68DB691B022B49134375
:1012D0004B601AE0294B1B68284A23F00103136076
:1012E000FCF7A2FD386108E0FCF79EFD02463B6971
:1012F000D31A022B01D9032322E3204B1B6803F0EE
:101300000203002BF0D100E000BF7B681B6803F0F4
:101310000103002B73D0BB69082B05D0BB690C2BD4
:101320000ED17B69032B0BD1144B1B6803F40033E4
:10133000002B63D07B685B68002B5FD10123FFE249
:101340007B685B68B3F5803F06D10C4B1B680B4A8A
:1013500043F48033136025E07B685B68B3F5A02F0E
:1013600014D1064B1B68054A43F480231360034BDA
:101370001B68024A43F48033136013E000100240FC
:10138000784043004C01002050010020A04B1B6816
:101390009F4A23F4803313609D4B1B689C4A23F4BF
:1013A000802313607B685B68002B13D0FCF73CFD47
:1013B000386108E0FCF738FD02463B69D31A642B1C
:1013C00001D90323BCE2924B1B6803F40033002BCA
:1013D000F0D014E0FCF728FD386108E0FCF724FDAC
:1013E00002463B69D31A642B01D90323A8E2884B38
:1013F0001B6803F40033002BF0D100E000BF7B68D2
:101400001B6803F00203002B60D0BB69042B05D0DE
:10141000BB690C2B19D17B69022B16D17C4B1B6845
:1014200003F48063002B05D07B68DB68002B01D1BF
:10143000012385E2764B5B6823F0F8527B681B69D9
:101440001B06734913434B6040E07B68DB68002B4D
:1014500023D06F4B1B686E4A43F480731360FCF714
:10146000E3FC386108E0FCF7DFFC02463B69D31A75
:10147000022B01D9032363E2654B1B6803F48063ED
:10148000002BF0D0624B5B6823F0F8527B681B693D
:101490001B065F4913434B6018E05D4B1B685C4AB9
:1014A00023F480731360FCF7BFFC386108E0FCF79D
:1014B000BBFC02463B69D31A022B01D903233FE24E
:1014C000534B1B6803F48063002BF0D17B681B68CF
:1014D00003F00803002B3CD07B685B69002B1CD019
:1014E0004B4BD3F894304A4A43F00103C2F894308E
:1014F000FCF79AFC386108E0FCF796FC02463B6971
:10150000D31A022B01D903231AE2414BD3F89430AA
:1015100003F00203002BEFD01BE03D4BD3F89430D7
:101520003B4A23F00103C2F89430FCF77DFC38619C
:1015300008E0FCF779FC02463B69D31A022B01D97B
:101540000323FDE1324BD3F8943003F00203002B68
:10155000EFD17B681B6803F00403002B00F0A6802A
:101560000023FB772A4B9B6D03F08053002B0DD19A
:10157000274B9B6D264A43F080539365244B9B6D0C
:1015800003F08053BB60BB680123FB77214B1B68D2
:1015900003F48073002B18D11E4B1B681D4A43F4C3
:1015A00080731360FCF740FC386108E0FCF73CFCFA
:1015B00002463B69D31A022B01D90323C0E1154B24
:1015C0001B6803F48073002BF0D07B689B68012BB1
:1015D00008D10F4BD3F890300D4A43F00103C2F805
:1015E000903029E07B689B68052B15D1084BD3F818
:1015F0009030074A43F00403C2F89030044BD3F80C
:101600009030034A43F00103C2F8903014E000BF69
:1016100000100240007000409A4BD3F89030994A75
:1016200023F00103C2F89030964BD3F89030954ADE
:1016300023F00403C2F890307B689B68002B16D01F
:10164000FCF7F2FB38610AE0FCF7EEFB02463B696F
:10165000D31A41F28832934201D9032370E1894BB6
:10166000D3F8903003F00203002BEDD015E0FCF727
:10167000DBFB38610AE0FCF7D7FB02463B69D31A73
:1016800041F28832934201D9032359E17D4BD3F8CB
:10169000903003F00203002BEDD1FB7F012B05D12D
:1016A000784B9B6D774A23F0805393657B681B686A
:1016B00003F02003002B3CD07B685B6A002B1CD01E
:1016C000704BD3F898306F4A43F00103C2F898305A
:1016D000FCF7AAFB386108E0FCF7A6FB02463B6971
:1016E000D31A022B01D903232AE1664BD3F8983091
:1016F00003F00203002BEFD01BE0624BD3F89830CD
:10170000604A23F00103C2F89830FCF78DFB386182
:1017100008E0FCF789FB02463B69D31A022B01D98A
:1017200003230DE1574BD3F8983003F00203002B4D
:10173000EFD17B689B6A002B00F001817B689B6A7C
:10174000022B40F0C9804F4BDB687B617B6903F063
:1017500003027B68DB6A9A422CD17B6903F070023A
:101760007B681B6B013B1B019A4223D17B6903F40D
:10177000FE427B685B6B1B029A421BD17B6903F0C4
:1017800078427B689B6BDB069A4213D17B6903F43A
:10179000C0027B68DB6B5B08013B5B059A4209D1A9
:1017A0007B6903F0C0627B681B6C5B08013B5B06D6
:1017B0009A426BD0BB690C2B62D0324B1B6803F092
:1017C0008063002B01D00123BAE02E4B1B682D4A09
:1017D00023F080731360FCF727FB386108E0FCF707
:1017E00023FB02463B69D31A022B01D90323A7E04E
:1017F000244B1B6803F00073002BF0D1214BDA68F7
:10180000214B13407A68D16A7A68126B013A12014F
:1018100011437A68526B120211437A68D26B5208F4
:10182000013A520511437A68126C5208013A520685
:1018300011437A68926BD2060A4312491343CB6074
:10184000104B1B680F4A43F0807313600D4BDB682D
:101850000C4A43F08073D360FCF7E6FA386108E085
:10186000FCF7E2FA02463B69D31A022B01D90323A3
:1018700066E0044B1B6803F00073002BF0D05EE0C1
:1018800001235DE0001002408C809D012E4B1B68FF
:1018900003F00073002B52D12B4B1B682A4A43F0F4
:1018A00080731360284BDB68274A43F08073D36052
:1018B000FCF7BAFA386108E0FCF7B6FA02463B6971
:1018C000D31A022B01D903233AE01F4B1B6803F004
:1018D0000073002BF0D032E0BB690C2B2DD01A4BDB
:1018E0001B68194A23F080731360174B1B6803F0C1
:1018F0000063002B05D1144BDB68134A23F003036C
:10190000D360114BDB68104A23F0887323F48033D3
:10191000D360FCF789FA386108E0FCF785FA0246E3
:101920003B69D31A022B01D9032309E0064B1B683C
:1019300003F00073002BF0D101E0012300E000234D
:1019400018462037BD4680BD0010024080B584B0E7
:1019500000AF786039607B68002B01D10123C8E0BB
:10196000664B1B6803F007033A689A4210D9634B31
:101970001B6823F0070261493B6813430B605F4B10
:101980001B6803F007033A689A4201D00123B0E0D4
:101990007B681B6803F00103002B4CD07B685B68FD
:1019A000032B07D1564B1B6803F00073002B21D18A
:1019B00001239EE07B685B68022B07D1504B1B68BC
:1019C00003F40033002B15D1012392E07B685B68A0
:1019D000002B07D14A4B1B6803F00203002B09D1EF
:1019E000012386E0464B1B6803F48063002B01D182
:1019F00001237EE0424B9B6823F003027B685B6817
:101A00003F4913438B60FCF70FFAF8600AE0FCF7DC
:101A10000BFA0246FB68D31A41F28832934201D98D
:101A2000032366E0364B9B6803F00C027B685B681F
:101A30009B009A42EBD17B681B6803F00203002BEA
:101A400008D02F4B9B6823F0F0027B689B682C49E1
:101A500013438B60294B1B6803F007033A689A42D3
:101A600010D2264B1B6823F0070224493B6813431E
:101A70000B60224B1B6803F007033A689A4201D0BF
:101A8000012336E07B681B6803F00403002B08D0B9
:101A90001B4B9B6823F4E0627B68DB6818491343A7
:101AA0008B607B681B6803F00803002B09D0144B84
:101AB0009B6823F460527B681B69DB001049134369
:101AC0008B6000F025F802460D4B9B681B0903F064
:101AD0000F030C49CB5C03F01F0322FA03F30A4AFD
:101AE00013600A4B1B681846FCF74EF90346FB725D
:101AF000FB7A18461037BD4680BD00BF002002406B
:101B000000100240784043004C01002050010020AA
:101B100080B489B000AF0023FB610023BB613E4B62
:101B20009B6803F00C033B613B4BDB6803F0030352
:101B3000FB603B69002B05D03B690C2B21D1FB6876
:101B4000012B1ED1344B1B6803F00803002B07D177
:101B5000314BD3F894301B0A03F00F03FB6105E00F
:101B60002D4B1B681B0903F00F03FB612B4AFB691C
:101B700052F82330FB613B69002B0DD1FB69BB613F
:101B80000AE03B69042B02D1254BBB6104E03B69B1
:101B9000082B01D1234BBB613B690C2B34D11E4B6D
:101BA000DB6803F00303BB60BB68022B03D0BB6898
:101BB000032B03D005E01A4B7B6105E0194B7B61D9
:101BC00002E0FB697B6100BF134BDB681B0903F07C
:101BD000070301337B60104BDB681B0A03F07F03B4
:101BE0007A6903FB02F27B68B2FBF3F37B610A4B79
:101BF000DB685B0E03F0030301335B003B607A6933
:101C00003B68B2FBF3F3BB61BB6918462437BD46A2
:101C10005DF8047B704700BF001002409040430015
:101C20000024F40000127A0080B400AF034B1B685C
:101C30001846BD465DF8047B704700BF4C0100208C
:101C400080B500AFFFF7F0FF0246064B9B681B0A0A
:101C500003F007030449CB5C03F01F0322FA03F3EC
:101C6000184680BD001002408840430080B500AF98
:101C7000FFF7DAFF0246064B9B68DB0A03F0070317
:101C80000449CB5C03F01F0322FA03F3184680BD1E
:101C9000001002408840430080B586B000AF7860F5
:101CA00000233B612A4B9B6D03F08053002B03D034
:101CB000FFF7C8F9786114E0254B9B6D244A43F087
:101CC00080539365224B9B6D03F08053FB60FB6850
:101CD000FFF7B8F978611E4B9B6D1D4A23F08053C6
:101CE00093657B69B3F5007F0BD17B68802B19D995
:101CF0007B68A02B02D902233B6113E001233B61E7
:101D000010E07B68802B02D903233B610AE07B68EB
:101D1000802B02D102233B6104E07B68702B01D150
:101D200001233B610B4B1B6823F0070209493B6908
:101D300013430B60074B1B6803F007033A699A4291
:101D400001D0012300E0002318461837BD4680BDAE
:101D5000001002400020024080B586B000AF7860DD
:101D60000023FB740023BB747B681B6803F40063CF
:101D7000002B31D07B685B6CB3F5400F1AD0B3F504
:101D8000400F14D8002B09D0B3F5000F0FD15D4BD5
:101D9000DB685C4A43F48033D3600CE07B68043337
:101DA0000021184600F0F0F90346FB7403E001231C
:101DB000FB7400E000BFFB7C002B0BD1514BD3F830
:101DC000883023F440027B685B6C4E491343C1F8B2
:101DD000883001E0FB7CBB747B681B6803F4003334
:101DE000002B00F09E8000237B74464B9B6D03F01C
:101DF0008053002B01D1012300E00023002B0DD0E4
:101E0000404B9B6D3F4A43F0805393653D4B9B6D28
:101E100003F08053BB60BB6801237B743A4B1B68A3
:101E2000394A43F480731360FBF7FEFFF86009E062
:101E3000FBF7FAFF0246FB68D31A022B02D90323F1
:101E4000FB7405E0304B1B6803F48073002BEFD06C
:101E5000FB7C002B5AD12B4BD3F8903003F440730A
:101E60007B617B69002B1ED07B689B6D7A699A42EF
:101E700019D0244BD3F8903023F440737B61214B6D
:101E8000D3F890301F4A43F48033C2F890301D4B92
:101E9000D3F890301B4A23F48033C2F89030194AAB
:101EA0007B69C2F890307B6903F00103002B16D0E8
:101EB000FBF7BAFFF8600BE0FBF7B6FF0246FB68E2
:101EC000D31A41F28832934202D90323FB7406E00D
:101ED0000C4BD3F8903003F00203002BECD0FB7CCA
:101EE000002B0BD1074BD3F8903023F440727B6862
:101EF0009B6D04491343C1F8903009E0FB7CBB742F
:101F000006E000BF0010024000700040FB7CBB7484
:101F10007B7C012B05D19B4B9B6D9A4A23F0805310
:101F200093657B681B6803F00103002B0AD0954B77
:101F3000D3F8883023F003027B681B6A914913436E
:101F4000C1F888307B681B6803F00203002B0AD0BD
:101F50008C4BD3F8883023F00C027B685B6A89498C
:101F60001343C1F888307B681B6803F00403002B1F
:101F70000AD0844BD3F8883023F030027B689B6A08
:101F800080491343C1F888307B681B6803F0200345
:101F9000002B0AD07B4BD3F8883023F440627B6857
:101FA000DB6A78491343C1F888307B681B6803F407
:101FB0000073002B0AD0734BD3F8883023F44022EF
:101FC0007B68DB6B6F491343C1F888307B681B6803
:101FD00003F48063002B0AD06A4BD3F8883023F4D3
:101FE00040127B681B6C67491343C1F888307B68DB
:101FF0001B6803F04003002B0AD0624BD3F88830F3
:1020000023F440527B681B6B5E491343C1F8883050
:102010007B681B6803F08003002B0AD0594BD3F870
:10202000883023F440427B685B6B56491343C1F808
:1020300088307B681B6803F48073002B0AD0514BF7
:10204000D3F8883023F440327B689B6B4D491343AF
:10205000C1F888307B681B6803F40023002B28D06C
:10206000484BD3F8883023F040627B689B6C45492D
:102070001343C1F888307B689B6CB3F1006F06D1C5
:10208000404BDB683F4A43F48013D36011E07B6828
:102090009B6CB3F1806F0CD17B680433012118462F
:1020A00000F072F80346FB74FB7C002B01D0FB7C34
:1020B000BB747B681B6803F48023002B28D0314B52
:1020C000D3F8883023F040627B68DB6C2D491343E2
:1020D000C1F888307B68DB6CB3F1006F06D1294B07
:1020E000DB68284A43F48013D36011E07B68DB6C23
:1020F000B3F1806F0CD17B6804330121184600F0E6
:1021000043F80346FB74FB7C002B01D0FB7CBB74C3
:102110007B681B6803F48043002B1CD0194BD3F859
:10212000883023F040527B681B6D16491343C1F879
:1021300088307B681B6DB3F1805F0CD17B68043302
:102140000221184600F020F80346FB74FB7C002BAC
:1021500001D0FB7CBB747B681B6803F40043002B3D
:102160000AD0084BD3F8883023F080427B685B6D3F
:1021700004491343C1F88830BB7C18461837BD4664
:1021800080BD00BF0010024080B584B000AF786011
:1021900039600023FB73744BDB6803F00303002BEF
:1021A00018D0714BDB6803F003027B681B689A420E
:1021B0000DD17B681B68002B09D06B4BDB681B09BA
:1021C00003F007035A1C7B685B689A4247D00123DF
:1021D000FB7344E07B681B68032B18D0032B25D8C6
:1021E000012B02D0022B09D020E05F4B1B6803F0CB
:1021F0000203002B1DD10123FB731AE05A4B1B680D
:1022000003F48063002B16D10123FB7313E0564BBC
:102210001B6803F40033002B0FD1534B1B6803F4EE
:102220008023002B09D10123FB7306E00123FB73FC
:1022300004E000BF02E000BF00E000BFFB7B002B1A
:102240000DD1494BDB6823F073027B6819687B680A
:102250005B68013B1B010B4343491343CB60FB7B92
:10226000002B7CD1404B1B683F4A23F080631360F6
:10227000FBF7DAFDB86009E0FBF7D6FD0246BB6864
:10228000D31A022B02D90323FB7305E0364B1B68DC
:1022900003F00063002BEFD1FB7B002B5FD13B6889
:1022A000002B10D1304B1B6923F0784323F4FE43FD
:1022B0007A68926811027A68D268D2060A432A497B
:1022C00013430B6127E03B68012B12D1264B1B699E
:1022D00023F4C00323F4FE437A68926811027A68FB
:1022E00012695208013A52050A431F4913430B6110
:1022F00011E01D4B1B6923F0C06323F4FE437A6891
:10230000926811027A6852695208013A52060A43E9
:10231000154913430B61144B1B68134A43F0806348
:102320001360FBF781FDB86009E0FBF77DFD024615
:10233000BB68D31A022B02D90323FB7305E00A4BB7
:102340001B6803F00063002BEFD0FB7B002B06D152
:10235000054B1A697B689B69034913430B61FB7B3F
:1023600018461037BD4680BD0010024080B584B0CD
:1023700000AF78600123FB737B68002B6CD07B6817
:1023800093F82130DBB2002B06D17B68002283F862
:1023900020207868FBF792F97B68022283F82120DD
:1023A0007B681B68CA225A627B681B6853225A6288
:1023B000786800F049FA0346FB73FB7B002B4BD196
:1023C0007B681B689B687A68126823F4E00323F03B
:1023D000400393607B681B6899687B685A687B68D8
:1023E0001B691A437B689B691A437B681B680A4315
:1023F0009A607B681B687A68D2681A617B681B6880
:1024000019697B689B681A047B681B680A431A6118
:10241000786800F04DFA0346FB73FB7B002B1BD161
:102420007B681B68DA6C7B681B6822F00302DA6445
:102430007B681B68D96C7B68DA697B685B691A43C7
:102440007B681B680A43DA647B681B68FF225A6258
:102450007B68012283F82120FB7B18461037BD469C
:1024600080BD90B587B000AFF860B9607A60FB6856
:1024700093F82030012B01D102238BE0FB6801226D
:1024800083F82020FB68022283F82120FB681B6868
:10249000CA225A62FB681B6853225A62F86800F02D
:1024A000D3F90346FB74FB7C002B63D17B68002BC4
:1024B00026D1FB681B689B6803F04003002B02D108
:1024C000BB680022DA70BB681B78184600F02EFA51
:1024D00003461C04BB685B78184600F027FA0346E5
:1024E0001B021C43BB689B78184600F01FFA03468A
:1024F00044EA0302BB68DB789B0513437B6118E069
:10250000FB681B689B6803F04003002B02D1BB688B
:102510000022DA70BB681B781A04BB685B781B0268
:102520001343BA6892781A43BB68DB789B05134360
:102530007B61FB681A687B6903F07F3323F0FE43FD
:102540001360FB681B689A68FB681B6822F4802292
:102550009A60FB681B689968BB68DA68BB681B698E
:102560001A43FB681B680A439A60F86800F0A0F9F8
:102570000346FB74FB681B68FF225A62FB7C002B3E
:1025800003D1FB68012283F82120FB68002283F835
:102590002020FB7C18461C37BD4690BD80B586B018
:1025A00000AFF860B9607A60FB681B689A6ABB6824
:1025B0005A60FB681B681B69C3F30E02BB689A6014
:1025C000FB681B681B6803F07F3323F0FE437B61CD
:1025D0007B691B0CDBB203F03F03DAB2BB681A70F5
:1025E0007B691B0ADBB203F07F03DAB2BB685A7067
:1025F0007B69DBB203F07F03DAB2BB689A707B6958
:102600009B0DDBB203F00103DAB2BB68DA707B68C2
:10261000002B1AD1BB681B78184600F0A7F90346B7
:102620001A46BB681A70BB685B78184600F09EF9C2
:1026300003461A46BB685A70BB689B78184600F080
:1026400095F903461A46BB689A7000231846183756
:10265000BD4680BD90B587B000AFF860B9607A60C4
:10266000FB6893F82030012B01D1022375E0FB6851
:10267000012283F82020FB68022283F821207B6856
:10268000002B0ED1BB685B7803F01003002B08D041
:10269000BB685B7823F01003DBB20A33DAB2BB68A5
:1026A0005A707B68002B1CD1BB68DB78184600F0A1
:1026B0003DF903461C04BB685B78184600F036F908
:1026C00003461B021C43BB689B78184600F02EF99A
:1026D000034644EA0302BB681B785B0313437B6138
:1026E0000EE0BB68DB781A04BB685B781B021343FF
:1026F000BA6892781A43BB681B785B0313437B610B
:10270000FB681B68CA225A62FB681B6853225A6224
:10271000F86800F099F80346FB74FB7C002B0CD1A1
:10272000FB681A687B6923F07F4323F0C003536082
:10273000F86800F0BDF80346FB74FB681B68FF22D5
:102740005A62FB7C002B03D1FB68012283F8212015
:10275000FB68002283F82020FB7C18461C37BD460E
:1027600090BD80B586B000AFF860B9607A60FB6854
:102770001B685B6823F07F4323F0C0037B617B69A8
:102780001B0CDAB2BB68DA707B691B0ADBB203F0A0
:102790001F03DAB2BB685A707B69DBB203F03F03F8
:1027A000DAB2BB689A707B695B0BDBB203F007039C
:1027B000DAB2BB681A707B68002B1AD1BB68DB7871
:1027C000184600F0D3F803461A46BB68DA70BB68B7
:1027D0005B78184600F0CAF803461A46BB685A7080
:1027E000BB689B78184600F0C1F803461A46BB68E0
:1027F0009A70002318461837BD4680BD80B584B056
:1028000000AF78607B681B68DA687B681B6822F021
:10281000A002DA60FBF708FBF86009E0FBF704FBB5
:102820000246FB68D31AB3F57A7F01D9032307E088
:102830007B681B68DB6803F02003002BEED00023CD
:1028400018461037BD4680BD80B584B000AF7860B3
:102850000023FB737B681B68DB6803F04003002BDD
:1028600020D17B681B684FF0FF32DA60FBF7DCFA9F
:10287000B8600DE0FBF7D8FA0246BB68D31AB3F58F
:102880007A7F05D90323FB737B68032283F8212019
:102890007B681B68DB6803F04003002B02D1FB7BE5
:1028A000032BE7D1FB7B18461037BD4680BD0000E7
:1028B00080B584B000AF78600023FB731A4BDB68EF
:1028C000194A23F08003D360174B9B6803F0200361
:1028D000002B0CD17868FFF791FF0346002B1ED028
:1028E0007B68032283F821200323FB7317E00E4B40
:1028F0009B680D4A23F0200393607868FFF77EFF02
:102900000346002B05D07B68032283F82120032394
:10291000FB73054B9B68044A43F020039360FB7BE9
:1029200018461037BD4680BD0028004080B485B0F1
:1029300000AF0346FB710023FB60FB79FB7205E0EF
:10294000FB680133FB60FB7A0A3BFB72FB7A092BC5
:10295000F6D8FB68DBB21B01DAB2FB7A1343DBB2B9
:1029600018461437BD465DF8047B704780B485B0C7
:1029700000AF0346FB71FB791B09DBB21A469200DC
:1029800013445B00FB73FB7903F00F03DAB2FB7BAC
:102990001344DBB218461437BD465DF8047B70471C
:1029A00080B487B000AFF860B9607A60FB681B68DC
:1029B00050337B61BB689A007B6913447B617B6900
:1029C0001A467B68136000BF1C37BD465DF8047B68
:1029D000704780B485B000AF786039607B681B6851
:1029E0005033FB603B689B00FA681344FB60FB6854
:1029F0001B6818461437BD465DF8047B704780B5E8
:102A000084B000AF78607B68002B01D1012395E092
:102A10007B685B6A002B08D17B685B68B3F5827FBB
:102A200009D07B680022DA6105E07B6800221A6128
:102A30007B6800225A617B6800229A627B6893F867
:102A40005D30DBB2002B06D17B68002283F85C206E
:102A50007868FAF763FE7B68022283F85D207B6862
:102A60001B681A687B681B6822F040021A607B684A
:102A7000DB68B3F5E06F02D90023FB6002E04FF49E
:102A80008053FB607B68DB68B3F5706F07D07B68B1
:102A9000DB68B3F5E06F02D07B6800229A627B6846
:102AA0005B6803F482727B689B6803F404431A43F7
:102AB0007B681B6903F002031A437B685B6903F0C0
:102AC00001031A437B689B6903F400731A437B6814
:102AD000DB6903F038031A437B681B6A03F0800349
:102AE00042EA03017B689B6A03F400527B681B681F
:102AF0000A431A607B689B691B0C03F004027B6825
:102B00005B6A03F010031A437B685B6B03F00803F6
:102B10001A437B68DB6803F4706342EA0301FB68D5
:102B200003F480527B681B680A435A607B6800226A
:102B30001A667B68012283F85D200023184610374F
:102B4000BD4680BD80B586B000AFF860B9607A60E0
:102B50007B800023FB75FB6893F85C30012B01D16F
:102B600002236CE1FB68012283F85C20FB6893F888
:102B70005D30BB75FB685B683B61BB7D012B0DD095
:102B80003B69B3F5827F06D1FB689B68002B02D1BD
:102B9000BB7D042B02D00223FB754BE1BB68002BED
:102BA00005D07B68002B02D07B88002B02D101234B
:102BB000FB753FE1FB6893F85D30DBB2042B03D07B
:102BC000FB68052283F85D20FB6800221A66FB681B
:102BD000BA689A63FB687A889A87FB687A88DA878A
:102BE000FB687A681A64FB687A88A3F84420FB685B
:102BF0007A88A3F84620FB680022DA64FB6800228A
:102C00001A65FB681B685A68FB681B6822F4C0429F
:102C10005A60FB68DB68B3F5E06F08D9FB681B6896
:102C20005A68FB681B6822F480525A606FE0FB68A8
:102C30001B685A68FB681B6842F480525A60FB6844
:102C40005B6D9B69B3F5806F26D1FB689B8F03F0AA
:102C50000103002B0FD1FB681B685A68FB681B68D7
:102C600022F480425A60FB68DB8F9BB25B089AB209
:102C7000FB68DA8710E0FB681B685A68FB681B6812
:102C800042F480425A60FB68DB8F9BB25B089BB2C8
:102C900001339AB2FB68DA87FB689B6D9B69B3F5D9
:102CA000806F34D1FB681B685A68FB681B6822F48C
:102CB00080525A60FB68B3F846309BB203F00103C0
:102CC000002B11D1FB681B685A68FB681B6822F453
:102CD00000525A60FB68B3F846309BB25B089AB268
:102CE000FB68A3F8462012E0FB681B685A68FB6883
:102CF0001B6842F400525A60FB68B3F846309BB23E
:102D00005B089BB201339AB2FB68A3F84620FB68CC
:102D100093F85D30DBB2042B08D1FB689B6D4A4A07
:102D20001A63FB689B6D494ADA6207E0FB689B6D9A
:102D3000474A1A63FB689B6D464ADA62FB689B6DE3
:102D4000454A5A63FB689B6D00229A63FB68986D45
:102D5000FB681B680C331946FB681B6C1A46FB6842
:102D6000B3F846309BB2FDF773FD0346002B0CD041
:102D7000FB681B6E43F01002FB681A660123FB75AB
:102D8000FB68012283F85D2054E0FB681B685A68E9
:102D9000FB681B6842F001025A60FB685B6D002211
:102DA0001A63FB685B6D0022DA62FB685B6D0022D0
:102DB0005A63FB685B6D00229A63FB68586DFB6881
:102DC0009B6B1946FB681B680C331A46FB68DB8F4C
:102DD0009BB2FDF73DFD0346002B0CD0FB681B6E3C
:102DE00043F01002FB681A660123FB75FB680122A1
:102DF00083F85D201EE0FB681B681B6803F040033E
:102E0000402B07D0FB681B681A68FB681B6842F000
:102E100040021A60FB681B685A68FB681B6842F036
:102E200020025A60FB681B685A68FB681B6842F006
:102E300002025A60FB68002283F85C20FB7D184682
:102E40001837BD4680BD00BFD1EF420099EE420069
:102E5000EDEF420041EF420009F0420080B588B03A
:102E600000AF78607B681B685B68FB617B681B68F0
:102E70009B68BB61BB699B0903F00103002B0FD169
:102E8000BB6903F00103002B0AD0FB699B0903F027
:102E90000103002B04D07B68DB6C78689847D7E08F
:102EA000BB695B0803F00103002B0AD0FB69DB0957
:102EB00003F00103002B04D07B681B6D78689847F2
:102EC000C6E0BB695B0903F00103002B0CD1BB69B1
:102ED0009B0903F00103002B06D1BB691B0A03F019
:102EE0000103002B00F0B480FB695B0903F00103D0
:102EF000002B00F0AD80BB699B0903F00103002BA0
:102F000023D07B6893F85D30DBB2032B11D07B6854
:102F10001B6E43F004027B681A6600237B617B68AA
:102F20001B68DB687B617B681B689B687B617B69D6
:102F30000BE000233B617B681B68DB683B617B68BF
:102F40001B689B683B613B6982E0BB695B0903F0DE
:102F50000103002B14D07B681B6E43F001027B68D9
:102F60001A660023FB607B681B689B68FB607B68BC
:102F70001B681A687B681B6822F040021A60FB68B5
:102F8000BB691B0A03F00103002B0CD07B681B6E8E
:102F900043F008027B681A660023BB607B681B68ED
:102FA0009B68BB60BB687B681B6E002B4FD07B6847
:102FB0001B685A687B681B6822F0E0025A607B68D5
:102FC000012283F85D20FB6903F00203002B04D18A
:102FD000FB6903F00103002B34D07B681B685A683F
:102FE0007B681B6822F003025A607B689B6D002B94
:102FF00011D07B689B6D184A9A637B689B6D18465D
:10300000FDF7C4FC0346002B05D07B681B6E43F024
:1030100040027B681A667B685B6D002B16D07B686C
:103020005B6D0D4A9A637B685B6D1846FDF7AEFCDD
:103030000346002B0AD07B681B6E43F040027B687E
:103040001A6603E07868F9F753F800E000BF00BFA4
:103050002037BD4680BD00BF49F0420080B483B038
:1030600000AF786000BF0C37BD465DF8047B704749
:1030700080B483B000AF786000BF0C37BD465DF808
:10308000047B704780B483B000AF786000BF0C371A
:10309000BD465DF8047B704780B584B000AF7860B2
:1030A0007B689B6AFB60FAF7BFFEB8607B681B68B1
:1030B0001B6803F02003202B3CD0FB681B685A6878
:1030C000FB681B6822F020025A60FB689B68002B9B
:1030D0000DD1FB685B68B3F5827F08D1FB681B6884
:1030E0005A68FB681B6822F003025A6007E0FB681D
:1030F0001B685A68FB681B6822F001025A60BA68B4
:103100006421F86800F0D4F90346002B02D0FB6874
:1031100020221A66FB680022A3F84620FB680122E1
:1031200083F85D20FB681B6E002B03D0F868F8F76E
:10313000DFFF02E0F868FFF791FF1037BD4680BD62
:1031400080B584B000AF78607B689B6AFB60FAF75B
:103150006BFEB8607B681B681B6803F02003202BA4
:1031600030D0FB681B685A68FB681B6822F020029D
:103170005A60BA686421F86800F0F2F90346002B3F
:1031800005D0FB681B6E43F02002FB681A66FB68E3
:103190001B685A68FB681B6822F003025A60FB68D0
:1031A0000022DA87FB680022A3F84620FB68012290
:1031B00083F85D20FB681B6E002B03D0F868F8F7DE
:1031C00097FF02E0F868F8F777FF1037BD4680BD3B
:1031D00080B584B000AF78607B689B6AFB60F8685C
:1031E000FFF746FF00BF1037BD4680BD80B584B0F5
:1031F00000AF78607B689B6AFB60F868FFF742FF6E
:1032000000BF1037BD4680BD80B584B000AF786088
:103210007B689B6AFB60FB681B685A68FB681B68DD
:1032200022F003025A60FB681B6E43F01002FB6839
:103230001A66FB68012283F85D20F868F8F758FFEA
:1032400000BF1037BD4680BD80B584B000AF786048
:103250007B689B6AFB60FB680022A3F84620FB6842
:103260000022DA87F868F8F743FF00BF1037BD4641
:1032700080BD000080B588B000AFF860B9603B60E9
:103280001346FB71FAF7D0FD0246BB6A9B1A3A68F7
:103290001344FB61FAF7C8FDB861394B1B685B0149
:1032A0001B0DFA6902FB03F37B6154E03B68B3F149
:1032B000FF3F50D0FAF7B8FD0246BB69D31AFA694E
:1032C0009A4202D9FB69002B3DD1FB681B685A6802
:1032D000FB681B6822F0E0025A60FB685B68B3F58C
:1032E000827F11D1FB689B68B3F5004F04D0FB6867
:1032F0009B68B3F5806F07D1FB681B681A68FB6891
:103300001B6822F040021A60FB689B6AB3F5005FFD
:103310000FD1FB681B681A68FB681B6822F4005217
:103320001A60FB681B681A68FB681B6842F400524D
:103330001A60FB68012283F85D20FB68002283F895
:103340005C20032317E07B69002B01D10023FB6184
:103350007B69013B7B61FB681B689A68BB68134013
:10336000BA689A420CBF01230023DBB21A46FB79EC
:103370009A429BD1002318462037BD4680BD00BF2E
:103380004C01002080B58AB000AFF860B9607A6067
:103390003B600023FB75FAF747FD02463B6B9B1A27
:1033A0003A6813447B62FAF73FFD3862FB681B689A
:1033B0000C33FB613D4B1A6813469B001344DA0043
:1033C000D31A1B0D7A6A02FB03F3BB6160E0BB6892
:1033D000B3F5C06F07D17B68002B04D1FB691B7864
:1033E000DBB2FB75FB7D3B68B3F1FF3F50D0FAF7D2
:1033F0001BFD02463B6AD31A7A6A9A4202D97B6A5B
:10340000002B3DD1FB681B685A68FB681B6822F0E3
:10341000E0025A60FB685B68B3F5827F11D1FB68FC
:103420009B68B3F5004F04D0FB689B68B3F5806FD1
:1034300007D1FB681B681A68FB681B6822F0400212
:103440001A60FB689B6AB3F5005F0FD1FB681B68CD
:103450001A68FB681B6822F400521A60FB681B683C
:103460001A68FB681B6842F400521A60FB6801226C
:1034700083F85D20FB68002283F85C20032310E0C2
:10348000BB69002B01D100237B62BB69013BBB619F
:10349000FB681B689A68BB6813407A689A4296D1A9
:1034A000002318462837BD4680BD00BF4C010020D0
:1034B00080B586B002AFF860B9607A60FB685B687F
:1034C000B3F5827F11D1FB689B68B3F5004F04D040
:1034D000FB689B68B3F5806F07D1FB681B681A68AF
:1034E000FB681B6822F040021A607B680093BB688F
:1034F00000228021F868FFF7BDFE0346002B07D0AD
:10350000FB681B6E43F02002FB681A66032323E06E
:10351000FB685B68B3F5827F1DD1FB689B68B3F5E0
:10352000004F04D0FB689B68B3F5806F13D17B68B4
:103530000093BB6800224FF4C061F868FFF722FFD8
:103540000346002B07D0FB681B6E43F02002FB688C
:103550001A66032300E0002318461037BD4680BDDD
:1035600080B586B002AFF860B9607A607B6800937E
:10357000BB6800224FF4C051F868FFF703FF034611
:10358000002B07D0FB681B6E43F02002FB681A6615
:10359000032327E07B680093BB6800228021F86842
:1035A000FFF768FE0346002B07D0FB681B6E43F055
:1035B0002002FB681A66032314E07B680093BB6853
:1035C00000224FF4C061F868FFF7DCFE0346002BD1
:1035D00007D0FB681B6E43F02002FB681A660323CA
:1035E00000E0002318461037BD4680BD80B582B08C
:1035F00000AF78607B68002B01D1012349E07B6834
:1036000093F83D30DBB2002B06D17B68002283F8B3
:103610003C207868FAF728F97B68022283F83D207D
:103620007B681A687B6804331946104600F02CFD4D
:103630007B68012283F848207B68012283F83E20C2
:103640007B68012283F83F207B68012283F84020B9
:103650007B68012283F841207B68012283F84220A5
:103660007B68012283F843207B68012283F8442091
:103670007B68012283F845207B68012283F846207D
:103680007B68012283F847207B68012283F83D2074
:10369000002318460837BD4680BD80B582B000AF14
:1036A00078607B68002B01D1012349E07B6893F8A7
:1036B0003D30DBB2002B06D17B68002283F83C2032
:1036C000786800F041F87B68022283F83D207B682F
:1036D0001A687B6804331946104600F0D5FC7B68F5
:1036E000012283F848207B68012283F83E207B6812
:1036F000012283F83F207B68012283F840207B6809
:10370000012283F841207B68012283F842207B68F4
:10371000012283F843207B68012283F844207B68E0
:10372000012283F845207B68012283F846207B68CC
:10373000012283F847207B68012283F83D20002383
:1037400018460837BD4680BD80B483B000AF7860AE
:1037500000BF0C37BD465DF8047B704780B584B070
:1037600000AF786039603B68002B09D17B6893F823
:103770003E30DBB2012B14BF01230023DBB23CE05F
:103780003B68042B09D17B6893F83F30DBB2012BF7
:1037900014BF01230023DBB22FE03B68082B09D1C3
:1037A0007B6893F84030DBB2012B14BF0123002368
:1037B000DBB222E03B680C2B09D17B6893F84130E7
:1037C000DBB2012B14BF01230023DBB215E03B6801
:1037D000102B09D17B6893F84230DBB2012B14BF68
:1037E00001230023DBB208E07B6893F84330DBB2AF
:1037F000012B14BF01230023DBB2002B01D00123D6
:103800007EE03B68002B04D17B68022283F83E20D7
:1038100023E03B68042B04D17B68022283F83F201D
:103820001BE03B68082B04D17B68022283F8402010
:1038300013E03B680C2B04D17B68022283F8412003
:103840000BE03B68102B04D17B68022283F84220F6
:1038500003E07B68022283F843207B681B68012217
:103860003968184600F08CFF7B681B68264A934233
:1038700009D07B681B68254A934204D07B681B688B
:10388000234A934201D1012300E00023002B07D0FB
:103890007B681B685A6C7B681B6842F400425A6460
:1038A0007B681B68184A934209D07B681B68B3F198
:1038B000804F04D07B681B68144A934215D17B6803
:1038C0001B689A68134B1340FB60FB68062B15D0EE
:1038D000FB68B3F5803F11D07B681B681A687B6872
:1038E0001B6842F001021A6008E07B681B681A68D6
:1038F0007B681B6842F001021A6000E000BF0023F1
:1039000018461037BD4680BD002C014000400140E4
:10391000004401400700010080B582B000AF78602C
:1039200039607B681B6800223968184600F028FF60
:103930007B681B68394A934209D07B681B68384A08
:10394000934204D07B681B68364A934201D101231D
:1039500000E00023002B17D07B681B681A6A41F235
:1039600011131340002B0FD17B681B681A6A40F2B9
:1039700044431340002B07D17B681B685A6C7B685B
:103980001B6822F400425A647B681B681A6A41F281
:1039900011131340002B0FD17B681B681A6A40F289
:1039A00044431340002B07D17B681B681A687B686F
:1039B0001B6822F001021A603B68002B04D17B686F
:1039C000012283F83E2023E03B68042B04D17B686E
:1039D000012283F83F201BE03B68082B04D17B6861
:1039E000012283F8402013E03B680C2B04D17B6854
:1039F000012283F841200BE03B68102B04D17B6847
:103A0000012283F8422003E07B68012283F84320EF
:103A1000002318460837BD4680BD00BF002C01407A
:103A2000004001400044014080B582B000AF7860A2
:103A30007B681B681B6903F00203022B22D17B68A1
:103A40001B68DB6803F00203022B1BD17B681B6839
:103A50006FF002021A617B6801221A777B681B688B
:103A60009B6903F00303002B03D0786800F0EDFAA4
:103A700005E0786800F0DFFA786800F0F0FA7B681B
:103A800000221A777B681B681B6903F00403042B70
:103A900022D17B681B68DB6803F00403042B1BD175
:103AA0007B681B686FF004021A617B6802221A7738
:103AB0007B681B689B6903F44073002B03D0786814
:103AC00000F0C3FA05E0786800F0B5FA786800F015
:103AD000C6FA7B6800221A777B681B681B6903F0B3
:103AE0000803082B22D17B681B68DB6803F00803FE
:103AF000082B1BD17B681B686FF008021A617B687A
:103B000004221A777B681B68DB6903F00303002B30
:103B100003D0786800F099FA05E0786800F08BFA35
:103B2000786800F09CFA7B6800221A777B681B6833
:103B30001B6903F01003102B22D17B681B68DB6824
:103B400003F01003102B1BD17B681B686FF0100271
:103B50001A617B6808221A777B681B68DB6903F4AB
:103B60004073002B03D0786800F06FFA05E07868A6
:103B700000F061FA786800F072FA7B6800221A7728
:103B80007B681B681B6903F00103012B0ED17B6866
:103B90001B68DB6803F00103012B07D17B681B68FE
:103BA0006FF001021A61786800F03BFA7B681B68CD
:103BB0001B6903F08003802B0ED17B681B68DB68D8
:103BC00003F08003802B07D17B681B686FF08002B5
:103BD0001A61786800F06AFE7B681B681B6903F451
:103BE0008073B3F5807F0ED17B681B68DB6803F0C0
:103BF0008003802B07D17B681B686FF480721A6189
:103C0000786800F05DFE7B681B681B6903F0400369
:103C1000402B0ED17B681B68DB6803F04003402B10
:103C200007D17B681B686FF040021A61786800F06A
:103C300020FA7B681B681B6903F02003202B0ED140
:103C40007B681B68DB6803F02003202B07D17B68AF
:103C50001B686FF020021A61786800F01DFE00BF3B
:103C60000837BD4680BD000080B586B000AFF86063
:103C7000B9607A600023FB75FB6893F83C30012B38
:103C800001D10223FFE0FB68012283F83C207B681E
:103C9000142B00F2F08001A252F823F0F1FA420056
:103CA00077FC420077FC420077FC420031FB420087
:103CB00077FC420077FC420077FC420073FB420035
:103CC00077FC420077FC420077FC4200B3FB4200E5
:103CD00077FC420077FC420077FC4200F5FB420093
:103CE00077FC420077FC420077FC420035FC420042
:103CF000FB681B68B968184600F02AFAFB681B6865
:103D00009A69FB681B6842F008029A61FB681B68AD
:103D10009A69FB681B6822F004029A61FB681B68C1
:103D20009969BB681A69FB681B680A439A61A5E038
:103D3000FB681B68B968184600F086FAFB681B68C8
:103D40009A69FB681B6842F400629A61FB681B6811
:103D50009A69FB681B6822F480629A61FB681B68A1
:103D60009969BB681B691A02FB681B680A439A6160
:103D700084E0FB681B68B968184600F0DFFAFB684E
:103D80001B68DA69FB681B6842F00802DA61FB68AD
:103D90001B68DA69FB681B6822F00402DA61FB68C1
:103DA0001B68D969BB681A69FB681B680A43DA613A
:103DB00064E0FB681B68B968184600F037FBFB68D5
:103DC0001B68DA69FB681B6842F40062DA61FB6811
:103DD0001B68DA69FB681B6822F48062DA61FB68A1
:103DE0001B68D969BB681B691A02FB681B680A4318
:103DF000DA6143E0FB681B68B968184600F074FBA1
:103E0000FB681B685A6DFB681B6842F008025A6524
:103E1000FB681B685A6DFB681B6822F004025A6538
:103E2000FB681B68596DBB681A69FB681B680A430D
:103E30005A6523E0FB681B68B968184600F0ACFBC4
:103E4000FB681B685A6DFB681B6842F400625A6588
:103E5000FB681B685A6DFB681B6822F480625A6518
:103E6000FB681B68596DBB681B691A02FB681B68FD
:103E70000A435A6502E00123FB7500BFFB6800227C
:103E800083F83C20FB7D18461837BD4680BD00BF37
:103E900080B584B000AF786039600023FB737B6825
:103EA00093F83C30012B01D10223B6E07B6801225C
:103EB00083F83C207B68022283F83D207B681B68E6
:103EC0009B68BB60BB6823F4803323F07703BB603F
:103ED000BB6823F47F43BB607B681B68BA689A6049
:103EE0003B681B68B3F5005F3ED0B3F5005F00F29E
:103EF0008780B3F5805F00F08680B3F5805F7FD860
:103F0000702B1AD0702B7BD8602B50D0602B77D8B9
:103F1000502B3CD0502B73D8402B58D0402B6FD80F
:103F2000302B64D0302B6BD8202B60D0202B67D85F
:103F3000002B5CD0102B5AD062E07B6818683B687D
:103F400099683B685A683B68DB6800F0F9FB7B685E
:103F50001B689B68BB60BB6843F07703BB607B68F2
:103F60001B68BA689A604FE07B6818683B6899687C
:103F70003B685A683B68DB6800F0E2FB7B681B68C3
:103F80009A687B681B6842F480429A603CE07B68D8
:103F900018683B6859683B68DB681A4600F056FBB6
:103FA0007B681B685021184600F0AFFB2CE07B6853
:103FB00018683B6859683B68DB681A4600F075FB77
:103FC0007B681B686021184600F09FFB1CE07B6843
:103FD00018683B6859683B68DB681A4600F036FB96
:103FE0007B681B684021184600F08FFB0CE07B6863
:103FF0001A683B681B681946104600F086FB03E010
:104000000123FB7300E000BF7B68012283F83D20A1
:104010007B68002283F83C20FB7B18461037BD46A6
:1040200080BD80B483B000AF786000BF0C37BD4660
:104030005DF8047B704780B483B000AF786000BF48
:104040000C37BD465DF8047B704780B483B000AF89
:10405000786000BF0C37BD465DF8047B704780B4C4
:1040600083B000AF786000BF0C37BD465DF8047BBD
:10407000704780B483B000AF786000BF0C37BD4696
:104080005DF8047B7047000080B485B000AF7860B5
:1040900039607B681B68FB607B682A4A934203D0C7
:1040A0007B68B3F1804F08D1FB6823F07003FB609D
:1040B0003B685B68FA681343FB607B68214A934264
:1040C0000BD07B68B3F1804F07D07B681E4A9342C8
:1040D00003D07B681D4A934208D1FB6823F44073E8
:1040E000FB603B68DB68FA681343FB60FB6823F006
:1040F00080023B685B691343FB607B68FA681A6067
:104100003B689A687B68DA623B681A687B689A62E7
:104110007B680C4A934207D07B680B4A934203D0DA
:104120007B680A4A934203D13B681A697B681A6329
:104130007B6801225A6100BF1437BD465DF8047BDD
:10414000704700BF002C0140004001400044014086
:1041500080B487B000AF786039607B681B6A23F059
:1041600001027B681A627B681B6A7B617B685B6803
:104170003B617B689B69FB60FB6823F4803323F021
:104180007003FB60FB6823F00303FB603B681B6864
:10419000FA681343FB607B6923F002037B613B6891
:1041A0009B687A6913437B617B68244A934207D0FA
:1041B0007B68234A934203D07B68224A93420CD106
:1041C0007B6923F008037B613B68DB687A691343F2
:1041D0007B617B6923F004037B617B68174A934210
:1041E00007D07B68164A934203D07B68154A9342F6
:1041F00011D13B6923F480733B613B6923F4007365
:104200003B613B685B693A6913433B613B689B696F
:104210003A6913433B617B683A695A607B68FA6884
:104220009A613B685A687B685A637B687A691A624C
:1042300000BF1C37BD465DF8047B7047002C014071
:10424000004001400044014080B487B000AF786076
:1042500039607B681B6A23F010027B681A627B68F6
:104260001B6A7B617B685B683B617B689B69FB6069
:10427000FB6823F0807323F4E043FB60FB6823F4C6
:104280004073FB603B681B681B02FA681343FB60CA
:104290007B6923F020037B613B689B681B017A6983
:1042A00013437B617B68224A93420DD17B6923F0E3
:1042B00080037B613B68DB681B017A6913437B6188
:1042C0007B6923F040037B617B68194A934207D0E6
:1042D0007B68184A934203D07B68174A934213D1F4
:1042E0003B6923F480633B613B6923F400633B61DA
:1042F0003B685B699B003A6913433B613B689B6980
:104300009B003A6913433B617B683A695A607B685A
:10431000FA689A613B685A687B689A637B687A6935
:104320001A6200BF1C37BD465DF8047B704700BFB2
:10433000002C0140004001400044014080B487B09F
:1043400000AF786039607B681B6A23F480727B68F9
:104350001A627B681B6A7B617B685B683B617B6878
:10436000DB69FB60FB6823F4803323F07003FB60A0
:10437000FB6823F00303FB603B681B68FA68134388
:10438000FB607B6923F400737B613B689B681B02C5
:104390007A6913437B617B68214A93420DD17B6923
:1043A00023F400637B613B68DB681B027A6913437B
:1043B0007B617B6923F480637B617B68184A93424D
:1043C00007D07B68174A934203D07B68164A934212
:1043D00013D13B6923F480533B613B6923F40053C1
:1043E0003B613B685B691B013A6913433B613B6876
:1043F0009B691B013A6913433B617B683A695A60C8
:104400007B68FA68DA613B685A687B68DA637B68C4
:104410007A691A6200BF1C37BD465DF8047B70479D
:10442000002C0140004001400044014080B487B0AE
:1044300000AF786039607B681B6A23F480527B6828
:104440001A627B681B6A3B617B685B687B617B6887
:10445000DB69FB60FB6823F0807323F4E043FB60BF
:10446000FB6823F44073FB603B681B681B02FA681F
:104470001343FB603B6923F400533B613B689B683B
:104480001B033A6913433B617B68144A934207D08C
:104490007B68134A934203D07B68124A934209D146
:1044A0007B6923F480437B613B685B699B017A698C
:1044B00013437B617B687A695A607B68FA68DA61CA
:1044C0003B685A687B681A647B683A691A6200BF65
:1044D0001C37BD465DF8047B704700BF002C0140CF
:1044E000004001400044014080B487B000AF7860D4
:1044F00039607B681B6A23F480327B681A627B68B0
:104500001B6A3B617B685B687B617B685B6DFB6002
:10451000FB6823F4803323F07003FB603B681B6867
:10452000FA681343FB603B6923F400333B613B684B
:104530009B681B043A6913433B617B68134A9342AF
:1045400007D07B68124A934203D07B68114A93429A
:1045500009D17B6923F480337B613B685B691B0273
:104560007A6913437B617B687A695A607B68FA6871
:104570005A653B685A687B689A657B683A691A6233
:1045800000BF1C37BD465DF8047B7047002C01401E
:10459000004001400044014080B487B000AF786023
:1045A00039607B681B6A23F480127B681A627B681F
:1045B0001B6A3B617B685B687B617B685B6DFB6052
:1045C000FB6823F0807323F4E043FB603B681B68C7
:1045D0001B02FA681343FB603B6923F400133B6141
:1045E0003B689B681B053A6913433B617B68144A2F
:1045F000934207D07B68134A934203D07B68124AE8
:10460000934209D17B6923F480237B613B685B691A
:104610009B027A6913437B617B687A695A607B6885
:10462000FA685A653B685A687B68DA657B683A695C
:104630001A6200BF1C37BD465DF8047B704700BF9F
:10464000002C0140004001400044014080B487B08C
:1046500000AFF860B9607A60FB681B6A7B61FB6839
:104660001B6A23F00102FB681A62FB689B693B61CD
:104670003B6923F0F0033B617B681B013A691343FC
:104680003B617B6923F00A037B617A69BB68134352
:104690007B61FB683A699A61FB687A691A6200BFBC
:1046A0001C37BD465DF8047B704780B487B000AF0F
:1046B000F860B9607A60FB681B6A23F01002FB683F
:1046C0001A62FB689B697B61FB681B6A3B617B69C3
:1046D00023F470437B617B681B037A6913437B611E
:1046E0003B6923F0A0033B61BB681B013A6913439C
:1046F0003B61FB687A699A61FB683A691A6200BF9C
:104700001C37BD465DF8047B704780B485B000AFB0
:10471000786039607B689B68FB60FB6823F07003FE
:10472000FB603A68FB68134343F00703FB607B6858
:10473000FA689A6000BF1437BD465DF8047B704785
:1047400080B487B000AFF860B9607A603B60FB6806
:104750009B687B617B6923F47F437B613B681A0222
:104760007B681A43BB6813437A6913437B61FB6818
:104770007A699A6000BF1C37BD465DF8047B7047BC
:1047800080B487B000AFF860B9607A60BB6803F0AE
:104790001F03012202FA03F37B61FB681A6A7B693B
:1047A000DB431A40FB681A62FB681A6ABB6803F0B5
:1047B0001F03796801FA03F31A43FB681A6200BF0A
:1047C0001C37BD465DF8047B7047000080B485B09F
:1047D00000AF786039607B6893F83C30012B01D1E1
:1047E00002234FE07B68012283F83C207B68022291
:1047F00083F83D207B681B685B68FB607B681B68F7
:104800009B68BB607B681B68214A934208D1FB68A8
:1048100023F47003FB603B685B68FA681343FB603A
:10482000FB6823F07003FB603B681B68FA68134366
:10483000FB607B681B68FA685A607B681B68144AD7
:10484000934209D07B681B68B3F1804F04D07B682A
:104850001B68104A93420CD1BB6823F08003BB60F5
:104860003B689B68BA681343BB607B681B68BA6887
:104870009A607B68012283F83D207B68002283F8E0
:104880003C20002318461437BD465DF8047B704772
:10489000002C01400040014080B483B000AF78603C
:1048A00000BF0C37BD465DF8047B704780B483B011
:1048B00000AF786000BF0C37BD465DF8047B7047E1
:1048C00080B483B000AF786000BF0C37BD465DF8A0
:1048D000047B704780B582B000AF78607B68002BA6
:1048E00001D1012340E07B689B6F002B06D17B68E0
:1048F000002283F874207868F8F768FC7B6824222B
:104900009A677B681B681A687B681B6822F0010243
:104910001A60786800F0CAFB0346012B01D101231D
:1049200022E07B685B6A002B02D0786800F018FEFA
:104930007B681B685A687B681B6822F490425A6047
:104940007B681B689A687B681B6822F02A029A6061
:104950007B681B681A687B681B6842F001021A605A
:10496000786800F09FFE034618460837BD4680BDB4
:1049700080B58AB000AFF860B9601346FB80FB6871
:104980009B6F202B78D1BB68002B02D0FB88002BBB
:1049900001D1012371E0FB6893F87430012B01D140
:1049A00002236AE0FB68012283F87420FB68BA687E
:1049B000DA64FB68FA88A3F85020FB68FA88A3F849
:1049C0005220FB680022C3F88020FB6821229A67EE
:1049D000FB68DB6E002B2BD0FB68DB6E294ADA62AA
:1049E000FB68DB6E284A1A63FB68DB6E274A5A6352
:1049F000FB68DB6E00229A63FB68D86EFB68DB6C99
:104A00001946FB681B6828331A46FB88FBF720FF12
:104A10000346002B0CD0FB681022C3F88020FB68F3
:104A2000002283F87420FB6820229A67012324E087
:104A3000FB681B6840221A62FB68002283F874201E
:104A4000FB681B6808337B617B6953E8003F3B616F
:104A50003B6943F080037B62FB681B6808337A6A1A
:104A60003A62FB61F9693A6A41E80023BB61BB69BC
:104A7000002BE5D1002300E0022318462837BD466D
:104A800080BD00BF1F194300B9194300311B43000B
:104A900080B5BAB000AF78607B681B68DB69C7F887
:104AA000E4307B681B681B68C7F8E0307B681B68D4
:104AB0009B68C7F8DC30D7F8E42040F60F031340BA
:104AC000C7F8D830D7F8D830002B15D1D7F8E43054
:104AD00003F02003002B0FD0D7F8E03003F02003C1
:104AE000002B09D07B685B6E002B00F0A6827B68F0
:104AF0005B6E78689847A0E2D7F8D830002B00F0BA
:104B00001781D7F8DC3003F00103002B06D1D7F86A
:104B1000E020854B1340002B00F00A81D7F8E430E9
:104B200003F00103002B11D0D7F8E03003F48073B9
:104B3000002B0BD07B681B6801221A627B68D3F8BC
:104B4000803043F001027B68C3F88020D7F8E4305E
:104B500003F00203002B11D0D7F8DC3003F001037F
:104B6000002B0BD07B681B6802221A627B68D3F88B
:104B7000803043F004027B68C3F88020D7F8E4302B
:104B800003F00403002B11D0D7F8DC3003F001034D
:104B9000002B0BD07B681B6804221A627B68D3F859
:104BA000803043F002027B68C3F88020D7F8E430FD
:104BB00003F00803002B17D0D7F8E03003F02003F0
:104BC000002B05D1D7F8DC3003F00103002B0BD00C
:104BD0007B681B6808221A627B68D3F8803043F038
:104BE00008027B68C3F88020D7F8E43003F4006340
:104BF000002B12D0D7F8E03003F08063002B0CD0EC
:104C00007B681B684FF400621A627B68D3F88030BF
:104C100043F020027B68C3F880207B68D3F88030A3
:104C2000002B00F00C82D7F8E43003F02003002BB7
:104C30000DD0D7F8E03003F02003002B07D07B68BD
:104C40005B6E002B03D07B685B6E786898477B684F
:104C5000D3F88030C7F8D4307B681B689B6803F0BA
:104C60004003402B05D0D7F8D43003F02803002BA5
:104C70004FD0786800F0F0FE7B681B689B6803F0FB
:104C80004003402B41D17B681B680833C7F89C3038
:104C9000D7F89C3053E8003FC7F89830D7F89830E1
:104CA00023F04003C7F8D0307B681B680833D7F87F
:104CB000D020C7F8A820C7F8A430D7F8A410D7F898
:104CC000A82041E80023C7F8A030D7F8A030002B77
:104CD000D9D17B681B6F002B13D07B681B6F134AE5
:104CE0009A637B681B6F1846FBF750FE0346002B48
:104CF00017D07B681B6F9B6B7A68126F10469847C2
:104D00000FE0786800F0BAF90BE0786800F0B6F9C7
:104D100007E0786800F0B2F97B680022C3F88020D1
:104D20008DE100BF8BE100BF20010004AD1B4300FB
:104D30007B681B6E012B40F04681D7F8E43003F00E
:104D40001003002B00F03F81D7F8E03003F0100390
:104D5000002B00F038817B681B6810221A627B6888
:104D60001B689B6803F04003402B40F0B4807B68D5
:104D70001B6F1B685B68A7F8BE30B7F8BE30002B0E
:104D800000F05F817B68B3F85830B7F8BE209A42D4
:104D900080F057817B68B7F8BE20A3F85A207B6863
:104DA0001B6F1B681B6803F02003002B40F08580FD
:104DB0007B681B68C7F88830D7F8883053E8003F15
:104DC000C7F88430D7F8843023F48073C7F8B8303C
:104DD0007B681B681A46D7F8B830C7F89430C7F814
:104DE0009020D7F89010D7F8942041E80023C7F816
:104DF0008C30D7F88C30002BDAD17B681B680833F5
:104E00007B677B6F53E8003F3B673B6F23F00103F9
:104E1000C7F8B4307B681B680833D7F8B420C7F8EC
:104E20008020FB67F96FD7F8802041E80023BB673B
:104E3000BB6F002BE1D17B681B6808333B663B6E80
:104E400053E8003FFB65FB6D23F04003C7F8B0302B
:104E50007B681B680833D7F8B020FA66BB66B96E6A
:104E6000FA6E41E800237B667B6E002BE3D17B6802
:104E70002022DA677B6800221A667B681B68FB6465
:104E8000FB6C53E8003FBB64BB6C23F01003C7F816
:104E9000AC307B681B681A46D7F8AC30BB657A65C6
:104EA000796DBA6D41E800233B653B6D002BE4D181
:104EB0007B681B6F1846FBF72BFD7B68B3F8582007
:104EC0007B68B3F85A309BB2D31A9BB21946786804
:104ED000F3F782FDB5E07B68B3F858207B68B3F840
:104EE0005A309BB2D31AA7F8CE307B68B3F85A3049
:104EF0009BB2002B00F0A780B7F8CE30002B00F05B
:104F0000A2807B681B68BB63BB6B53E8003F7B637D
:104F10007B6B23F49073C7F8C8307B681B681A4614
:104F2000D7F8C8307B643A64396C7A6C41E8002366
:104F3000FB63FB6B002BE4D17B681B6808337B624F
:104F40007B6A53E8003F3B623B6A23F00103C7F8EA
:104F5000C4307B681B680833D7F8C4203A63FB620F
:104F6000F96A3A6B41E80023BB62BB6A002BE3D1CC
:104F70007B682022DA677B6800221A667B68002241
:104F80005A667B681B683B613B6953E8003FFB60E6
:104F9000FB6823F01003C7F8C0307B681B681A4613
:104FA000D7F8C030FB61BA61B969FA6941E80023FA
:104FB0007B617B69002BE4D1B7F8CE301946786865
:104FC000F3F70AFD3FE0D7F8E43003F48013002B39
:104FD0000ED0D7F8DC3003F48003002B08D07B68B8
:104FE0001B684FF480121A62786800F01FFF2DE0F2
:104FF000D7F8E43003F08003002B0ED0D7F8E03070
:1050000003F08003002B08D07B689B6E002B1CD024
:105010007B689B6E7868984717E0D7F8E43003F018
:105020004003002B12D0D7F8E03003F04003002BF0
:105030000CD0786800F0D0FE08E000BF06E000BFAA
:1050400004E000BF02E000BF00E000BFE837BD465B
:1050500080BD00BF80B483B000AF786000BF0C3764
:10506000BD465DF8047B704780B483B000AF7860C4
:1050700000BF0C37BD465DF8047B704780B483B039
:1050800000AF786000BF0C37BD465DF8047B704709
:1050900080B483B000AF78607B68D3F88030184666
:1050A0000C37BD465DF8047B704700002DE9B04F1A
:1050B0008AB000AFF860002387F82230FB689A6856
:1050C000FB681B691A43FB685B691A43FB68DB6971
:1050D00013437B62FB681B681A689E4B1340FA6897
:1050E0001268796A0B431360FB681B685B6823F4E2
:1050F0004051FB68DA68FB681B680A435A60FB682A
:105100009B697B62FB681B68934A934204D0FB68EF
:105110001B6A7A6A13437B62FB681B689B6823F4F3
:105120003061FB681B687A6A0A439A60FB681B68F7
:105130008A4A934226D18A4BD3F8883003F003037E
:10514000032B1BD801A252F823F000BF5D0F4300D0
:105150006D0F4300650F4300750F4300012387F86F
:105160002330ABE0022387F82330A7E0042387F83D
:105170002330A3E0082387F823309FE0102387F82B
:1051800023309BE0FB681B68764A934238D1744B0E
:10519000D3F8883003F00C030C2B2DD801A252F861
:1051A00023F000BFD90F4300F90F4300F90F43006C
:1051B000F90F4300E90F4300F90F4300F90F4300D3
:1051C000F90F4300E10F4300F90F4300F90F4300CB
:1051D000F90F4300F10F4300002387F823306DE0FF
:1051E000022387F8233069E0042387F8233065E041
:1051F000082387F8233061E0102387F823305DE02F
:10520000FB681B68584A934225D1554BD3F8883028
:1052100003F03003302B16D0302B18D8202B0AD0B7
:10522000202B14D8002B02D0102B08D00FE0002325
:1052300087F8233042E0022387F823303EE004233E
:1052400087F823303AE0082387F8233036E010232C
:1052500087F8233032E0FB681B683F4A93422AD12B
:105260003F4BD3F8883003F44063B3F5406F1AD056
:10527000B3F5406F1BD8B3F5006F0CD0B3F5006FDA
:1052800015D8002B03D0B3F5806F08D00FE00023B2
:1052900087F8233012E0022387F823300EE004233E
:1052A00087F823300AE0082387F8233006E010232C
:1052B00087F8233002E0102387F82330FB681B684F
:1052C000254A934240F08A8097F82330082B24D84F
:1052D00001A252F823F000BFFD1043001B11430050
:1052E000051143001B1143000B1143001B11430028
:1052F0001B1143001B11430013114300FCF7A0FCDA
:10530000F86110E0194BFB610DE0FCF701FCF8615E
:1053100009E04FF40043FB6105E00023FB6101233A
:1053200087F8223000BFFB69002B00F00981FB6881
:105330005A6813465B001344FA699A4205D3FB6826
:105340005B681B03FA699A4212D9012387F822305D
:10535000F6E000BFF369FFEF008000400038014035
:105360000010024000440040004800400024F400C7
:10537000FB6900221C4615464FF000024FF0000367
:105380002B0243EA14632202F968496849080020A5
:105390008846814612EB080A43EB090BFB685B6801
:1053A00000223B607A60D7E9002350465946EFF768
:1053B000A3FE02460B461346BB61BB69B3F5407FB3
:1053C00008D3BB69B3F5801F04D2FB681B68BA69B8
:1053D000DA60B5E0012387F82230B1E0FB68DB69D1
:1053E000B3F5004F5DD197F82330082B27D801A2E1
:1053F00052F823F0191243002112430029124300EE
:105400003F1243002F1243003F1243003F1243005C
:105410003F12430037124300FCF712FCF86114E01E
:10542000FCF724FCF86110E04C4BFB610DE0FCF74D
:105430006FFBF86109E04FF40043FB6105E00023D6
:10544000FB61012387F8223000BFFB69002B77D076
:10545000FB695A00FB685B685B081A44FB685B6881
:10546000B2FBF3F3BB61BB690F2B16D9BB69B3F574
:10547000803F12D2BB699BB223F00F03FB82BB6952
:105480005B089BB203F007039AB2FB8A1343FB82CB
:10549000FB681B68FA8ADA6052E0012387F8223041
:1054A0004EE097F82330082B27D801A252F823F0BA
:1054B000D5124300DD124300E5124300FB12430006
:1054C000EB124300FB124300FB124300FB124300AC
:1054D000F3124300FCF7B4FBF86114E0FCF7C6FBE1
:1054E000F86110E01D4BFB610DE0FCF711FBF8616A
:1054F00009E04FF40043FB6105E00023FB61012359
:1055000087F8223000BFFB69002B19D0FB685B686D
:105510005A08FB691A44FB685B68B2FBF3F3BB6192
:10552000BB690F2B09D9BB69B3F5803F05D2BB69B5
:105530009AB2FB681B68DA6002E0012387F8223028
:10554000FB6800225A66FB6800229A6697F82230B0
:1055500018462837BD46BDE8B08F00BF0024F400D0
:1055600080B483B000AF78607B685B6A03F00103AE
:10557000002B0AD07B681B685B6823F400317B68D2
:105580009A6A7B681B680A435A607B685B6A03F00F
:105590000203002B0AD07B681B685B6823F4803110
:1055A0007B68DA6A7B681B680A435A607B685B6ABF
:1055B00003F00403002B0AD07B681B685B6823F4AC
:1055C00080217B681A6B7B681B680A435A607B6882
:1055D0005B6A03F00803002B0AD07B681B685B68DA
:1055E00023F400417B685A6B7B681B680A435A604E
:1055F0007B685B6A03F01003002B0AD07B681B6892
:105600009B6823F480517B689A6B7B681B680A4314
:105610009A607B685B6A03F02003002B0AD07B68EA
:105620001B689B6823F400517B68DA6B7B681B68FE
:105630000A439A607B685B6A03F04003002B1AD030
:105640007B681B685B6823F480117B681A6C7B683D
:105650001B680A435A607B681B6CB3F5801F0AD134
:105660007B681B685B6823F4C0017B685A6C7B68AD
:105670001B680A435A607B685B6A03F08003002B57
:105680000AD07B681B685B6823F400217B689A6CF6
:105690007B681B680A435A6000BF0C37BD465DF843
:1056A000047B704780B586B002AF78607B680022CB
:1056B000C3F88020F8F7B8FBF8607B681B681B68AC
:1056C00003F00803082B0ED16FF07E430093FB68B4
:1056D00000224FF40011786800F02DF80346002BEB
:1056E00001D0032323E07B681B681B6803F00403DD
:1056F000042B0ED16FF07E430093FB6800224FF421
:105700008001786800F017F80346002B01D00323CE
:105710000DE07B6820229A677B682022DA677B682D
:1057200000221A667B68002283F874200023184642
:105730001037BD4680BD80B59CB000AFF860B96041
:105740003B601346FB71A5E0BB6FB3F1FF3F00F078
:10575000A180F8F769FB02463B68D31ABA6F9A42F8
:1057600002D3BB6F002B3ED1FB681B683B653B6DD2
:1057700053E8003FFB64FB6C23F4D0737B66FB684B
:105780001B681A467B6EFB65BA65B96DFA6D41E818
:1057900000237B657B6D002BE6D1FB681B6808331B
:1057A000FB63FB6B53E8003FBB63BB6B23F0010360
:1057B0003B66FB681B6808333A6EBA647B64796C9D
:1057C000BA6C41E800233B643B6C002BE5D1FB68DD
:1057D00020229A67FB682022DA67FB68002283F8A0
:1057E0007420032367E0FB681B681B6803F0040355
:1057F000002B4FD0FB681B68DB6903F40063B3F533
:10580000006F47D1FB681B684FF400621A62FB68A7
:105810001B68BB62BB6A53E8003F7B627B6A23F470
:10582000D073FB66FB681B681A46FB6E7B633A63AA
:10583000396B7A6B41E80023FB62FB6A002BE6D1EF
:10584000FB681B6808337B617B6953E8003F3B6161
:105850003B6923F00103BB66FB681B680833BA6E23
:105860003A62FB61F9693A6A41E80023BB61BB69AE
:10587000002BE5D1FB6820229A67FB682022DA67BB
:10588000FB682022C3F88020FB68002283F8742084
:10589000032310E0FB681B68DA69BB681340BA6831
:1058A0009A420CBF01230023DBB21A46FB799A42CD
:1058B0003FF44AAF002318467037BD4680BD000054
:1058C00080B596B000AFF860B9601346FB80FB6806
:1058D000BA685A65FB68FA88A3F85820FB6800226A
:1058E000C3F88020FB682222DA67FB681B6F002B5D
:1058F0002BD0FB681B6F424ADA62FB681B6F414A80
:105900001A63FB681B6F404A5A63FB681B6F0022D7
:105910009A63FB68186FFB681B6824331946FB68A1
:105920005B6D1A46FB88FAF793FF0346002B0CD0F9
:10593000FB681022C3F88020FB68002283F87420E3
:10594000FB682022DA67012355E0FB68002283F818
:105950007420FB681B69002B18D0FB681B68FB6375
:10596000FB6B53E8003FBB63BB6B43F480737B6509
:10597000FB681B681A467B6DBB647A64796CBA6CF1
:1059800041E800233B643B6C002BE6D1FB681B68BD
:105990000833BB62BB6A53E8003F7B627B6A43F01B
:1059A00001033B65FB681B6808333A6D7A633B6310
:1059B000396B7A6B41E80023FB62FB6A002BE5D16F
:1059C000FB681B6808337B617B6953E8003F3B61E0
:1059D0003B6943F04003FB64FB681B680833FA6CC7
:1059E0003A62FB61F9693A6A41E80023BB61BB692D
:1059F000002BE5D1002318465837BD4680BD00BFB7
:105A0000D5194300F91A4300311B430080B489B013
:105A100000AF78607B681B68FB60FB6853E8003F61
:105A2000BB60BB6823F0C003FB617B681B681A4640
:105A3000FB69BB617A617969BA6941E800233B611E
:105A40003B69002BE6D17B6820229A6700BF243790
:105A5000BD465DF8047B704780B495B000AF7860B8
:105A60007B681B687B637B6B53E8003F3B633B6B4E
:105A700023F49073FB647B681B681A46FB6C3B64E1
:105A8000FA63F96B3A6C41E80023BB63BB6B002BF4
:105A9000E6D17B681B6808333B623B6A53E8003FF2
:105AA000FB61FB6923F00103BB647B681B6808335F
:105AB000BA6CFA62BB62B96AFA6A41E800237B6297
:105AC0007B6A002BE5D17B681B6E012B18D17B68AC
:105AD0001B68FB60FB6853E8003FBB60BB6823F0BA
:105AE00010037B647B681B681A467B6CBB617A6120
:105AF0007969BA6941E800233B613B69002BE6D133
:105B00007B682022DA677B6800221A667B680022A5
:105B10005A6600BF5437BD465DF8047B704780B5B8
:105B200090B000AF78607B689B6AFB637B681B6802
:105B30001B6803F02003002B37D1FB6B0022A3F876
:105B40005220FB6B1B6808337B627B6A53E8003F83
:105B50003B623B6A23F08003BB63FB6B1B6808332B
:105B6000BA6B3A63FB62F96A3A6B41E80023BB62A5
:105B7000BB6A002BE5D1FB6B1B683B613B6953E8BB
:105B8000003FFB60FB6843F040037B63FB6B1B68DB
:105B90001A467B6BFB61BA61B969FA6941E8002377
:105BA0007B617B69002BE6D102E0F86BF2F7A2FE85
:105BB00000BF4037BD4680BD80B584B000AF78607F
:105BC0007B689B6AFB60F868FFF744FA00BF1037F8
:105BD000BD4680BD80B59CB000AF78607B689B6A95
:105BE000FB667B681B681B6803F02003002B70D1E9
:105BF000FB6E0022A3F85A20FB6E1B68FB64FB6C53
:105C000053E8003FBB64BB6C23F48073BB66FB6E40
:105C10001B681A46BB6EBB657A65796DBA6D41E843
:105C200000233B653B6D002BE6D1FB6E1B68083300
:105C3000BB63BB6B53E8003F7B637B6B23F00103CB
:105C40007B66FB6E1B6808337A6E7A643B64396C42
:105C50007A6C41E80023FB63FB6B002BE5D1FB6E04
:105C60001B6808337B627B6A53E8003F3B623B6AF8
:105C700023F040033B66FB6E1B6808333A6E3A63C1
:105C8000FB62F96A3A6B41E80023BB62BB6A002BF6
:105C9000E5D1FB6E2022DA67FB6E1B6E012B18D15B
:105CA000FB6E1B683B613B6953E8003FFB60FB6890
:105CB00023F01003FB65FB6E1B681A46FB6DFB614E
:105CC000BA61B969FA6941E800237B617B69002BFD
:105CD000E6D1FB6E1B6E012B07D1FB6EB3F858307B
:105CE0001946F86EF2F778FE02E0F86EF2F720FE41
:105CF00000BF7037BD4680BD80B584B000AF78600E
:105D00007B689B6AFB60FB681B6E012B09D1FB68FB
:105D1000B3F858305B089BB21946F868F2F75CFE9E
:105D200002E0F868FFF7A0F900BF1037BD4680BD5C
:105D300080B586B000AF78607B689B6A7B617B69C9
:105D40009B6F3B617B69DB6FFB607B691B689B68BA
:105D500003F08003802B09D13B69212B06D17B699D
:105D60000022A3F852207869FFF750FE7B691B6878
:105D70009B6803F04003402B09D1FB68222B06D11E
:105D80007B690022A3F85A207869FFF765FE7B69DA
:105D9000D3F8803043F010027B69C3F88020786923
:105DA000FFF76CF900BF1837BD4680BD80B584B0E1
:105DB00000AF78607B689B6AFB60FB680022A3F8F9
:105DC0005A20FB680022A3F85220F868FFF756F922
:105DD00000BF1037BD4680BD80B588B000AF786089
:105DE0007B681B68FB60FB6853E8003FBB60BB68D7
:105DF00023F04003FB617B681B681A46FB69BB61AB
:105E00007A617969BA6941E800233B613B69002BFB
:105E1000E6D17B6820229A677B6800229A667868C0
:105E2000F2F768FD00BF2037BD4680BD80B483B067
:105E300000AF786000BF0C37BD465DF8047B70474B
:105E400080B58CB000AFF860B9601346FB80FB688A
:105E5000DB6F202B4AD1BB68002B02D0FB88002BC4
:105E600001D1012343E0FB6893F87430012B01D189
:105E700002233CE0FB68012283F87420FB680122C6
:105E80001A66FB881A46B968F868FFF719FD0346D9
:105E900087F82F3097F82F30002B24D1FB681B6E2A
:105EA000012B1DD1FB681B6810221A62FB681B685E
:105EB000BB61BB6953E8003F7B617B6943F0100322
:105EC000BB62FB681B681A46BB6A7B623A62396A2E
:105ED0007A6A41E80023FB61FB69002BE6D102E00E
:105EE000012387F82F3097F82F3000E0022318465F
:105EF0003037BD4680BD0000024B0146186800F0F7
:105F00002DB800BF6C010020024B0146186800F05C
:105F100071BE00BF6C01002070B50F4E0C46316899
:105F2000054611B900F0E0FD30602146284600F03A
:105F3000DBFD431C03D14FF0FF34204670BDC41C71
:105F400024F00304A042F8D0211A284600F0CCFD2A
:105F50000130F2D1EFE700BF9C2800202DE9F84383
:105F6000CD1C25F0030508350C2D38BF0C25002D60
:105F7000064601DBA94204D90C2333600020BDE8AA
:105F8000F883DFF8D48000F069F8D8F800301C46B8
:105F900044BB29463046FFF7BFFF431C044658D197
:105FA000D8F800402746002F43D1002C4BD023685F
:105FB0003946304604EB030900F096FD814542D195
:105FC00021686D1A29463046FFF7A6FF01303AD006
:105FD00023682B442360D8F800305A6862BBC8F8A5
:105FE00000700FE02268521B20D40B2A17D96119C8
:105FF000A342256018BF5960636808BFC8F8001045
:1060000062514B60304600F02FF804F10B00231D65
:1060100020F00700C21A1CBF1B1AA350AFE762682A
:10602000A3420CBFC8F800205A60EBE7234664681F
:10603000AEE73C467F68B6E71A465B68A342FBD1F1
:1060400000235360DEE70C233360304600F00CF889
:1060500094E70560D6E700BFA0280020014800F0C3
:1060600091BD00BF0A2A0020014800F08DBD00BF8D
:106070000A2A0020002310B50446C0E90033C0E915
:106080000433836081814366C2818361194608229B
:106090005C3000F0F6F80D4B63620D4BA3620D4BC4
:1060A000E3620D4B23630D4B24629C4206D003F147
:1060B0006802944202D0D0339C4205D104F15800CA
:1060C000BDE8104000F05CBD10BD00BFF91F4300EB
:1060D0001F204300572043007B204300A4280020BA
:1060E000024A0349034800F069B800BF5801002084
:1060F000253043007001002041680C4B994210B5D7
:10610000044601D001F08EF8A168094B994202D0F3
:10611000204601F087F8E168064B994204D02046FA
:10612000BDE8104001F07EB810BD00BFA4280020DB
:106130000C2900207429002010B50B4B0B4C0C4A85
:106140001A60204600220421FFF794FF04F1680042
:1061500001220921FFF78EFF04F1D0000222BDE8E1
:1061600010401221FFF786BFDC290020A428002060
:10617000E11E4300014800F005BD00BF0B2A0020CE
:10618000014800F001BD00BF0B2A002010B50446F5
:10619000FFF7F0FF236A1BB1BDE81040FFF7F0BF27
:1061A000044B2362044B1B68002BF5D1FFF7C4FF9F
:1061B000F2E700BFF91E4300DC2900202DE9F84377
:1061C0000746884614460026D4E90195B9F101092D
:1061D00005D52468002CF7D13046BDE8F883AB899B
:1061E000012B07D9B5F90E30013303D029463846C3
:1061F000C04706436835E9E710B50C46B1F90E1003
:1062000000F060FC0028ABBF636DA3891B1823F46A
:106210008053ACBF6365A38110BD002070472DE99A
:10622000F0411F468B89DB0505460C46164605D511
:10623000B1F90E100223002200F032FCA389B4F958
:106240000E1023F48053A38132463B462846BDE816
:10625000F04100F059BC10B50C46B1F90E1000F039
:106260001FFC431CA38915BF606523F4805343F4CE
:106270008053A38118BFA38110BDB1F90E1000F0A7
:10628000FFBB02440346934200D1704703F8011B51
:10629000F9E7000038B50B4B1D686B6B044653B92A
:1062A0002420FFF729FE0246686320B9064B074801
:1062B000322100F081FC696B2046BDE8384000F0D7
:1062C00007B800BF6C010020C0404300D740430026
:1062D0002DE9F0410C46074601F01CF82146054621
:1062E000384601F01BF843699907044603F26C78BD
:1062F00006D1642298FBF2F302FB1383002B71D1C9
:106300004FF4C87298FBF2F302FB1383B3FA83F3E2
:106310005B095E42644B06F030061E4400F07CF9D7
:1063200000F086F9614B1B68002B6AD06B6843450F
:106330005AD1D7E900232F68D5E90801002F5BD196
:10634000824273EB01015EDB012323622B6D6168E6
:106350004FF4616293FBF2F002FB10333C2293FB9B
:10636000F2F502FB153223689B1AA2682360491BD1
:10637000121A3B2B6160A26051DD013161603C3B30
:10638000236063683B2B50DD0132A2603C3B6360BD
:10639000A368172B4FDDE2690132E261A269013285
:1063A000072AA8BF0022A261E268183B0132A3605D
:1063B0002369E26056F823108A420EDD0B2BA2EB14
:1063C0000102E26003F1010209BF63692261002258
:1063D000013302BF22616361E26100F023F92046CC
:1063E000BDE8F081012394E7404600F061F8002801
:1063F0009FD14FF0FF3304E0824273EB010102DAD8
:106400000023236209E0D5E9120182428B41B4BF27
:10641000012300232362002B98D1AB6A97E7002B5E
:10642000AFDA013961603C33AAE7002BB0DA013AF8
:10643000A2603C33ABE7002BCFDAE269013AE261BC
:10644000A269013A48BF0622A261E2681833013A04
:10645000E260A360002AC0D12369013B05D4236117
:10646000236956F82330E360B7E70B2323616369A0
:106470005A1E6261920703F26B7305D1642193FB8C
:10648000F1F201FB123262B94FF4C87293FBF2F1E0
:1064900002FB1133B3FA83F35B0903F5B673E361CF
:1064A000DEE70123F9E700BF08424300002A00208D
:1064B0002DE9F843044600F02DFF40F2B1739C42F1
:1064C00040F3A3806FF4F6616518A4F2B27340F252
:1064D0006D12AD1002FB03556FF4C8666FF06302D6
:1064E000A4F26D7393FBF2F31D44A319484E44606C
:1064F0004FF4C8720146B3FBF2F300F150071D449C
:106500000B7AD1F814C04A2B38D1A20705EB0C0343
:1065100006D14FF0640E94FBFEF20EFB124232B92C
:106520004FF4C87E94FBFEF20EFB12421ABBBCF184
:106530003B0FD4BF4FF0000C4FF0010C6344013B04
:106540008A694FEAE27CC3FB062C8B6AD2184CEBBB
:10655000E373C1E9082328318F42D1D1D0E9084340
:10656000D0E912128C429341B4BF0123002303608F
:106570000120BDE8F8834FF0000CDFE7442B02D187
:1065800005EB0C03DCE7A30705D1642294FBF2F3CF
:1065900002FB134393BB4FF4C87294FBF2F302FB6C
:1065A0001343B3FA83F35B09DFF868E0D1F80C908A
:1065B0005B4203F030032A464FF00008734408F1B1
:1065C0000108C14553F828E01ADC02F1040807234A
:1065D00098FBF3F3C3EBC303A8EB0303BCEB030C7F
:1065E0000B6903F1FF3348BF0CF1070CC3EBC30386
:1065F0009C44F44506DA02EB0C03A1E70123D3E740
:106600007244DCE7ACF1070CF3E70020B1E700BF10
:106610008051010004424300014800F0B2BA00BFBB
:10662000082A0020014800F0AEBA00BF082A002066
:10663000014B186800F002B86C0100202DE9F04F02
:106640008DB0074600F066FEBC49BD4D0446384695
:1066500000F056FB064610BBBA4BBB4A1860BB4B5A
:10666000A0621860BA4B2065C3E900224A210022CB
:106670000023C4E90300C4E90500C4E90D00C4E92E
:106680000F00C4E90823C4E912232868217284F8A2
:106690003010FFF739FC2E600DB0BDE8F08F29688F
:1066A000002940F08E802868FFF72EFC3046EDF779
:1066B00099FE411C3846FFF751FC2860002840F045
:1066C0008680A24ADFF88882DFF878A20023136070
:1066D000A04ACAF8003000200021C8E90022C4E91D
:1066E0000333C4E90533C4E90801C4E90D33C4E93F
:1066F0000F33C4E912014A222272A36284F83020C7
:10670000236533783A2B08BF013633783C2B62D1AE
:10671000751C914A91490AAB284600F0BDFD00283E
:10672000BADD0A9BDA1E072AB6D8EB5C3E2BB3D142
:1067300002360A9BF518F35C2D2B5AD101354FF028
:10674000FF390023ADF81E30ADF8203008AF0AAB9A
:10675000CDE9013703930DF11E03009380490AAB85
:1067600007AA284600F098FD002895DDBDF81E30E8
:10677000BDF820603C2202FB0366BDF81C304FF4DC
:10678000616202FB03660A9B09FB06F605EB03093F
:10679000EB5C3C2B40F0EE8009F10105714A6F493A
:1067A0000AAB284600F078FD002828DC99F8013073
:1067B0003E2B24D1684BA662C8E90033CAF80060BA
:1067C0006AE7EDF705FE00287FF46DAF64E7314618
:1067D00000F0DBF975E7604A63490AAB304600F028
:1067E0005BFD00287FF758AF0A9B033B072BA0D91E
:1067F00052E72B2B08BF01354FF00109A1E70A9B97
:10680000DA1E072A3FF648AFEB5C3E2B7FF444AF1D
:1068100009F102090A9B09EB030519F803302D2B36
:1068200040F0B78001354FF0FF390023ADF81C3040
:10683000ADF81E30ADF820300A930AABCDE90273F3
:1068400001930DF11E03009345490AAB07AA2846A0
:1068500000F022FD002800F3A280A6F561630493F6
:106860000A9B27461D444FF0000B2B782C2B08BFAA
:10687000013595F80090B9F14D0F40F0A3800AABB7
:106880000DF12602CDE9013209AA0092374903939E
:106890000DF12202284600F0FFFC03287FF4FCAE35
:1068A000BDF822104B1E0B2B3FF6F6AEBDF8242090
:1068B000531E042B3FF6F0AEBDF82630062B3FF6F4
:1068C000EBAEC7E9031287F808907B610A9B05EBE2
:1068D000030900254FF00203ADF81C30ADF81E503F
:1068E000ADF820500A9599F800302F2B40F0968093
:1068F0000AAB08AACDE901320DF11E0200921C4933
:10690000039307AA484600F0C7FCA84200F386801C
:106910004A2100220023C4E90355C4E90555C4E90E
:106920000823C4E90D55C4E90F55C4E912232172A7
:10693000A56284F830102565AEE600BF3041430003
:10694000E0290020FC29002033414300002A0020D8
:1069500064010020B9414300F02900203741430081
:106960006C414300E42900204A4143005841430060
:106970006B4143003E4A3F490AAB484600F08CFC5D
:1069800000287FF717AF0A9B033B072B7FF642AF28
:1069900082E62B2B08BF01354FF0010945E7BDF812
:1069A0001E20BDF820303C2101FB0233BDF81C2025
:1069B0004FF4616101FB023309FB03F34FE74FF032
:1069C000010B52E7B9F14A0F06BF01354B4644238C
:1069D0000A220BA92846059300F00AFADDF82C904C
:1069E000059BADF82600A94514D14D23BBF1000F3E
:1069F00007D1237203210223C4E90313C4F814B09E
:106A000067E784F830300B220123C4E90D2300230B
:106A1000E3635EE780B23B7278615AE7BDF81E20FF
:106A2000BDF820303C2101FB0233BDF81C204FF49F
:106A3000616101FB0233BB610A9D28374D44BBF104
:106A4000000FBCD0049B23650B4BC8F80030606876
:106A5000074BA662C8F80430FFF72AFDA26A236D2F
:106A6000CAF800209B1A054A18BF0123136013E6D9
:106A7000E42900204A414300F0290020002A002098
:106A800038B5064D0023044608462B60F7F79EF8FC
:106A9000431C02D12B6803B1236038BD042A0020B7
:106AA00038B5074D04460846114600222A601A46AA
:106AB000F7F7B3F8431C02D12B6803B1236038BD4C
:106AC000042A002038B5074D044608461146002226
:106AD0002A601A46F7F741F8431C02D12B6803B12C
:106AE000236038BD042A002038B5064D0023044633
:106AF00008462B60F7F79EF8431C02D12B6803B1C0
:106B0000236038BD042A002038B5074D04460846E6
:106B1000114600222A601A46F7F73CF8431C02D1BE
:106B20002B6803B1236038BD042A0020014B18688C
:106B3000704700BF6C01002070B50D4D0D4C641BFB
:106B4000A4100026A64209D10B4D0C4C01F082FB8B
:106B5000641BA4100026A64205D170BD55F8043B65
:106B600098470136EEE755F8043B98470136F2E7BF
:106B70007443430074434300744343007843430029
:106B800070477047704770477047034611F8012BF4
:106B900003F8012B002AF9D170470A44914200F111
:106BA000FF3300D1704710B511F8014B03F8014FC6
:106BB0009142F9D110BD00001FB514461A46094B89
:106BC0001B680546D8684CB1074B0091CDE90134EC
:106BD00006492B4600F04EFB00F046FC044B1C46D9
:106BE000F3E700BF6C0100207E4143008B4143006E
:106BF000B941430038B50546002941D051F8043C5D
:106C00000C1F002BB8BFE418FFF728FA1D4A1368C1
:106C100033B9636014602846BDE83840FFF724BAF2
:106C2000A34208D9206821188B4201BF19685B680C
:106C300009182160EDE71A465B680BB1A342FAD947
:106C400011685018A0420BD12068014450188342AB
:106C50001160E0D118685B68536008441060DAE79F
:106C600002D90C232B60D6E7206821188B4204BF81
:106C700019685B68636004BF091821605460CAE743
:106C800038BD00BFA02800202DE9F84FDFF86CA028
:106C900006468946174600F0EFFBDAF8004034B1AB
:106CA0004B46984613F8012B3AB13D2AF9D13046AC
:106CB00000F0E8FB0020BDE8F88FA8EB0908A34628
:106CC00054F8040B0028F2D04246494600F010FB6D
:106CD0000028F4D154F8043C03EB080513F80830FD
:106CE0003D2BECD1DAF80030ABEB03039B103046C0
:106CF0003B6000F0C7FB681CDDE700BF48010020D7
:106D000007B501AAFFF7C0FF03B05DF804FB000060
:106D10002DE9F043344E86460D46284615F8014BC2
:106D2000375D17F00807F8D12D2C10D12C780127EA
:106D3000851C33F0100015D1302C0DD1287800F0CF
:106D4000DF00582808D16C78023510230AE02B2C7C
:106D500004BF2C78851CECE7002BF6D1302C14BF37
:106D60000A2308234FF0FF380026B8FBF3F803FB93
:106D700008F96FEA09093046A4F1300CBCF1090F9B
:106D800010D86446A3421EDDB6F1FF3F07D0804510
:106D900016D301D1A14513DB00FB0340012615F8F2
:106DA000014BE9E7A4F1410CBCF1190F01D8373CC4
:106DB000E8E7A4F1610CBCF1190F04D8573CE1E7F6
:106DC0004FF0FF36EBE7731C06D12223CEF80030DC
:106DD000304632B9BDE8F08307B14042002AF9D00D
:106DE00006B1691E1160F5E769424300FFF790BFE5
:106DF00013460A46014602480068FFF789BF00BFF4
:106E00006C0100202DE9F047164698468A680B6908
:106E1000DDF820909342B8BF1346336091F84320C9
:106E200007460C460AB1013333602368990642BF16
:106E3000336802333360256815F0060506D104F186
:106E4000190AE36832689B1AAB4226DC94F8433097
:106E50002268003B18BF012392062BD404F14302A1
:106E600041463846C84701301ED02368226903F0E6
:106E70000603042B02BFE5683368ED1AA3680CBF54
:106E800025EAE57500259342C4BF9B1AED1800263C
:106E90001A34B5421AD1002008E001235246414677
:106EA0003846C847013003D14FF0FF30BDE8F087C6
:106EB0000135C6E7E1185A1C302081F8430022440E
:106EC00094F8451082F843100233C7E701232246A5
:106ED00041463846C8470130E6D00136D9E70000C0
:106EE0002DE9FF470F7E0C9E782F914680460C4679
:106EF0009A4601F1430207D8622F0AD8002F00F00A
:106F0000D180582F00F0B88004F1420684F8427016
:106F10003AE0A7F16303152BF6D801A151F823F04D
:106F2000792D43008D2D4300092D4300092D430089
:106F3000092D4300092D43008D2D4300092D4300E9
:106F4000092D4300092D4300092D43008B2E4300DA
:106F5000B72D4300452E4300092D4300092D430062
:106F6000AD2E4300092D4300B72D4300092D4300EA
:106F7000092D43004D2E430033681A1D1B683260F3
:106F800004F1420684F8423001239CE03368206813
:106F9000191D3160060601D51D6803E04506FBD5C5
:106FA000B3F90050002D03DA2D236D4284F84330ED
:106FB00058480A2311E021683368080653F8045B37
:106FC00002D4490648BFADB26F2F5248336014BF98
:106FD0000A230823002184F843106668A660002E67
:106FE00005DB21682E4321F0040121604BD01646B9
:106FF000B5FBF3F103FB1157C75D06F8017D2F4682
:10700000BB420D46F4D9082B0BD12368DF0708D506
:10701000236961689942DEBF302306F8013C06F11E
:10702000FF36921B2261CDF800A04B4603AA2146F1
:107030004046FFF7E7FE01304AD14FF0FF3004B081
:10704000BDE8F087236843F02003236032487827A7
:1070500084F84570236831681F0651F8045B02D438
:107060005F0648BFADB23160D90744BF43F020038B
:1070700023601DB11023ADE72648E9E7236823F01C
:1070800020032360F6E71646BDE73368256861698B
:10709000181D30602E061B6801D5196002E06806D5
:1070A000FBD51980002323611646BCE733681A1DFF
:1070B00032601E68626800213046EDF7A1F908B120
:1070C000801B606063682361002384F84330AAE773
:1070D0002369324649464046D0470130ADD0236847
:1070E0009B0713D4E068039B9842B8BF1846A6E7F5
:1070F0000123324649464046D04701309DD00135F4
:10710000E36803995B1AAB42F2DCEBE7002504F17C
:107110001906F5E7BA414300CB414300B1F90C2011
:107120002DE9F041160705460C4654D44B68002B58
:1071300002DC0B6C002B48DDE66A002E45D00023F4
:1071400012F480522F68216A2B6030D0626DA389BF
:10715000590705D56368D21A636B0BB1236CD21A39
:107160000023E66A216A2846B047431CA38906D15A
:1071700029681D292BD82A4ACA40D60727D50022BC
:107180006260D9042269226004D5421C01D12B68B7
:1071900003B96065616B2F60B9B104F14403994292
:1071A00002D02846FFF726FD002363630DE001238C
:1071B0002846B0470246501CC9D12B68002BC6D0C8
:1071C0001D2B01D0162B1ED12F60002022E043F092
:1071D00040031BB21BE00F69002FF6D093070E6827
:1071E00008BF4B690F6018BF0023A6EB07088B6030
:1071F000B8F1000FE9DD216AA66A43463A462846FF
:10720000B047002808DCB4F90C3043F04003A381F8
:107210004FF0FF30BDE8F0810744A8EB0008E7E736
:107220000100402038B50B6905460C4613B900250E
:10723000284638BD18B1036A0BB9FEF7A7FFB4F9A9
:107240000C30002BF3D0626ED00704D4990502D421
:10725000A06DFFF797FC28462146FFF75FFF636E9E
:10726000DA070546E4D4A3899B05E1D4A06DFFF7B6
:107270008BFCDDE70EB403B5014603AB054853F8BC
:10728000042B0068019300F02BFB02B05DF804EBC7
:1072900003B070476C0100200EB470B59DB021ACF6
:1072A00000254FF4017254F8046BADF814201B95BF
:1072B00002900690EDF796F80B4B039007900B4861
:1072C0000B934FF6FF73ADF816303246234602A9F2
:1072D00000680F951495019400F062F91DB0BDE8A7
:1072E000704003B0704700BF1B2043006C010020BA
:1072F00010B56AB10139841810F8012B11F8013F5B
:107300009A4203D1A04201D0002AF5D1D01A10BD73
:107310001046FCE700487047C00100202DE9F0410D
:107320004D4A0C460023D0E90001EDF795FE002AF6
:10733000BCBF02F5A83202F5C0724FF4616100F5DE
:107340002F20B2FBF1F301FB13224FF03C01ACBF45
:1073500000F66C2000F66B20A360B2FBF1F301FB9A
:10736000132263602260C31C072293FBF2F2C2EB7C
:10737000C2029B1A394955D50733A361A0F50E33D4
:10738000A3F52C7393FBF1F1354B03FB010048F699
:10739000AC63B0FBF3F3034440F2B45CB0FBFCF22B
:1073A0009B1A40F26D172F4AB0FBF2F264269B1A2B
:1073B000B3FBF7F2B3FBFCF3B2FBF6F5EB1A0344B5
:1073C00007FB1233992003EB8307023703F1010E09
:1073D000B7FBF0FC00FB0CF002304FF00508B0FBEF
:1073E000F8F0AEEB000040F2F95E77458CBF6FF02D
:1073F0000907022767444FF4C87C0CFB0121012FC9
:1074000098BF0131B3F5997F12D3A3F59973E36166
:10741000A1F26C710023E060C4E90471236220468C
:10742000BDE8F0810028A361A8DB90FBF1F1ABE798
:1074300012F0030F02D106FB15255DB94FF4C87594
:10744000B2FBF5F605FB1622B2FA82F252093B3383
:107450001344DCE70122FAE780510100B13A02004F
:107460004FC5FDFFB03A020008B5062000F0CEFD82
:107470000120F6F767FB00000148FFF783BB00BF60
:10748000092A00200148FFF77FBB00BF092A00201E
:107490002DE9F041074614460D4621B9BDE8F041FB
:1074A0001146FEF75BBD2AB9FFF7A4FB2546284627
:1074B000BDE8F08100F0C6FD8442064602D8B4EB78
:1074C000500FF4D821463846FEF748FD804608B9EB
:1074D0004546ECE7B4422246294628BF3246FFF72C
:1074E0005CFB29463846FFF785FBF1E738B54B1CB6
:1074F000144603D14FF0FF35284638BD938923F059
:1075000020039381636B5268CDB28BB1A36B93421E
:1075100008DD23685A1E226003F8015C63680133AA
:107520006360E9E7214600F07AFC0028F1D0E1E74A
:107530002169236851B1994208D213F8011CA9426C
:1075400004D1013B013223606260D5E7C4E90F3208
:1075500004F1440363630323A363234603F8465FF4
:1075600023600123DCE710B50C46496B69B104F1D7
:107570004403994201D0FFF73DFB236C6360002078
:10758000606313B1E36B236010BD236923600023A4
:107590006360A38943F02003A3814FF0FF30F3E73A
:1075A0002DE9F04F0C46ADF5237D0021CDE94411C6
:1075B000A649A0910DF10408A549A64FCDF8188160
:1075C0000646A191009392F80090B9F1000F00F0E7
:1075D000588117F8093013F0080302F1010519D09A
:1075E0006368002B0FDD23681A78BA5C120701D498
:1075F0002A46E8E7459A0132459262680133013A2A
:1076000062602360ECE7A19B214630469847002842
:10761000E9D0EDE7B9F1250F40F085804193439320
:1076200053782A2B02BF1023951C41930A22AA46A5
:107630001AF8011BA1F13003092B1ED9DFF818B28B
:1076400003225846ECF7DCFE38B1419AA0EB0B0060
:107650000123834013434193554615F8013B782B92
:1076600006D8572B10D8252B5DD057D8002B75D0B6
:10767000032347930A23429388E0439B02FB0311B1
:10768000303943915546D2E7A3F15802202AEFD86A
:1076900001A151F822F000BF6B3543007134430063
:1076A00071344300C53543007134430071344300E5
:1076B000713443007134430071344300713443002A
:1076C00071344300DB354300C135430023354300AB
:1076D0002335430023354300713443007D35430097
:1076E00071344300713443007134430071344300FA
:1076F000EB35430085354300633543007134430067
:1077000071344300E735430071344300C135430011
:1077100071344300713443006B354300453B022B09
:10772000A6D8052331E06368002B0DDD23681A78A5
:107730004A4540F0A680013362682360459B013AC8
:1077400001336260459353E7A19B21463046984739
:107750000028EBD04498002840F08B804FF0FF3099
:107760008BE0419A42F020024192419A42F4007229
:10777000419210226E2B429202D905E000234293DF
:10778000032302E008234293042347936368002BFA
:1077900039DD419B590604D423681A78BA5C120774
:1077A00038D4479B022B47DC6B46224641A9304622
:1077B00000F0AEF9012864D002287FF419AFC9E7C0
:1077C0000A22D7E72946404600F0F0FA419B43F0F1
:1077D0004003419305460123D7E7419B43F0400313
:1077E00041930023D1E70223CFE74198C3063FF539
:1077F000FFAE009B459A191D00911B68C0074CBF46
:107800001A801A60F4E6A19B21463046984700286A
:10781000BFD09FE7459A013245926268013A002A3B
:10782000626002DD01332360B6E7A19B214630464A
:1078300098470028B0D08DE7042B0FDC6B4622461A
:1078400041A9304600F0BEF9B4E700BFED32430075
:107850006733430069424300DC4143000A4B002B7D
:107860003FF4C6AE6B46224641A93046AFF30080D6
:10787000A0E7A3895B063FF571AF0DF5237DBDE859
:10788000F08F4498F9E700BF000000009368013BC7
:10789000002B10B4936008DA9469A34201DB0A2933
:1078A00003D15DF8044B00F0F4BA1368581C106063
:1078B000197008465DF8044B7047F8B506460F4648
:1078C0001446D518AC4201D1002007E014F8011B82
:1078D0003A463046FFF7DAFF431CF3D1F8BD00000B
:1078E0002DE9F04F0D469DB014469846064618B156
:1078F000036A0BB9FEF74AFC6B6ED90705D4AB8956
:107900009A0502D4A86DFFF73DF9AB891B0701D595
:107910002B699BB92946304600F0FAFA70B16B6EBC
:10792000DC0704D54FF0FF301DB0BDE8F08FAB8908
:107930009805F7D4A86DFFF727F9F3E7002309931B
:1079400020238DF82930CDF80C803023DFF8AC816E
:107950008DF82A304FF0010923469A4613F8012B7F
:107960000AB1252AF9D1BAEB040B0BD05B462246AB
:1079700029463046FFF7A1FF013000F0A780099AA1
:107980005A4409929AF80030002B00F09F8000239F
:107990004FF0FF32CDE905230AF1010A0493079362
:1079A0008DF853301A935446052214F8011B53489E
:1079B000ECF726FD049AD8B9D10644BF20238DF8F0
:1079C0005330130744BF2B238DF853309AF80030FF
:1079D0002A2B15D0079A544600204FF00A0C214656
:1079E00011F8013B303B092B4BD9B0B1079214E0A1
:1079F000A0EB080309FA03F313430493A246D2E76A
:107A0000039B191D1B680391002BBBBF5B4242F017
:107A1000020207930793B8BF049223782E2B0AD152
:107A200063782A2B32D1039B1A1D1B68039243EA09
:107A3000E37302340593DFF8D4A021780322504683
:107A4000ECF7DEFC38B1049BA0EB0A004022824038
:107A500013430134049314F8011B29488DF82810AE
:107A60000622ECF7CDFC00283FD0264B1BBB039B26
:107A7000073323F0070308330393099B3B4409931F
:107A80006AE70CFB02320C460120A8E70023013410
:107A9000059319464FF00A0C204610F8012B303A96
:107AA000092A03D9002BC6D00591C4E70CFB01219C
:107AB00004460123F0E703AB00932A46124B04A9C6
:107AC0003046AFF300800746781CD6D16B6ED907DD
:107AD00005D4AB899A0502D4A86DFFF755F8AB8998
:107AE0005B063FF51FAF09981EE703AB00932A46DC
:107AF000054B04A93046FFF7F3F9E4E7E041430002
:107B0000E641430000000000BB364300DC41430077
:107B10002DE9F84315468A6880460C4632B98A69D1
:107B2000002A14BF4FF0FF3201228A602268DFF87A
:107B30009090D1065FBF1A68111D19601668002762
:107B4000A06988B1012807D12B681A7863699B5C0A
:107B500053B9002F31D022E0022820D12B681B78A6
:107B600019F803301B071AD42368DA065EBF2B68A6
:107B70001B7806F8013B2A686B6801322A60A2680C
:107B8000013B013A6B600137A26042B1002BD7DCA8
:107B9000D4F880312946404698470028D0D0236841
:107BA00013F0100305D1E2680132E260A26902B16C
:107BB000337023693B4423610020BDE8F88300BF94
:107BC000694243002DE9F04F9846744B0C468246BB
:107BD000164693E8070087B003AB83E80700704BB5
:107BE000A169704A032908BF1A46A36801925A1E68
:107BF000B2F5AE7F88BF6FF4AE75274682BF03EB48
:107C0000050940F25D13A36057F81C3B43F4506331
:107C100098BF4FF0000923603D464FF0000B3168DC
:107C200003AB097853F82B000222ECF7E9FB28B3E9
:107C3000BBF1010F59D162682AB92268082142F4C8
:107C4000007261602260226822F4A0622260A26851
:107C5000511EA16092B13268511C3160127805F852
:107C6000012B7268013A002A726007DCD4F8802187
:107C7000314650469047002840F085800BF1010BBB
:107C8000BBF1030FCBD163680BB90A236360636850
:107C900045496069C91A00F089F84FF0000BA368E4
:107CA0002268002B3DD03168606991F800C010F85F
:107CB0000C00002835D0BCF1300F24D1100522D59E
:107CC0000BF1010BB9F1000F03D0013309F1FF39BA
:107CD000A3607368013B002B73601BDD33680133C5
:107CE0003360A368013BA360D9E7BBF1020FAED1BB
:107CF000226802F4C061B1F5007FC4D11021616037
:107D000042F48072A2E722F4106222600B7805F838
:107D1000013BDEE7D4F880313146504698470028D1
:107D2000DFD02368D9050DD5BD4209D915F8011C4E
:107D3000D4F87C3132465046984705F1FF394D461C
:107D4000BD4228D0226812F0100213D12A70636855
:107D5000019E39465046B047D8F8003021681A1DB8
:107D6000C8F8002011F0200F1B680FD01860E368DE
:107D70000133E3602369ED1B5D442B442361002044
:107D800007B0BDE8F08F4FF0000BCAE7CA074CBF41
:107D900018801860EBE70120F2E700BF6C40430059
:107DA000493F4300ED2B4300FD41430070B50B7884
:107DB00004465E2B0BBF4B784A1C8A1C002108BF6F
:107DC0000121013804F1FF0500F8011FA842FBD191
:107DD0000BB9501E70BD81F00101E15410460246FE
:107DE00012F8015B2D2D05D05D2D16D0002DF1D0A0
:107DF0002B46F2E746785D2EFAD0B342F8DC02302B
:107E00001A4601329642A154FBDCF21A013A5D1C7B
:107E1000B342A8BF0022AB18E1E71046DAE72DE92C
:107E2000F0410C46496B04F1440399421DD14FF4D3
:107E30008061FEF793F818B94FF0FF30BDE8F0818C
:107E40004FF48063A36394F84630606380F8FF3397
:107E500094F8453080F8FE3394F8443080F8FD33D0
:107E600000F2FD3020600020E8E7A66B77003A467C
:107E7000FFF70EFB05460028DED000EB06080146A2
:107E800032464046FEF789FEC4E90D57C4F800802B
:107E9000E9E7F8B50E461446054618B1036A0BB972
:107EA000FEF774F9A369A360A3891A0701D52369B2
:107EB00043B92146284600F02BF818B14FF0FF37A0
:107EC0003846F8BD23682269981A6369F6B283427E
:107ED000374605DC21462846FFF7A4F90028EDD1F6
:107EE000A368013BA36023685A1C22601E7062696C
:107EF000431C9A4204D0A389DB07E1D50A2EDFD1C7
:107F000021462846FFF78EF90028D9D0D6E7000091
:107F100038B5294B054618680C4618B1036A0BB9E9
:107F2000FEF734F9B4F90C30190722D4DA0607D475
:107F300009222A6043F04003A3814FF0FF3033E071
:107F4000580712D5616B41B104F14403994202D044
:107F50002846FEF74FFE00236363A38923F0240322
:107F6000A3810023636023692360A38943F008038E
:107F7000A38123694BB9A38903F42073B3F5007F70
:107F800003D02146284600F007F9B4F90C3013F06D
:107F900001020AD00022A26062695242A2612269F3
:107FA00042B913F08000C5D138BD990758BF626946
:107FB000A260F4E70020F7E76C0100201F2938B524
:107FC00005460C4604D9162303604FF0FF3038BD38
:107FD000C26B12B152F821304BB9284600F030F88C
:107FE000224601462846BDE8384000F017B8012B6C
:107FF0000AD0591C03D1162303600120E7E70021B2
:1080000042F82410204698470020E0E7024B014642
:108010001868FFF7D3BF00BF6C01002038B5074DCB
:1080200000230446084611462B60F5F77BFD431CF0
:1080300002D12B6803B1236038BD00BF042A0020A1
:10804000F5F768BD51F8043C181F002BBCBF0B5856
:10805000C0187047242B2DE9F0478646904601D87A
:10806000012B06D1FEF762FD162303600020BDE858
:10807000F08734480D462A4615F8014B065D16F088
:108080000806F8D12D2C10D12C780126951C33F040
:10809000100215D1302C0DD12A7802F0DF02582AB7
:1080A00008D16C78023510230AE02B2C04BF2C7801
:1080B000951CECE7002BF6D1302C14BF0A230823C3
:1080C00006F1004C0CF1FF3C0022BCFBF3F910461A
:1080D00003FB19CAA4F13007092F0FD83C46A3426D
:1080E0001BDD571C07D0814514D301D1A24511DBFC
:1080F00000FB0340012215F8014BEBE7A4F1410717
:10810000192F01D8373CEAE7A4F16107192F04D8E9
:10811000573CE4E74FF0FF32EDE7531C08D1222330
:10812000CEF800306046B8F1000FA0D0691E06E01E
:1081300006B14042B8F1000F99D0002AF6D1C8F834
:10814000001094E769424300FFF784BF70B50C4606
:10815000B1F90E10002996B015461E460DDAA38916
:1081600013F0800F4FF0000114BF40234FF48063E1
:10817000002031602B6016B070BD6A4600F048F8F0
:108180000028ECDB019901F47041A1F5005359423C
:1081900059414FF48063EBE78B89F7B59D0706469D
:1081A0000C4607D504F14703236023610123636173
:1081B00003B0F0BD01AB6A46FFF7C8FF009F05465C
:1081C00039463046FDF7CAFE48B9B4F90C309A0575
:1081D000EED423F0030343F00203A381E2E7A38973
:1081E000206043F08003A381019BC4E904075BB1D5
:1081F000B4F90E10304600F01DF828B1A38923F021
:10820000030343F00103A381A3891D43A581CFE7A5
:1082100038B5074D00230446084611462B60F5F794
:10822000E1FC431C02D12B6803B1236038BD00BFC1
:10823000042A002038B5064D0023044608462B606A
:10824000F5F7E0FC431C02D12B6803B1236038BD75
:10825000042A0020F8B500BFF8BC08BC9E46704751
:10826000F8B500BFF8BC08BC9E467047FF4143000C
:1082700002424300054243000000000000000000ED
:1082800001020304060708090000000001020304BC
:10829000A0860100400D0300801A060000350C0086
:1082A00040420F0080841E0000093D0000127A0049
:1082B0000024F40000366E010048E801006CDC0286
:1082C0005245454E54206D616C6C6F63207375632D
:1082D000636565646564002F6275696C642F676E01
:1082E000752D746F6F6C732D666F722D73746D3393
:1082F000325F31332E332E72656C312E3230323490
:10830000303932362D313731352F7372632F6E6528
:10831000776C69622F6E65776C69622F6C69626336
:108320002F74696D652F6C636C74696D652E6300C5
:10833000545A00474D54002531315B2D2B302D39D7
:10834000412D5A612D7A5D256E002531315B412D1D
:108350005A612D7A5D256E004D256875256E2E2596
:108360006875256E2E256875256E002F2568752584
:108370006E3A256875256E3A256875256E002C20A5
:1083800066756E6374696F6E3A200061737365720F
:1083900074696F6E2022257322206661696C6564A2
:1083A0003A2066696C6520222573222C206C696E48
:1083B00065202564257325730A0030313233343546
:1083C0003637383941424344454600303132333440
:1083D000353637383961626364656600686C4C0015
:1083E000232D302B200065666745464700412D460A
:1083F000612D66383930313233343536375D002BF4
:108400002D003030007858001F0000001C000000D4
:108410001F0000001E0000001F0000001E000000E2
:108420001F0000001F0000001E0000001F000000D1
:108430001E0000001F0000001F0000001D000000C3
:108440001F0000001E0000001F0000001E000000B2
:108450001F0000001F0000001E0000001F000000A1
:108460001E0000001F0000000020202020202020EF
:1084700020202828282828202020202020202020D4
:1084800020202020202020202088101010101010E4
:108490001010101010101010100404040404040430
:1084A00004040410101010101010414141414141CA
:1084B00001010101010101010101010101010101AC
:1084C00001010101101010101010424242424242BC
:1084D000020202020202020202020202020202027C
:1084E0000202020210101010200000000000000024
:1084F000000000000000000000000000000000007C
:10850000000000000000000000000000000000006B
:10851000000000000000000000000000000000005B
:10852000000000000000000000000000000000004B
:10853000000000000000000000000000000000003B
:10854000000000000000000000000000000000002B
:10855000000000000000000000000000000000001B
:1085600000000000000000000000000064BEFE7F6C
:1085700001000000B50142009101420028FF2A19C4
:10858000B215042728FFC56DB21503B728FFD30322
:10859000B215016E28FF5174B21503B428FF009480
:1085A000B21503A528FFE402B215013428FF742F89
:1085B000B215016E28FF5A9AB215012428FFB58220
:1085C000B215030928FF621DB21501C128C3045664
:1085D000B5013C462876AE56B5013C2428B51B565D
:1085E000B5013C7F280D8856B5013C2028BEDA56DF
:1085F000B5013C682833CB56B5013C7928C21B56DF
:10860000B5013C6228F4A256B5013C8128B225563A
:10861000B5013CDC2815F856B5013CB728FF657656
:10862000E0013C3428AC2076E0013C7828576576A0
:10863000E0013CC928587376E0013C0D28450676D8
:10864000E0013CA328CA4376E0013C562859CB46BA
:108650003A1901A92859B156B5013CA528F4554D40
:108660003A19013E2848D8BB1E190111283C36672B
:108670003A190134285F7456B5013CE72851375642
:10868000B5013C5328624556B5013C0928E4277BD7
:108690003A1901CA281E36023A1901FD284CA37E58
:1086A0000C00006D2860997E0C00009F284DA37E71
:1086B0000C00005A2856997E0C0000C02852997E62
:1086C0000C00001C9028002000093D001000000054
:1086D000010000000000000003000000A4280020AA
:1086E000334143003341430070010020000000008B
:1086F000A42800200C29002074290020000000007C
:108700000000000000000000000000000000000069
:108710000000000000000000000000000000000059
:108720000000000000000000000000000000000049
:108730000000000000000000000000000100000038
:10874000000000004A0000000000000000000000DF
:108750000000000000000000000000000000000019
:108760000000000000000000000000004A000000BF
:1087700000000000000000000000000000000000F9
:1087800000000000000000000000000000000000E9
:0487900000000000E5
:00000001FF
