:020000040800F2
:10400000FE417774010100006E0000001AD2FE69C3
:104010003030312E31300000000000000000000080
:10402000454C45434F4E00000000000000000000DA
:1040300000000000004000081B8A01080042000840
:10404000004200081B8A0108FFFFFFFF000000007C
:104050000000000000000000000000000000000060
:104060000000000000000000000000000000000050
:104070000000000000000000000000000000000040
:104080000000000000000000000000000000000030
:104090000000000000000000000000000000000020
:1040A0000000000000000000000000000000000010
:1040B0000000000000000000000000000000000000
:1040C00000000000000000000000000000000000F0
:1040D00000000000000000000000000000000000E0
:1040E00000000000000000000000000000000000D0
:1040F00000000000000000000000000000000000C0
:1041000000000000000000000000000000000000AF
:10411000000000000000000000000000000000009F
:10412000000000000000000000000000000000008F
:10413000000000000000000000000000000000007F
:10414000000000000000000000000000000000006F
:10415000000000000000000000000000000000005F
:10416000000000000000000000000000000000004F
:10417000000000000000000000000000000000003F
:10418000000000000000000000000000000000002F
:10419000000000000000000000000000000000001F
:1041A000000000000000000000000000000000000F
:1041B00000000000000000000000000000000000FF
:1041C00000000000000000000000000000000000EF
:1041D00000000000000000000000000000000000DF
:1041E00000000000000000000000000000000000CF
:1041F00000000000000000000000000000000000BF
:1042000000C000208DDF0008CDDB0008D5DB0008F2
:10421000DDDB0008E5DB0008EDDB00080000000046
:10422000000000000000000000000000F5DB0008B6
:1042300003DC00080000000011DC00081FDC00089F
:10424000DDDF0008DDDF0008DDDF0008DDDF00085E
:10425000DDDF0008DDDF00082FDC0008DDDF0008FF
:104260003DDC00084BDC0008DDDF000859DC0008FD
:104270006DDC000881DC000855AF000891AF000834
:1042800095DC0008DDDF0008A9DC0008BDDC0008C3
:10429000D1DC0008E5DC0008DDDF0008DDDF000818
:1042A000DDDF0008DDDF0008DDDF0008DDDF0008FE
:1042B000DDDF00080000000000000000DDDF000876
:1042C000DDDF0008DDDF0008DDDF0008F9DC0008C5
:1042D000DDDF00088DAE00080DDD000821DD0008DF
:1042E000DDDF0008DDDF0008000000000000000046
:1042F00000000000000000000000000000000000BE
:1043000000000000DDDF000800000000DDDF000825
:10431000000000000000000035DD0008DDDF0008BF
:10432000DDDF0008DDDF0008DDDF00084DDD00080F
:10433000DDDF0008000000000000000000000000B9
:10434000DDDF0008DDDF0008DDDF00080000000021
:1043500061DD000875DD000889DD0008DDDF00088B
:10436000DDDF0008DDDF0008DDDF00080000000001
:10437000DDDF0008DDDF00080000000000000000B5
:10438000DDDF0008DDDF0008DDDF000800000000E1
:1043900010B5054C237833B9044B13B10448AFF37F
:1043A00000800123237010BD1802002000000000CF
:1043B000DC84010808B5034B1BB103490348AFF384
:1043C000008008BD000000001C020020DC84010801
:1043D00010F8012B11F8013B012A28BF9A42F7D0AF
:1043E000D01A7047034613F8012B002AFBD1181A84
:1043F00001387047000000000000000000000000CD
:1044000001F0FF01102A2BDB10F0070F08D010F885
:10441000013B013A8B422DD010F0070F42B3F6D189
:10442000F0B441EA012141EA014122F007047FF0A2
:1044300000070023F0E80256083C85EA010586EAF9
:10444000010685FA47F5A3FA87F586FA47F6A5FA35
:1044500087F68EB9EED1F0BC01F0FF0102F0070241
:1044600032B110F8013B013A83EA010313B1F8D1EC
:104470000020704701387047002D06BF35460338CD
:10448000073815F0010F07D1013015F4807F02BF06
:10449000013015F4C03F0130F0BC0138704700BF57
:1044A00081F0004102E000BF83F0004330B54FEAE5
:1044B00041044FEA430594EA050F08BF90EA020F52
:1044C0001FBF54EA000C55EA020C7FEA645C7FEAE5
:1044D000655C00F0E2804FEA5454D4EB5555B8BF08
:1044E0006D420CDD2C4480EA020281EA030382EA79
:1044F000000083EA010180EA020281EA0303362D0B
:1045000088BF30BD11F0004F4FEA01314FF4801CDD
:104510004CEA113102D0404261EB410113F0004FEF
:104520004FEA03334CEA133302D0524263EB4303A6
:1045300094EA050F00F0A780A4F10104D5F1200E44
:104540000DDB02FA0EFC22FA05F2801841F100019F
:1045500003FA0EF2801843FA05F359410EE0A5F173
:1045600020050EF1200E012A03FA0EFC28BF4CF0A4
:10457000020C43FA05F3C01851EBE37101F000455A
:1045800007D54FF0000EDCF1000C7EEB00006EEB67
:104590000101B1F5801F1BD3B1F5001F0CD34908F1
:1045A0005FEA30004FEA3C0C04F101044FEA445248
:1045B00012F5800F80F09A80BCF1004F08BF5FEACF
:1045C000500C50F1000041EB045141EA050130BDAF
:1045D0005FEA4C0C404141EB0101013C28BFB1F5C1
:1045E000801FE9D291F0000F04BF01460020B1FA0C
:1045F00081F308BF2033A3F10B03B3F120020CDADF
:104600000C3208DD02F1140CC2F10C0201FA0CF0BC
:1046100021FA02F10CE002F11402D8BFC2F1200C21
:1046200001FA02F120FA0CFCDCBF41EA0C019040D7
:10463000E41AA2BF01EB0451294330BD6FEA040420
:104640001F3C1CDA0C340EDC04F11404C4F120020B
:1046500020FA04F001FA02F340EA030021FA04F31D
:1046600045EA030130BDC4F10C04C4F1200220FA74
:1046700002F001FA04F340EA0300294630BD21FAB2
:1046800004F0294630BD94F0000F83F4801306BF78
:1046900081F480110134013D4EE77FEA645C18BF6C
:1046A0007FEA655C29D094EA050F08BF90EA020F03
:1046B00005D054EA000C04BF1946104630BD91EAFB
:1046C000030F1EBF0021002030BD5FEA545C05D1FE
:1046D0004000494128BF41F0004130BD14F580043D
:1046E0003CBF01F5801130BD01F0004545F0FE41B1
:1046F00041F470014FF0000030BD7FEA645C1ABFE6
:10470000194610467FEA655C1CBF0B46024650EA1C
:10471000013406BF52EA033591EA030F41F4002148
:1047200030BD00BF90F0000F04BF0021704730B5CE
:104730004FF4806404F132044FF000054FF00001A3
:1047400050E700BF90F0000F04BF0021704730B564
:104750004FF4806404F1320410F0004548BF404239
:104760004FF000013EE700BF42004FEAE2014FEA8E
:1047700031014FEA02701FBF12F07F4393F07F4F69
:1047800081F06051704732F07F4208BF704793F06C
:104790007F4F04BF41F40021704730B54FF460747F
:1047A00001F0004521F000411CE700BF50EA010282
:1047B00008BF704730B54FF000050AE050EA01022B
:1047C00008BF704730B511F0004502D5404261EB9B
:1047D00041014FF4806404F132045FEA915C3FF4DC
:1047E000D8AE4FF003025FEADC0C18BF03325FEA79
:1047F000DC0C18BF033202EBDC02C2F1200300FA2A
:1048000003FC20FA02F001FA03FE40EA0E0021FA4E
:1048100002F11444BDE600BF70B54FF0FF0C4CF43C
:10482000E06C1CEA11541DBF1CEA135594EA0C0FEE
:1048300095EA0C0F00F0DEF82C4481EA030621EA29
:104840004C5123EA4C5350EA013518BF52EA033564
:1048500041F4801143F4801338D0A0FB02CE4FF016
:104860000005E1FB02E506F00042E0FB03E54FF046
:104870000006E1FB03569CF0000F18BF4EF0010E3E
:10488000A4F1FF04B6F5007F64F5407404D25FEA3A
:104890004E0E6D4146EB060642EAC62141EA5551ED
:1048A0004FEAC52040EA5E504FEACE2EB4F1FD0C2F
:1048B00088BFBCF5E06F1ED8BEF1004F08BF5FEAAD
:1048C000500E50F1000041EB045170BD06F000465F
:1048D00046EA010140EA020081EA0301B4EB5C040C
:1048E000C2BFD4EB0C0541EA045170BD41F4801104
:1048F0004FF0000E013C00F3AB8014F1360FDEBF29
:10490000002001F0004170BDC4F10004203C35DA04
:104910000C341BDC04F11404C4F1200500FA05F387
:1049200020FA04F001FA05F240EA020001F0004228
:1049300021F0004110EBD37021FA04F642EB06019E
:104940005EEA430E08BF20EAD37070BDC4F10C04C8
:10495000C4F1200500FA04F320FA05F001FA04F28C
:1049600040EA020001F0004110EBD37041F1000178
:104970005EEA430E08BF20EAD37070BDC4F1200583
:1049800000FA05F24EEA020E20FA04F301FA05F2EB
:1049900043EA020321FA04F001F0004121FA04F293
:1049A00020EA020000EBD3705EEA430E08BF20EA63
:1049B000D37070BD94F0000F0FD101F0004640009D
:1049C00041EB010111F4801F08BF013CF7D041EA1F
:1049D000060195F0000F18BF704703F00046520023
:1049E00043EB030313F4801F08BF013DF7D043EAF4
:1049F0000603704794EA0C0F0CEA135518BF95EAAA
:104A00000C0F0CD050EA410618BF52EA4306D1D130
:104A100081EA030101F000414FF0000070BD50EA4F
:104A2000410606BF1046194652EA430619D094EAD9
:104A30000C0F02D150EA013613D195EA0C0F05D1C3
:104A400052EA03361CBF104619460AD181EA030117
:104A500001F0004141F0FE4141F470014FF00000CF
:104A600070BD41F0FE4141F4780170BD70B54FF06A
:104A7000FF0C4CF4E06C1CEA11541DBF1CEA1355EA
:104A800094EA0C0F95EA0C0F00F0A7F8A4EB0504CC
:104A900081EA030E52EA03354FEA013100F08880C3
:104AA0004FEA03334FF0805545EA131343EA12638C
:104AB0004FEA022245EA111545EA10654FEA002641
:104AC0000EF000419D4208BF964244F1FD0404F5FA
:104AD000407402D25B084FEA3202B61A65EB030556
:104AE0005B084FEA32024FF480104FF4002CB6EB13
:104AF000020E75EB030E22BFB61A754640EA0C0093
:104B00005B084FEA3202B6EB020E75EB030E22BFD2
:104B1000B61A754640EA5C005B084FEA3202B6EB13
:104B2000020E75EB030E22BFB61A754640EA9C00D2
:104B30005B084FEA3202B6EB020E75EB030E22BFA2
:104B4000B61A754640EADC0055EA060E18D04FEA60
:104B5000051545EA16754FEA06164FEAC30343EA00
:104B600052734FEAC2025FEA1C1CC0D111F4801FCD
:104B70000BD141EA00014FF000004FF0004CB6E7C6
:104B800011F4801F04BF01430020B4F1FD0C88BF65
:104B9000BCF5E06F3FF6AFAEB5EB030C04BFB6EB70
:104BA000020C5FEA500C50F1000041EB045170BD63
:104BB0000EF0004E4EEA113114EB5C04C2BFD4EB90
:104BC0000C0541EA045170BD41F480114FF0000E14
:104BD000013C90E645EA060E8DE60CEA135594EA90
:104BE0000C0F08BF95EA0C0F3FF43BAF94EA0C0F93
:104BF0000AD150EA01347FF434AF95EA0C0F7FF408
:104C000025AF104619462CE795EA0C0F06D152EA5B
:104C100003353FF4FDAE1046194622E750EA41063F
:104C200018BF52EA43067FF4C5AE50EA41047FF450
:104C30000DAF52EA43057FF4EBAE12E74FF0FF3CB5
:104C400006E000BF4FF0010C02E000BF4FF0010C86
:104C50004DF804CD4FEA410C7FEA6C5C4FEA430CFF
:104C600018BF7FEA6C5C1BD001B050EA410C0CBF4E
:104C700052EA430C91EA030F02BF90EA020F0020B0
:104C8000704710F1000F91EA030F58BF994208BF17
:104C900090422CBFD8176FEAE37040F001007047D4
:104CA0004FEA410C7FEA6C5C02D150EA013C07D12B
:104CB0004FEA430C7FEA6C5CD6D152EA033CD3D076
:104CC0005DF8040B704700BF8446104662468C4670
:104CD0001946634600E000BF01B5FFF7B7FF0028A3
:104CE00048BF10F1000F01BD4DF808EDFFF7F4FFCC
:104CF0000CBF012000205DF808FB00BF4DF808ED57
:104D0000FFF7EAFF34BF012000205DF808FB00BF79
:104D10004DF808EDFFF7E0FF94BF012000205DF89B
:104D200008FB00BF4DF808EDFFF7CEFF94BF012050
:104D300000205DF808FB00BF4DF808EDFFF7C4FF49
:104D400034BF012000205DF808FB00BF4FEA41029C
:104D500012F5001215D211D56FF47873B3EB6252CD
:104D600012D94FEAC12343F0004343EA505311F0F4
:104D7000004F23FA02F018BF404270474FF0000086
:104D8000704750EA013005D111F0004008BF6FF0C4
:104D9000004070474FF00000704700BF4FEA4102EB
:104DA000B2F1E04324BFB3F5001CDCF1FE5C0DD989
:104DB00001F0004C4FEAC0024CEA5070B2F1004FD3
:104DC00040EB830008BF20F00100704711F0804FD6
:104DD00021D113F13872BCBF01F00040704741F49B
:104DE00080114FEA5252C2F11802C2F1200C10FA9F
:104DF0000CF320FA02F018BF40F001004FEAC12383
:104E00004FEAD32303FA0CFC40EA0C0023FA02F326
:104E10004FEA4303CCE77FEA625307D150EA0133FC
:104E20001EBF4FF0FE4040F44000704701F00040CC
:104E300040F0FE4040F40000704700BF80F00040AA
:104E400002E000BF81F0004142001FBF5FEA410362
:104E500092EA030F7FEA226C7FEA236C6AD04FEA62
:104E60001262D2EB1363C1BFD218414048404140A7
:104E7000B8BF5B42192B88BF704710F0004F40F459
:104E8000000020F07F4018BF404211F0004F41F475
:104E9000000121F07F4118BF494292EA030F3FD041
:104EA000A2F1010241FA03FC10EB0C00C3F1200354
:104EB00001FA03F100F0004302D5494260EB4000E3
:104EC000B0F5000F13D3B0F1807F06D340084FEA4E
:104ED000310102F10102FE2A51D2B1F1004F40EB43
:104EE000C25008BF20F0010040EA030070474900AB
:104EF00040EB0000013A28BFB0F5000FEDD2B0FA48
:104F000080FCACF1080CB2EB0C0200FA0CF0AABF6A
:104F100000EBC25052421843BCBFD0401843704708
:104F200092F0000F81F4000106BF80F4000001320E
:104F3000013BB5E74FEA41037FEA226C18BF7FEAE5
:104F4000236C21D092EA030F04D092F0000F08BF27
:104F50000846704790EA010F1CBF0020704712F00E
:104F60007F4F04D1400028BF40F00040704712F14D
:104F700000723CBF00F50000704700F0004343F0B2
:104F8000FE4040F4000070477FEA226216BF0846E8
:104F90007FEA23630146420206BF5FEA412390EAAB
:104FA000010F40F4800070474FF0000304E000BFA1
:104FB00010F0004348BF40425FEA000C08BF704752
:104FC00043F0964301464FF000001CE050EA010216
:104FD00008BF70474FF000030AE000BF50EA01022B
:104FE00008BF704711F0004302D5404261EB410118
:104FF0005FEA010C02BF84460146002043F0B6433D
:1050000008BFA3F18053A3F50003BCFA8CF2083A61
:10501000A3EBC25310DB01FA02FC634400FA02FC6A
:10502000C2F12002BCF1004F20FA02F243EB020071
:1050300008BF20F00100704702F1200201FA02FCD3
:10504000C2F1200250EA4C0021FA02F243EB0200C6
:1050500008BF20EADC7070477BB972B90029BEBF77
:1050600000204FF0004106E008BF00281CBF6FF091
:1050700000414FF0FF3000F011BAADF1080C6DE9BE
:1050800004CE002909DB002B1ADB00F08BF8DDF8D9
:1050900004E0DDE9022304B07047404261EB4101C6
:1050A000002B1BDB00F07EF8DDF804E0DDE90223D5
:1050B00004B0404261EB4101524263EB430370474D
:1050C000524263EB430300F06DF8DDF804E0DDE9E4
:1050D000022304B0404261EB41017047524263EB4E
:1050E000430300F05FF8DDF804E0DDE9022304B0DB
:1050F000524263EB4303704753B94AB9002908BFD2
:1051000000281CBF4FF0FF314FF0FF3000F0C6B950
:10511000ADF1080C6DE904CE00F044F8DDF804E0D0
:10512000DDE9022304B07047D0B5FFF71DFB0C4B3F
:10513000002206460F46FFF76FFB00F0B1F9044668
:10514000FFF7F0FA074B0022FFF766FB02460B461B
:1051500030463946FFF7A8F900F0A2F92146D0BD44
:105160000000F03D0000F041D0B50C4B0022064697
:105170000F46FFF751FB00F093F90446FFF7D2FA10
:10518000074B0022FFF748FB02460B4630463946E4
:10519000FFF78AF900F084F92146D0BD0000F03D08
:1051A0000000F0412DE9F047089D8E4604468846F0
:1051B000002B4AD18A42174662D9B2FA82F64EB122
:1051C000C6F1200301FA06F820FA03F3B74043EAD8
:1051D0000808B4404FEA174E1FFA87FCB8FBFEF1EF
:1051E000230C0EFB118843EA084301FB0CF29A42A0
:1051F00009D9FB1801F1FF3080F0EA809A4240F2B1
:10520000E78002393B449A1AA3B2B2FBFEF00EFBD0
:10521000102243EA024300FB0CFC9C4509D9FB1811
:1052200000F1FF3280F0D6809C4540F2D3803B44B1
:10523000023840EA0140A3EB0C0300211DB1F3400A
:105240000022C5E90032BDE8F0878B4205D90DB1D7
:10525000C5E9000100210846F5E7B3FA83F100290A
:1052600046D1734502D3824200F20581841A6EEB67
:10527000030201209046002DE5D0C5E90048E2E791
:10528000002A00F09080B2FA82F6002E40F0A4804E
:105290008A1A030C4FEA174E80B2BCB20121B2FB4E
:1052A000FEFC0EFB1C2243EA024304FB0CF29A4272
:1052B00007D9FB180CF1FF3802D29A4200F2E080C5
:1052C000C4469B1AB3FBFEF20EFB123340EA0343C3
:1052D00002FB04F49C4207D9FB1802F1FF3002D212
:1052E0009C4200F2CA8002461B1B42EA0C40A5E722
:1052F000C1F120068B4022FA06F71F430EFA01F493
:1053000020FA06F32EFA06FE4FEA1749234300FA65
:1053100001F81FFA87FCBEFBF9F01C0C09FB10EE2C
:1053200044EA0E4400FB0CFEA64502FA01F209D93C
:105330003C1900F1FF3A80F09C80A64540F299802C
:1053400002383C44A4EB0E041FFA83FEB4FBF9F3CD
:1053500009FB13444EEA044403FB0CFCA44508D9A2
:105360003C1903F1FF3E80F08280A4457FD9023BC7
:105370003C4443EA0040A4EB0C04A0FB02EC64456F
:105380007346E14662D35FD05DB1B8EB030264EBD4
:10539000090404FA06F622FA01F31E43CC40C5E9DB
:1053A000006400214FE7B1FBF2FC010C41EA0E4121
:1053B00080B240EA01423B4638463C46B846BE46CB
:1053C0002026B1FBF7F1A2EB080241EA0C4166E7A7
:1053D000014618E710462CE7C6F120022EFA02F328
:1053E000B740B14020FA02F24FEA174E0A43B3FB2E
:1053F000FEF8BCB20EFB1833110C41EA034108FB66
:1054000004F9B04089454FEA104380B23ED979187B
:1054100008F1FF3C01D289451FD8A1EB0901B1FB7E
:10542000FEF909FB04F80EFB191192B242EA01429F
:10543000424529D2BA1809F1FF31C4D24245C2D23D
:10544000A9F102013A44BEE7F0459DD2BEEB02034A
:105450006CEB070C0138E14696E7A7EB09094944D4
:10546000A8F1020CB1FBFEF909FB04F8DBE7734677
:105470007FE7504666E70846FDE63B44023A33E7DD
:10548000ACF1020C3B441CE749469CE7A1EB090147
:10549000C446B1FBFEF909FB04F8C4E7704700BF3E
:1054A0004A0011D212F5001211D20DD56FF47873A3
:1054B000B3EB62520ED44FEAC12343F0004343EAF8
:1054C000505323FA02F070474FF00000704750EA43
:1054D000013002D14FF0FF3070474FF000007047AD
:1054E00080B584B000AFF860B9601346FB710E4A16
:1054F000FB6813600D4ABB6813600D4AFB7913709B
:10550000094B1B687F2118460AF048FA084B1B78A4
:105510005B00184610F034FE03461A46054B1A602D
:1055200000BF1037BD4680BD340200203802002085
:105530003C0200204002002080B500AF074B1B68F2
:10554000002B08D0064B1B68044A1168054A1278E4
:10555000184609F04DF900BF80BD00BF4002002091
:10556000340200203C02002080B483B000AF034628
:10557000FB710B4B1B78FA799A420AD2094B1B68D4
:10558000002B06D0074B1A68FB795B0013441B887D
:1055900000E0002318460C37BD465DF8047B7047D9
:1055A0003C0200204002002080B582B000AF78604D
:1055B000044B1B68184609F09FF900BF0837BD4629
:1055C00080BD00BF3402002080B584B000AF786099
:1055D0007B681B68002B21D07B68012283F8CF20D9
:1055E0007B68002283F8CD207B68002283F8CE20E0
:1055F0007B6800221A717B6818687B6890333B22B5
:10560000194610F061FD0346FB73FB7B002B05D0B0
:105610007B681B6818460FF07FFEB86000BF10372C
:10562000BD4680BD80B586B000AF786000237B6149
:105630007B6893F8CD30002B2CD07B6893F8CE306C
:10564000382B23D97B6893F8CE303A2B03D17B6873
:1056500090337B6107E07B6893F8CE303B2B02D11F
:105660007B6891337B617B69002B0FD0786900F0F8
:105670003EF80346012B09D17968786900F05CF89F
:10568000786800F099F97B6801221A717B68002222
:1056900083F8CD207B6818687B6890333B221946DD
:1056A00010F012FD0346FB74FB7C002B05D07B68D9
:1056B0001B6818460FF030FEF86000BF1837BD4673
:1056C00080BD80B483B000AF78607B681B79002B0D
:1056D00001D1012305E07B6893F8483003F0010312
:1056E000DBB218460C37BD465DF8047B704780B4CA
:1056F00085B000AF78600023BB730023FB7309E023
:10570000FB7B7A6813441A78BB7B1344BB73FB7B27
:105710000133FB73FB7B382BF2D97B6839331B7861
:10572000BA7B9A4201D1012300E0002318461437C6
:10573000BD465DF8047B704780B483B000AF7860ED
:1057400039607B681B781A047B6801331B781B0265
:1057500013437A68023212781A4313469B001344AB
:105760001A463B685A627B6804331B78582B18D062
:105770007B6804331B781B027A68053212781A435F
:1057800013465B019B1A9B001A443B689A627B6834
:1057900004331B782D2B04D13B689B6A5A423B682B
:1057A0009A627B6806331B78582B18D07B680733C6
:1057B0001B781B027A68083212781A4313465B0181
:1057C0009B1A9B001A443B68DA627B6806331B789D
:1057D0002D2B04D13B68DB6A5A423B68DA627B6856
:1057E00009331B78582B18D07B680A331B781B02AF
:1057F0007A680B3212781A4313465B019B1A9B009E
:105800001A443B681A637B6809331B782D2B04D13B
:105810003B681B6B5A423B681A637B6893F82820ED
:105820003B6883F849207B681F331B781A047B6828
:1058300020331B781B0213437A68213212781343FA
:105840001A463B685A637B6825331B781A047B68C9
:1058500026331B781B0213437A68273212781343CE
:105860001A463B689A637B6822331B781A047B686C
:1058700023331B781B0213437A68243212781343B4
:105880001A463B68DA637B689A7F3B6883F8482056
:105890007B6829331B781A047B682A331B781B0228
:1058A00013437A682B32127813431A463B681A6402
:1058B0007B682C331B781A047B682D331B781B0202
:1058C00013437A682E32127813431A463B685A649F
:1058D0007B681A331B781B027A681B3212781343D9
:1058E00099B27B6818331B785A1E0B4619468900FB
:1058F0000B4499B23B68143223F822107B681C33A6
:105900001B781BB21B021AB27B681D331B781BB2BB
:1059100013431BB29BB2A3F58A739AB27B68183308
:105920001B78013B11B23A6814339B0013440A46BA
:105930005A807B685A7E3B6883F820207B6831332D
:105940001B781B027A68323212781343642202FBFE
:1059500003F31A463B681A617B6833331B781B02DA
:105960007A68343212781A4313469B0013441A465D
:105970003B685A617B6835331B781B027A68363284
:1059800012781A4313469B0013441A463B689A61E7
:105990007B6837331B781B027A68383212781A43D7
:1059A00013469B0013441A463B68DA6100BF0C376C
:1059B000BD465DF8047B704780B485B000AF786069
:1059C0007B680022A3F84A207B68B3F850207B68EC
:1059D000A3F84C200023FB7326E0FA7B7B6814328B
:1059E00033F822207B68B3F84A309A4207D9FA7B11
:1059F0007B68143233F822207B68A3F84A20FA7BB4
:105A00007B68143233F822207B68B3F84C309A421A
:105A100007D2FA7B7B68143233F822207B68A3F824
:105A20004C20FB7B0133FB73FB7B0F2BD5D900BFD5
:105A300000BF1437BD465DF8047B704780B485B065
:105A400000AFF8607A603B600B467B81FB681A68A8
:105A50007B681B681B689A4208D17B68012283F827
:105A6000CD207B89DAB27B6883F8CE20FB681A6888
:105A70003B681B681B689A4208D13B68012283F887
:105A8000CD207B89DAB23B6883F8CE2000BF143783
:105A9000BD465DF8047B704780B483B000AF034619
:105AA000FB71044AFB79137000BF0C37BD465DF8EB
:105AB000047B7047F406002080B400AF034B1B78D2
:105AC0001846BD465DF8047B704700BFF406002011
:105AD00080B582B000AF0346FB7100F085FC024642
:105AE000FB79DB0013449B79052B01D1012300E0F6
:105AF000002318460837BD4680BD80B582B000AF90
:105B00000023FB800023BB8016E0BB88DBB2184675
:105B1000FFF7DEFF0346012B08D1B7F9043001225D
:105B200002FA03F31AB2FB881343FB80B7F904307F
:105B30009BB201339BB2BB80B7F90430072BE4DD85
:105B4000B7F9063018460837BD4680BD80B582B02B
:105B500000AF7860786800F027FD034618460837E4
:105B6000BD4680BD80B582B000AF00237B6017E0EA
:105B700034497A6813465B0013449B000B44063398
:105B80001B880A3398B22F497A6813465B00134486
:105B90009B000B44063302461A807B6801337B600E
:105BA0007B68632BE4DD00237B6042E025497A6853
:105BB00013465B0013449B000B441B78012B35D12B
:105BC00020497A6813465B0013449B000B4404335E
:105BD0001B88002B2AD01B497A6813465B001344AC
:105BE0009B000B440633198816487A6813465B00FD
:105BF00013449B00034404331B88994216D3114974
:105C00007A6813465B0013449B000B4402331B88E5
:105C1000184600F0D9F80B497A6813465B00134424
:105C20009B000B44063300221A8006E07B68013398
:105C30007B607B68632BB9DD00BF00BF0837BD46C2
:105C400080BD00BF4402002080B582B000AF034693
:105C50003960FB8013467B71074B1B781A46FB8823
:105C600013449BB27A793968184600F0B3FC00BF40
:105C70000837BD4680BD00BFF406002080B485B063
:105C800000AF03460A46FB801346BB800023FB603F
:105C900038E03A49FA6813465B0013449B000B4412
:105CA00002331B88FA889A4229D1BB88002B13D073
:105CB0003249FA6813465B0013449B000B440433DB
:105CC000BA881A802D49FA6813465B0013449B007A
:105CD0000B4401221A704CE02849FA6813465B0015
:105CE00013449B000B44043300221A802349FA68B2
:105CF00013465B0013449B000B4400221A70FB68A0
:105D00000133FB60FB68632BC3DD0023FB602DE0E8
:105D10001A49FA6813465B0013449B000B441B7836
:105D2000002B20D1BB88002B1DD01449FA681346E4
:105D30005B0013449B000B440233FA881A800F491E
:105D4000FA6813465B0013449B000B440433BA8883
:105D50001A800A49FA6813465B0013449B000B44FF
:105D600001221A7005E0FB680133FB60FB68632BBE
:105D7000CEDD1437BD465DF8047B70474402002039
:105D800080B584B000AF03463960FB7107F10803AA
:105D900008223021184610F0B8FB0A4B1B783B72E2
:105DA000FB797B723B68C7F80A3007F108030822C9
:105DB00019464FF4AC60FFF747FF00BF1037BD46F0
:105DC00080BD00BFF406002080B586B000AF03465A
:105DD000FB8000237B820023FB8207F11202FB88F9
:105DE0001146184601F07AFF0346BB827B8A012BDD
:105DF00014BF01230023DBB2FB82FB881B0A9BB28A
:105E0000DBB23B72FB88DBB27B72B7F914301B123A
:105E10001BB2DBB2BB72BB8ADBB2FB72FB8A1B0A12
:105E20009BB2DBB23B73FB8ADBB27B730023BB7399
:105E30000023FB73074B1B7803F588739BB207F1B4
:105E400008010822184600F0C5FB00BF1837BD4600
:105E500080BD00BFF406002080B582B000AF0346CD
:105E6000FB710C4AFB791370FA7913469B001344BB
:105E70009B00184610F084F903461A46064B1A6038
:105E8000054B1B68002B01D106F096FF00BF0837B9
:105E9000BD4680BDFC060020F806002080B483B01B
:105EA00000AF03463960FB711346BB80234B1B7860
:105EB000FA799A423BD2224B1968FA7913469B0031
:105EC00013449B000B44FA791A701D4B1968FA7938
:105ED00013469B0013449B000B443A68DA60184B4E
:105EE0001968FA7913469B0013449B000B44BA8847
:105EF0001A82134B1968FA7913469B0013449B00CE
:105F00000B4400229A800E4B1968FA7913469B00C5
:105F100013449B000B4400225A80094B1968FA79FC
:105F200013469B0013449B000B4400229A6000BF61
:105F30000C37BD465DF8047B704700BFFC060020AF
:105F4000F806002080B584B000AF08F0B1F8B86062
:105F50000023FB736DE03C4B1968FA7B13469B00F2
:105F600013449B000B449B68BA68D31A7B607B6820
:105F7000364A93420AD9344B1968FA7B13469B0080
:105F800013449B000B4400229A801FE07B6842F27E
:105F9000107293421AD92E4A7B68B2FBF3F37B80CE
:105FA000294B1968FA7B13469B0013449B000B4452
:105FB0009B887A889A4209D2234B1968FA7B134648
:105FC0009B0013449B000B447A889A801E4B1968EF
:105FD000FA7B13469B0013449B000B44188A1A4B10
:105FE0001968FA7B13469B0013449B000B445B88A3
:105FF0001BB20122194601F0A5FE134B1968FA7B6A
:1060000013469B0013449B000B441B8A0A3398B22F
:106010000D4B1968FA7B13469B0013449B000B44FD
:106020009B881BB20122194601F08CFEFB7B0133D9
:10603000FB73084B1B78FA7B9A428CD300BF00BFDE
:106040001037BD4680BD00BFF8060020407E050029
:1060500080EE3600FC06002080B483B000AF03461B
:10606000FB710B4B1B78FA799A4209D2094B1968DC
:10607000FA7913469B0013449B000B449B8800E075
:10608000002318460C37BD465DF8047B704700BFFF
:10609000FC060020F806002080B483B000AF002387
:1060A000FB710CE00C4B1968FA7913469B00134402
:1060B0009B000B4400225A80FB790133FB71074B94
:1060C0001B78FA799A42EDD300BF00BF0C37BD466A
:1060D0005DF8047B704700BFF8060020FC06002036
:1060E00080B586B000AF0346FB8007F0E1FF386162
:1060F0000023FB7541E0264B1968FA7D13469B008F
:1061000013449B000B44DA68FB889A4232D1204B3F
:106110001968FA7D13469B0013449B000B445A8870
:10612000013292B25A801A4B1968FA7D13469B00CD
:1061300013449B000B449B683A69D31AFB60FB68CD
:10614000002B0DD0134AFB68B2FBF3F0104B19681B
:10615000FA7D13469B0013449B000B4482B29A8045
:106160000B4B1968FA7D13469B0013449B000B44AC
:106170003A699A60FB7D0133FB75074B1B78FA7D0A
:106180009A42B8D300BF00BF1837BD4680BD00BFDC
:10619000F806002080EE3600FC06002080B588B0AE
:1061A00000AF254BD3F89430FB6100237B6007F1EF
:1061B000140308220021184610F0A7F91E4BD3F84B
:1061C00094301D4A43F40003C2F8943004233B7515
:1061D00000237B75FB691B0EDBB2BB7505211748DD
:1061E0000CF03BFD0346DBB2FB75062113480CF0B7
:1061F00034FD03467B607B68BB61002205210F48AC
:106200000CF012FD002206210C480CF00DFD0623B7
:106210003B7220237B7207F10A0207F1140303CBC0
:106220001060516007F108030A21184604F08CFF42
:1062300000BF2037BD4680BD00100240302700203F
:1062400080B400AFBFF34F8F00BF064BDB6803F491
:10625000E0620449044B1343CB60BFF34F8F00BF90
:1062600000BFFDE700ED00E00400FA0580B588B04E
:1062700004AF78600B46FB700023BB73C821242059
:1062800001F080FD0346494AD3605021242001F0EB
:1062900079FD0346454A13616421202001F072FD17
:1062A0000346424A5361414BDB68002B02D03F4B0F
:1062B0001B69002B3D4A7B6893603C4AFB78137056
:1062C0003A4B41F288329A80384B00225A80374B41
:1062D00001229A62354B1B7803F5E0631A46334B73
:1062E0009A61324B0022DA61304B00225A622F4B06
:1062F00000221A620023FB7314E0FB7B2C4ADB00B4
:10630000134442F210729A80FB7B294ADB0013444B
:10631000FF229A71FB7B2649FA7B01F83320FB7B35
:106320000133FB73FB7B072BE7D9204B1B78184607
:106330001E4B99791E4AC30013440A469A711B4B9F
:106340009868BB7B0133DAB20023029300230193E8
:1063500040F20F7300934FF4E063002100F0BCF9AA
:10636000124B9868BB7B0233DAB2002302930023FE
:10637000019340F2FF6300930023012100F0ACF988
:106380000A4B9B6848F61201184609F08FFF074B2D
:106390009B681B681A68054B9B681B6822F4803257
:1063A0001A6000BF1037BD4680BD00BF0007002047
:1063B0003C07002080B500AF094B9B68184609F0E8
:1063C00044FD074B05229A71054B1B781846044B78
:1063D0009979044AC30013440A469A7100BF80BDEC
:1063E000000700203C07002080B400AF024B184695
:1063F000BD465DF8047B70473C070020B0B598B0FF
:1064000004AF40E07B6AB3F5E06F1AD37B6AB3F563
:10641000E26F16D27B6A87F84B3097F84B30072B28
:106420000FD897F84B3097F84010494ADB001344D7
:106430000A469A7197F84B30454ADB001344002214
:106440005A807B6A002B1ED197F84120414B1B7864
:106450009A4218D197F84030822B0FD0822B12DC51
:10646000812B09D0812B0EDC802B09D0802B0ADCFC
:10647000012B07D0022B06E0FFF7E2FEFFF7E0FE5C
:1064800000BF00E000BF334BDB6807F12402114678
:10649000184601F019FD0346002BB3D00023FB641E
:1064A0002EE02B4AFB6CDB0013445B880A3399B265
:1064B000274AFB6CDB0013440A465A80244AFB6CD3
:1064C000DB0013445A882249FB6CDB000B449B8899
:1064D0009A4212D91E4AFB6CDB0013449B79FF2BB6
:1064E0000BD01B4AFB6CDB00134400225A80184A75
:1064F000FB6CDB001344FF229A71FB6C0133FB64DD
:10650000FB6C072BCDDD134B5B880A339AB2114B22
:106510005A80104B5A880F4B9B889A4213D30D4BCD
:1065200000225A800B4B9A790A4B83F83020094D90
:106530006C4605F128030FCB84E80F0005F1180322
:106540000FCB00F071F800BF5037BD46B0BD00BFA3
:106550003C0700200007002090B58BB000AF114B26
:106560005B6907F108021146184601F054FC034626
:10657000002B13D10B4B98683C1D07F1080303F166
:10658000180207F10801234609F0A3FC0346002B7B
:1065900004D1044B5B69184601F06AFC00BF2C373C
:1065A000BD4690BD0007002080B582B000AF786086
:1065B000074B1B697968184601F086FC0346002BDF
:1065C00001D1012300E0002318460837BD4680BDF5
:1065D0000007002090B58FB004AF03463960FB8000
:1065E00013467B717B79BB61FB88BB600023FB603A
:1065F00000237B6100233B617A7907F1080318339C
:106600003968184610F00DFC6C4607F118030FCBE3
:1066100084E80F0007F108030FCB00F005F80346EC
:1066200018462C37BD4690BD84B080B500AF07F149
:10663000080C8CE80F00074B5B6907F1080118464E
:1066400001F07FFC00BF1846BD46BDE8804004B0A5
:10665000704700BF0007002080B58CB000AF7860A5
:1066600007F10C031C3307F10C020021786809F0D4
:106670000BFD084B9B687A689A4207D1054BDB6893
:1066800007F10C021146184601F05BFC00BF3037E1
:10669000BD4680BD0007002080B58CB000AF78609B
:1066A00007F10C031C3307F10C020121786809F093
:1066B000EBFC084B9B687A689A4207D1054B1B6933
:1066C00007F10C021146184601F03BFC00BF3037C1
:1066D000BD4680BD0007002080B58CB000AF78605B
:1066E000084611461A460346FB700B46BB7013461C
:1066F0003B800E23FB62BB78FB6100233B620023DF
:106700007B62FB78BB61BB8F5B01BB603B885B013D
:10671000FB60B7F84020BB8F1146184600F016F812
:1067200003463B613A8F3B881146184600F00EF84D
:1067300003467B610123BB6207F1080319467868B1
:1067400009F0B9FA00BF3037BD4680BD80B485B0CE
:1067500000AF03460A46FB801346BB800023FB8143
:1067600000237B7300233B7300237B7322E0FA88B2
:10677000BB8853409BB21BB2002B09DB3B7B002B39
:1067800006D1FB885B00FB80BB885B00BB800EE012
:10679000FB895B00FB8101233B73FB8943F0010311
:1067A000FB81FB885B00FB80BB885B00BB807B7B45
:1067B00001337B737B7B0F2BD9D9FB89DB439BB2E6
:1067C0005B01FB81FB8918461437BD465DF8047BED
:1067D0007047000080B483B000AF0346FB71FA79C4
:1067E000124913465B0013449B000B441B68104A7C
:1067F0001360FA790D4913465B0013449B000B4468
:1068000004331B680B4A1360FA79084913465B008E
:1068100013449B000B4408331B68074A136000BFF6
:106820000C37BD465DF8047B704700BFC4070020ED
:10683000E8070020EC070020F007002080B483B0B8
:1068400000AF0023FB710BE0FA79214913465B008E
:1068500013449B000B4400221A60FB790133FB7147
:10686000FB79022BF0D91B4BDB681A4A43F001037A
:10687000D360184B04229A62164B1B68154A43F0EA
:1068800080031360144B4FF496521A80124B4FF44E
:106890007A725A80104B40F6D8629A800F4B3C2295
:1068A0001A800E4B40F28A225A800C4B96229A8014
:1068B0000B4B0A221A800A4B6E225A80084B4FF467
:1068C00016729A8000BF0C37BD465DF8047B704796
:1068D000C407002000100040880700209007002017
:1068E0009807002080B58AB000AF0346B9607A608F
:1068F000FB73FB7B022B32D8FA7B1B4913465B00F0
:1069000013449B000B44BA681A60FA7B164913467D
:106910005B0013449B000B4408337A681A60FA7BCF
:106920007B681904104813465B0013449B00034422
:10693000043319607B689BB200221946B8680AF0DC
:106940001BFC7B687B611123BB610023FB6102237D
:106950003B6207F114031946B8680AF07BFA00BFDE
:106960002837BD4680BD00BFC407002080B400AFFB
:106970000E4B00221A700D4B00225A700B4B002256
:106980009A700A4B0022DA70084B00221A71074BEA
:1069900000225A71054B00229A71044B0022DA71D1
:1069A00000BFBD465DF8047B704700BFAC07002008
:1069B00080B586B000AFB9607A603B600346FB7378
:1069C0000023FB75FA7B454913465B0013449B008B
:1069D0000B441B68002B02D10223FB7576E07B6819
:1069E000002B0CBF01230023DAB23B68002B0CBF45
:1069F00001230023DBB21343DBB2002B02D00523BB
:106A0000FB7563E0364B1B78002B02D00123FB752E
:106A10005CE0FB7B1846FFF7DDFEFFF7A7FF314A7E
:106A20007B681360304A3B681360304B55221A7004
:106A3000BB681A782D4B5A70BB685A782B4B9A70EA
:106A4000BB689A78294BDA70BB68DA78274B1A71E1
:106A5000BB681A79254B5A71BB685A79234B9A71D6
:106A6000BB689A79214BDA71BB68DA791F4B1A72CD
:106A70001E4BBE225A721E4B00221A701D4B002262
:106A80001A701D4B00221A701C4B00221A701C4BEE
:106A90000A221A701B4B09221A701B4B00221A7013
:106AA0001A4B00221A701A4B01221A700C4B012249
:106AB0001A70184B1A88184BDA62174B1B68164A63
:106AC00043F001031360144B01225A61134AFB7D0A
:106AD0001370FB7D18461837BD4680BDC4070020E3
:106AE000C0070020B8070020BC070020A007002036
:106AF00082070020800700208107002084070020F3
:106B00007C0700207D0700207E0700207F070020F3
:106B10008307002088070020001000408507002020
:106B200080B584B000AF0346FB710023FB73FA7994
:106B3000284913465B0013449B000B441B68002B41
:106B400002D10223FB733DE0234B1B78002B02D0C4
:106B50000123FB7336E0FB791846FFF73BFEFFF796
:106B600005FF1E4BCC221A701C4B44225A701C4B42
:106B700000221A701B4B00221A701B4B00221A7045
:106B80001A4B00221A701A4B02221A70194B00225B
:106B90001A70194B00221A70184B00221A70184BE9
:106BA00002221A700C4B01221A70164B1A88164BCF
:106BB000DA62154B1B68144A43F001031360124B51
:106BC00001225A61114AFB7B1370FB7B1846103778
:106BD000BD4680BDC4070020C0070020A0070020DC
:106BE0008207002080070020810700208407002002
:106BF0007C0700207D0700207E0700207F07002003
:106C0000830700208807002000100040850700202F
:106C100090B583B000AF2C4B1B78002B02D12B4BCF
:106C200003221A702A4B1B78022B43D0022B44DC20
:106C3000002B02D0012B07D03FE0264B264A92E8DA
:106C4000030083E8030038E0244B1B68002B33D09B
:106C5000214B1B781AB2204B5B781BB21B021BB274
:106C600013431BB2FB80FB88BB801B4B1C7A0821A3
:106C7000194800F0EBF903469C4213D1B7F9042000
:106C800013469B0013445B00002B00DA0F331B11EB
:106C90001A46124B1B6812B21A80114B1B68012254
:106CA0001A7003E00E4B1B6800221A700B4B002277
:106CB0001A6001E000BF00E000BF0A4B00221A701A
:106CC00000BF0C37BD4690BD84070020850700201B
:106CD00083070020F4070020AC070020B80700203D
:106CE000BC070020C007002080B500AF8D4B0022FC
:106CF0001A618D4B1B78012B40F086808B4B1B78E3
:106D0000022B26D0022B2ADC002B02D0012B06D02E
:106D100025E0874B1B68874A12689A611FE0864B03
:106D20001B781A46854B9B5C1A46854B1B7842FAAA
:106D300003F303F00103002B05D07D4B1B68814A50
:106D400012689A610BE07A4B1B687A4A12689A6162
:106D500005E0774B1B687B4A12689A6100BF734B52
:106D60001B780133DAB2714B1A70704B1B78022B0F
:106D700008D86E4B1B781A46734B33F81220694BB8
:106D8000DA624AE1694B00221A70684B1B781A4696
:106D90006D4B33F81220634BDA62694B1B78013379
:106DA000DAB2674B1A70664B1B78072B40F23581BD
:106DB000634B00221A70604B1B780133DAB25E4BD2
:106DC0001A705D4B1A78614B1B789A42C0F025818E
:106DD000594B00221A705E4B1B78002B0BD0524B84
:106DE00002221A70514B1B781A465A4B33F8122064
:106DF0004C4BDA6211E14B4B1B684A4A23F001030A
:106E00001360FFF705FF08E1474B1B78022B40F0AA
:106E1000A780464B1B78022B12D0022B44DC002BA0
:106E200002D0012B06D03FE0414B1B68414A12685B
:106E30009A6139E03E4B1B68424A12689A6133E01E
:106E40003B4B1B681A693F4B1B681340002B14D047
:106E5000394B1B781A46404B9B5C5AB2384B1B7817
:106E6000194601238B405BB2134359B2324B1B7856
:106E70001A46C9B2384B995415E02F4B1B781A4665
:106E8000354B9B5C5AB22E4B1B78194601238B4025
:106E90005BB2DB435BB2134059B2274B1B781A46F7
:106EA000C9B22D4B995400BF204B1B780133DAB285
:106EB0001E4B1A701D4B1B78022B29D91B4B00222D
:106EC0001A701F4B1B780133DAB21D4B1A701C4B22
:106ED0001B78072B1CD91A4B00221A70164B1B78F3
:106EE0000133DAB2144B1A70134B1A78184B1B7813
:106EF0009A420DD30B4B1B680A4A23F0010313601F
:106F0000FFF786FE0C4B00221A70144B00221A70F9
:106F1000064B1B781A460F4B33F81220014BDA62EE
:106F20007BE000BF001000408207002081070020A6
:106F3000E8070020EC0700207F070020A0070020C2
:106F40007E070020F0070020900700207C0700202B
:106F50007D07002098070020AC070020C007002014
:106F60002F4B1B78002B58D12E4B1B78022B12D0A5
:106F7000022B20DC002B02D0012B06D01BE02A4B79
:106F80001B682A4A12689A6115E0274B1B68284A39
:106F900012689A610FE0244B1B681A69244B1B6826
:106FA0001340002B03D0234B00221A7002E0214B28
:106FB00001221A7000BF1B4B1B780133DAB2194B48
:106FC0001A70184B1B78022B08D8164B1B781A46E0
:106FD000194B33F81220194BDA621EE0114B0022D4
:106FE0001A70174B00221A70124B1B78002B0BD013
:106FF0000B4B01221A70124B1B781A46114B33F8B7
:1070000012200E4BDA6208E00C4B1B680B4A23F08F
:10701000010313600C4B00221A7000BF80BD00BF3B
:107020008207002080070020E8070020EC070020EE
:10703000F00700208407002088070020001000408F
:107040008107002090070020C007002080B485B091
:1070500000AF78600B46FB700023FB730023BB730B
:1070600025E0BB7B7A6813441B787B7300233B735A
:1070700017E0FA7B7B7B5340DBB203F00103FB722A
:10708000FB7B5B08FB73FB7A002B04D0FB7B83F05C
:107090007303DB43FB737B7B5B087B733B7B0133BD
:1070A0003B733B7B072BE4D9BB7B0133BB73BA7BC0
:1070B000FB789A42D5D3FB7B18461437BD465DF862
:1070C000047B704780B58AB000AF786007F1080391
:1070D0000022194615480BF0A5FB07F11C030022FE
:1070E000194612480BF081FCFB7F03F5FA639BB253
:1070F000FB847B7F87F82430BB7F87F823303B7A83
:1071000087F820307B7A87F82130BB7A87F82230E5
:107110003B7F87F825307B681A4607F1200303CBB5
:107120001060516078682837BD4680BD3027002048
:1071300080B588B000AF3B4683E80300FB88DBB234
:107140003033DBB2FB773B797B77FB78BB777B799E
:107150003B7707F11C030022194610480BF0BEFBD9
:107160003B783B727B787B72BB78BB720023FB72EF
:1071700000237B610023BB6107F10803002219464D
:1071800006480BF0B2FA43F2F222012103480BF059
:107190004BFD00BF2037BD4680BD00BF302700201B
:1071A00080B588B000AF7860796800200A46034651
:1071B000C7E9042307F1100318460FF0AFF9F8618F
:1071C000FB691B68DBB2BB72FB695B68DBB27B727D
:1071D000FB699B68DBB23B72FB69DB68DBB2FB726D
:1071E000FB691B69DBB20133DBB23B73FB695B6993
:1071F0009BB203F26C739BB2FB8107F1080393E827
:107200000300FFF795FF00BF2037BD4680BD00009B
:1072100080B400AF094B00221A80094B00221A707B
:10722000084B00221A70084B00221A70074B0022EC
:107230001A7000BFBD465DF8047B7047EC09002062
:10724000EE090020EF090020FC070020F0090020D3
:1072500090B583B000AF844B1B88002B40F0A98011
:1072600000237B609EE081497A6813465B001344EB
:107270009B000B440B331B780133D8B27B497A68EF
:1072800013465B0013449B000B440B3302461A70F9
:1072900076497A6813465B0013449B000B44043321
:1072A000B3F9003013F5967F4DDB70497A681346C9
:1072B0005B0013449B000B440433B3F9003040F2ED
:1072C000E24293423FDC69497A6813465B0013440B
:1072D0009B000B4406331B78012B34D163497A6839
:1072E00013465B0013449B000B440B3300221A70BF
:1072F0005E497A6813465B0013449B000B440433D9
:10730000B3F9000059497A6813465B0013449B00A7
:107310000B44023302461A8054497A6813465B00D4
:1073200013449B000B440833188850497A6813466D
:107330005B0013449B000B440233B3F9003001227D
:10734000194600F0FFFC49497A6813465B00134474
:107350009B000B440B331B78052B20D943497A68DB
:1073600013465B0013449B000B440B3300221A703E
:107370003E497A6813465B0013449B000B44083374
:1073800018883A497A6813465B0013449B000B4403
:107390000233B3F900300022194600F0D3FC7B68B9
:1073A00001337B60324B1B781A467B689342FFF6B1
:1073B0005AAF304B1B781A462B4B1B889A4205D983
:1073C000294B1B88DBB21846FFF7AAFB264B1B880C
:1073D000142B33D9284B1B781946244A0B465B00E3
:1073E0000B449B0013440A331878234B1B7819462F
:1073F0001E4A0B465B000B449B0013441B78DB00CA
:107400001E4A99181C4B1B781A4613465B001344FE
:107410009B00164A13441A1D174B1B781C46234623
:107420005B0023449B00114C23440633FFF7C0FA52
:10743000114B1B780133DAB20F4B1A700A4B1B88C1
:1074400001339AB2084B1A800B4B1A78084B1B7801
:107450009A4205D3084B00221A70034B00221A806F
:1074600000BF0C37BD4690BDEC090020000800208D
:10747000FC070020F0090020EE0900200000002099
:1074800080B584B000AF0346B9607A60FB730B4BE4
:107490001B78022B0DD8FB7B7A68B9681846FFF77A
:1074A00021FA064B1B780133DAB2044B1A70002321
:1074B00000E0012318461037BD4680BDF0090020CA
:1074C00080B483B000AF0346FB710B46BB8013460C
:1074D000BB712D4B1B78282B4FD82B4B1B78194693
:1074E0002A4A0B465B000B449B001344FA791A703E
:1074F000254B1B781946254A0B465B000B449B0025
:10750000134402334FF400421A801F4B1B78194674
:107510001E4A0B465B000B449B00134406330022BB
:107520001A70194B1B781946184A0B465B000B441E
:107530009B0013440833BA881A80134B1B781946F2
:10754000124A0B465B000B449B0013440A33BA7982
:107550001A700D4B1B7819460C4A0B465B000B4406
:107560009B0013440B3300221A70074B1B78013326
:10757000DAB2054B1A70002300E0012318460C37DD
:10758000BD465DF8047B7047FC0700200008002022
:1075900080B588B002AF78600023BB7200233B81C6
:1075A0007B685B683B617B681B68FB607B681B7A60
:1075B0003B75274B009307F108030FCB00F052F8FF
:1075C0007B681B693B617B68DB68FB607B681B7DBC
:1075D0003B75204B009307F108030FCB00F042F8F6
:1075E0007B68DB693B617B689B69FB607B6893F828
:1075F00020303B75184B009307F108030FCB00F0C8
:1076000031F87B689B6A3B617B685B6AFB607B68E7
:1076100093F82C303B75114B009307F108030FCB07
:1076200000F020F87B685B6B3B617B681B6BFB6049
:107630007B6893F838303B75094B009307F10803DA
:107640000FCB00F00FF800BF1837BD4680BD00BF5C
:10765000F4090020040A0020140A0020240A002053
:10766000340A002090B585B000AF3C4684E80F0096
:107670003B6A1C463B460FCB84E80F000021386A6A
:1076800000F09EF800BF1437BD4690BD80B500AF36
:1076900000210A4800F094F80021094800F090F811
:1076A0000021084800F08CF80021074800F088F815
:1076B0000021064800F084F800BF80BDF4090020D6
:1076C000040A0020140A0020240A0020340A0020A2
:1076D00080B483B000AF0346FB71084B9B78FA7906
:1076E0009A4205D0054AFB799370044B00221A8018
:1076F00000BF0C37BD465DF8047B7047040A0020CC
:1077000080B483B000AF0346FB71084B9B78FA79D5
:107710009A4205D0054AFB799370044B00221A80E7
:1077200000BF0C37BD465DF8047B7047140A00208B
:1077300080B483B000AF0346FB71084B9B78FA79A5
:107740009A4205D0054AFB799370044B00221A80B7
:1077500000BF0C37BD465DF8047B7047240A00204B
:1077600080B483B000AF0346FB71084B9B78FA7975
:107770009A4205D0054AFB799370044B00221A8087
:1077800000BF0C37BD465DF8047B7047F40900204C
:1077900080B483B000AF0346FB71084B9B78FA7945
:1077A0009A4205D0054AFB799370044B00221A8057
:1077B00000BF0C37BD465DF8047B7047340A0020DB
:1077C00080B582B000AF78600B46FB707B689B7819
:1077D000082B00F23F8201A252F823F00178000842
:1077E0003178000861780008D978000851790008DC
:1077F000C57900083B7A0008CF7A0008B37A000800
:107800007B681B7B002B09D17B6858687B689B6871
:107810009BB20122194609F0AFFC26E27B6858684A
:107820007B689B689BB20022194609F0A5FC1CE20C
:107830007B681B7B002B09D17B6858687B689B6841
:107840009BB20022194609F097FC0EE27B6858684B
:107850007B689B689BB20122194609F08DFC04E20B
:107860007B681B88322B17D87B681B7B002B09D1C8
:107870007B6858687B689B689BB20022194609F0B8
:107880007BFC20E07B6858687B689B689BB2012288
:10789000194609F071FC16E07B681B7B002B09D1AF
:1078A0007B6858687B689B689BB20122194609F087
:1078B00063FC08E07B6858687B689B689BB2002289
:1078C000194609F059FC7B681B88632B40F2C48180
:1078D0007B6800221A80BFE17B681B880A2B17D8BF
:1078E0007B681B7B002B09D17B6858687B689B6891
:1078F0009BB20022194609F03FFC20E07B685868E3
:107900007B689B689BB20122194609F035FC16E0A2
:107910007B681B7B002B09D17B6858687B689B6860
:107920009BB20122194609F027FC08E07B685868E1
:107930007B689B689BB20022194609F01DFC7B689E
:107940001B88132B40F28A817B6800221A8085E114
:107950007B681B88052B17D87B681B7B002B09D104
:107960007B6858687B689B689BB20022194609F0C7
:1079700003FC7AE17B6858687B689B689BB20122B4
:10798000194609F0F9FB70E17B681B7B002B09D1DC
:107990007B6858687B689B689BB20122194609F096
:1079A000EBFB08E07B6858687B689B689BB2002211
:1079B000194609F0E1FB7B6800229A707B6800227F
:1079C0001A8052E17B681B88B3F5967F17D87B68D5
:1079D0001B7B002B09D17B6858687B689B689BB236
:1079E0000022194609F0C8FB3FE17B6858687B68B4
:1079F0009B689BB20122194609F0BEFB35E17B680A
:107A00001B7B002B09D17B6858687B689B689BB205
:107A10000122194609F0B0FB08E07B6858687B68D2
:107A20009B689BB20022194609F0A6FB7B680022E6
:107A30009A707B6800221A8017E17B681B88042BF0
:107A400017D87B681B7B002B09D17B6858687B6843
:107A50009B689BB20022194609F08EFB20E07B68F0
:107A600058687B689B689BB20122194609F084FB29
:107A700016E07B681B7B002B09D17B6858687B680C
:107A80009B689BB20122194609F076FB08E07B68EF
:107A900058687B689B689BB20022194609F06CFB12
:107AA0007B681B88632B40F2DB807B6800221A8096
:107AB000D6E0FB78002B00F0D5807B685A687B68A5
:107AC0009B689BB21946104609F06EFBCAE07B68C2
:107AD0001B88092B17D87B681B7B002B09D17B687F
:107AE00058687B689B689BB20022194609F044FBEA
:107AF000A8E07B6858687B689B689BB201221946A6
:107B000009F03AFB9EE07B681B88092B1BD97B6838
:107B10001B88312B17D87B681B7B002B09D17B6816
:107B200058687B689B689BB20122194609F024FBC8
:107B300088E07B6858687B689B689BB20022194686
:107B400009F01AFB7EE07B681B88312B1BD97B6810
:107B50001B883B2B17D87B681B7B002B09D17B68CC
:107B600058687B689B689BB20022194609F004FBA9
:107B700068E07B6858687B689B689BB20122194665
:107B800009F0FAFA5EE07B681B883B2B1BD97B6807
:107B90001B88632B17D87B681B7B002B09D17B6864
:107BA00058687B689B689BB20122194609F0E4FA89
:107BB00048E07B6858687B689B689BB20022194646
:107BC00009F0DAFA3EE07B681B88632B1BD97B68DF
:107BD0001B88952B17D87B681B7B002B09D17B68F2
:107BE00058687B689B689BB20022194609F0C4FA6A
:107BF00028E07B6858687B689B689BB20122194625
:107C000009F0BAFA1EE07B681B88952B1AD97B68AD
:107C10001B88C72B16D87B681B7B002B09D17B6880
:107C200058687B689B689BB20122194609F0A4FA48
:107C300008E07B6858687B689B689BB20022194605
:107C400009F09AFA7B681B88C72B0DD97B68002244
:107C50001A8009E000BF08E000BF06E000BF04E0B2
:107C600000BF02E000BF00E000BF7B681B884FF64A
:107C7000FF72934205D07B681B8801339AB27B6800
:107C80001A8000BF0837BD4680BD00BF80B483B0F6
:107C900000AF00237B6013E00F4A7B68002102F8ED
:107CA00023100D4A7B689B00134400225A700A4A35
:107CB0007B689B00134400225A807B6801337B6001
:107CC0007B68B3F5C87FE7DB00BF00BF0C37BD465C
:107CD0005DF8047B704700BF440A002080B483B085
:107CE00000AF03463960FB80FB88B3F5C87F16D22E
:107CF000FB88134A12F82330002B09D13B68002B74
:107D000006D03B681B8843F001039AB23B681A8097
:107D1000FB880B4A9B001344B3F902300AE03B682E
:107D2000002B06D03B681B8843F001039AB23B68E6
:107D30001A80002318460C37BD465DF8047B704757
:107D4000440A002080B483B000AF0346FB800B469A
:107D5000BB801346FB70FB88B3F5C87F0AD2FB8853
:107D60000749FA7801F82320FB88054A9B00134451
:107D7000BA885A8000BF0C37BD465DF8047B704757
:107D8000440A002080B584B000AF03460A46FB7168
:107D90001346BB8010200EF0F3F90346FB60BB884E
:107DA000FA7902FB03F318460EF0EAF903461A4685
:107DB000FB681A60FB68BA88DA80FB6800221A81C7
:107DC000FB6800225A81FB6800221A73FB68FA796B
:107DD0001A71FB6818461037BD4680BD80B483B069
:107DE00000AF78607B68002B0ED07B681B7B002B7C
:107DF00007D17B681A897B685B899A4201D101238C
:107E000000E00023DBB200E0012318460C37BD463A
:107E10005DF8047B704780B582B000AF7860396050
:107E20007B68002B1FD072B600BF7868FFF7D6FFC3
:107E30000346002B13D17B681B687A685289114670
:107E40007A68127901FB02F299187B681B791A464D
:107E500038680EF0E6FF62B600BF002304E062B6A9
:107E600000BF012300E0012318460837BD4680BD4E
:107E700080B582B000AF78607B68002B1FD072B6EF
:107E800000BF7868FFF7AAFF0346002B13D17B6879
:107E90005B8901337A68D28893FBF2F101FB02F22D
:107EA0009B1A9AB27B685A817B6800221A7362B669
:107EB00000BF002304E062B600BF012300E00123FD
:107EC00018460837BD4680BD80B582B000AF7860E7
:107ED00039607B68002B2FD072B600BF7868FFF73F
:107EE0007DFF0346002B23D17B681B687A6852898B
:107EF00011467A68127901FB02F299187B681B79A6
:107F00001A4638680EF08DFF7B685B8901337A680A
:107F1000D28893FBF2F101FB02F29B1A9AB27B68C2
:107F20005A817B6800221A7362B600BF002304E006
:107F300062B600BF012300E0012318460837BD46A2
:107F400080BD80B582B000AF786039607B68002B5F
:107F50003BD07B681B687A68128911467A6812796F
:107F600001FB02F298187B681B791A4639680EF0FB
:107F700058FF7B681B7B002B0CD07B685B8901332F
:107F80007A68D28893FBF2F101FB02F29B1A9AB253
:107F90007B685A817B681B8901337A68D28893FB9E
:107FA000F2F101FB02F29B1A9AB27B681A817B689C
:107FB0001A897B685B899A420CBF01230023DBB2DC
:107FC0001A467B681A73002300E00123184608371D
:107FD000BD4680BD80B582B000AF78600E4B9B6817
:107FE0000D4A43F4805393607B68B3F5FA4F02D98E
:107FF0004FF4FA437B60094B094A1A60074B06228B
:108000005A607B68DB08054A9360044809F0FEF873
:1080100000BF0837BD4680BD002004E0602300207B
:108020000030004080B500AF024809F03EF900BFC3
:1080300080BD00BF6023002080B500AF374B142205
:108040001A74364B00221A72344B0022DA60334B1A
:1080500001221A70314B00225A80304B00225A7490
:108060002E4B00229A742D4B4FF400421A832B4B57
:108070002B4A5A61294B5B69284A128B1946012009
:1080800000F07CF9274B06221A74264B01221A7243
:10809000244B4FF46172DA60224B00221A70214B9C
:1080A00000225A801F4B01225A741E4B00229A74E0
:1080B0001C4B4FF480421A831A4B194A5A61194BD0
:1080C0005B69184A128B1946002000F057F9164BCD
:1080D0000F221A74144B01221A72134B4FF496722A
:1080E000DA60114B00221A700F4B00225A800E4B9F
:1080F00002225A740C4B00229A740B4B4FF400521C
:108100001A83094B064A5A61074B5B69064A128B70
:108110001946002000F032F900BF80BD8410002015
:1081200000040048A0100020BC10002080B584B0DE
:1081300000AF3B1D1846FEF7C5FF3B7A022B02D964
:108140003B7A0A2B03D9284B01221A7202E0264BF4
:1081500000221A727B79002B1AD1BB79012B17D818
:10816000214B1B78002B13D11F4B5B88B3F5967FF7
:1081700003D21D4B4FF496725A801B4B03221A7088
:10818000194B5B69184A128B1946012000F0F6F86A
:1081900007F10E0319464A20FFF7A0FD0346322BD4
:1081A00015DD114B1B78002B11D10F4B5B88B32BC6
:1081B00002D80D4BB4225A800B4B03221A700A4B83
:1081C0005B69094A128B1946012000F0D7F806486E
:1081D00000F010F8054800F00DF8054800F00AF826
:1081E00000BF1037BD4680BD84100020A0100020C5
:1081F000BC10002080B582B000AF78607B681B782F
:10820000042B5CD801A252F823F000BFAD82000815
:1082100021820008318200084B8200086F8200082A
:108220007B681B7A002B43D07B6803221A703FE0E7
:108230007B685B685A1E7B685A607B685B68002BB2
:1082400038D17B6803221A7034E07B685B88002B8E
:1082500005D07B685B88013B9AB27B685A807B685B
:108260005B88002B28D17B6804221A7024E07B688D
:108270001B7A002B16D07B685B7C1846FDF7ECFE62
:1082800003461A467B681B7C9A4217D27B68596961
:108290007B681B8B1A46002000F070F87B68002278
:1082A0001A700BE07B6801221A7007E000BF06E03D
:1082B00000BF04E000BF02E000BF00E000BF00BF5D
:1082C0000837BD4680BD00BF80B582B000AF786082
:1082D0007B681B78042B4DD801A252F823F000BF15
:1082E000F58200081D8300083583000845830008D7
:1082F0005D8300087B68DB689AB27B685A807B6884
:1083000002221A707B6805225A607B6859697B6873
:108310001B8B1A46012000F031F82BE07B6859696D
:108320007B681B8B1A46002000F028F87B6800222F
:108330001A701FE07B685B8803F5E1539AB27B6893
:108340005A8017E07B6859697B681B8B1A460020AE
:1083500000F014F87B6800221A700BE07B68596902
:108360007B681B8B1A46002000F008F87B6800220F
:108370001A7000BF00BF0837BD4680BD80B582B00F
:1083800000AF03463960FB711346BB80FB79012BBC
:1083900006D1BB8801221946386808F0EDFE11E0CD
:1083A000FB79002B06D1BB8800221946386808F0FB
:1083B000E3FE07E0FB79022B04D1BB88194638683D
:1083C00008F0F2FE00BF0837BD4680BD80B500AFA3
:1083D0000248FFF779FF00BF80BD00BFA01000205A
:1083E00080B500AF0248FFF76FFF00BF80BD00BF40
:1083F000BC10002080B582B000AF0346FB710B4675
:10840000BB711346BB80FB79022B14D0022B19DC05
:10841000002B02D0012B07D014E0BA88BB79194693
:108420000A4800F019F80DE0BA88BB7919460848E7
:1084300000F012F806E0BA88BB791946054800F04A
:108440000BF800BF00BF0837BD4680BD8410002078
:10845000A0100020BC10002080B582B000AF786072
:108460000B46FB7013463B80FB78012B19D17B68D0
:108470009B7C0133DAB27B689A747B685B883A88AC
:108480009A4202D97B683A885A807B6803221A7024
:108490007B6859697B681B8B1A460120FFF76EFFCA
:1084A00016E0FB78002B13D17B689B7C002B05D05A
:1084B0007B689B7C013BDAB27B689A747B689B7C0F
:1084C000002B05D17B6800225A807B6804221A7039
:1084D00000BF0837BD4680BD80B590B000AF5F4B90
:1084E00050221A8004F06EFDFEF7A8F9FEF790FE08
:1084F000FFF7CCFB5A4802F053FD04215948FDF721
:10850000B5FE0420FDF7C8FAFFF796FD564801F0C6
:10851000CBFD40F6B830FFF75DFD544803F074FD25
:108520005349544800F08AFE00F0BCFB04F04AFCBA
:108530000320FDF791FC06224F495048FCF7D0FF7D
:108540008023BB604E4B7B6001233B734FF48073F1
:108550007B614B4B3B6100233B764FF400733B62E6
:10856000474BFB61002387F824304FF48073FB6294
:108570004FF09043BB62002387F830308023BB6309
:10858000404B7B63012387F83C303B1D1846FEF7C8
:10859000FFFF0220FFF7E4F8402239490020FEF7F0
:1085A0006FFF00227B212720FEF78AFF00227D211A
:1085B0000620FEF785FF00227E212320FEF780FFA4
:1085C00000227F211D20FEF77BFF4FF47A710A20E5
:1085D000FDF754FB4FF47A710B20FDF74FFB4FF47E
:1085E0007A710D20FDF74AFB4FF47A710C20FDF7EC
:1085F00045FB4FF47A710E20FDF740FB4FF47A7182
:108600002D20FDF73BFB40F6B8317B20FDF736FB14
:1086100040F6B8317D20FDF731FB40F6B8317E20C1
:10862000FDF72CFB40F6B8317F20FDF727FB3C22FD
:1086300004210020FDF732FC3D2208210120FDF736
:108640002DFC3E2201210220FDF728FC642101209F
:1086500004F0EAFB00BF4037BD4680BDD8100020C3
:10866000F42300203823002070230020542700200A
:1086700078240020FC240020F02200208C220020FE
:10868000000800480004004880B58AB000AF002010
:10869000FFF71EF80020FFF733F80020FFF748F837
:1086A0000020FFF775F801224FF40041104808F050
:1086B00063FD00224FF480410D4808F05DFD00226B
:1086C0004FF400510A4808F057FDFDF773FEFDF71F
:1086D00065FD04F0F1FC03E03B1D184600F054F882
:1086E0003B1D1846FDF732FA0346012BF4D0F0E7A4
:1086F0000004004880B584B000AF0023FB733B1D2D
:108700001846FEF7DFFCFB79FB73164B1B78FA7BF0
:108710009A4208D0134AFB7B137000F047FF01F028
:10872000A9FDFDF7B9FC00F013F90F4B1B88002BD6
:1087300005D00D4B1B88013B9AB20B4B1A800A4B9C
:108740001B88002B05D10320FEF7F2FF0120FEF766
:10875000BFFF064B1B680133044A136000BF10378C
:10876000BD4680BDE0100020D8100020DC100020A5
:1087700080B500AF034B50221A800020FEF7D8FFCF
:1087800000BF80BDD810002090B587B000AF7860E2
:108790007B681B689BB203F47F637B8200237B6151
:1087A0007B681B7F1BB21B021AB27B685B7F1BB20C
:1087B00013433B827B689B7F1BB21B021AB27B6810
:1087C000DB7F1BB21343FB817B6893F820301BB225
:1087D0001B021AB27B6893F821301BB21343BB8192
:1087E0007B8AB3F5C46F5DD0B3F5C46F00F38980A5
:1087F000B3F5AA6F5DD0B3F5AA6F00F38280B3F52D
:10880000987F13D0B3F5987F7BDCB3F5907F1FD0B2
:10881000B3F5907F75DCB3F5887F10D0B3F5887F12
:108820006FDC512B22D0B3F5807F6AE03B8ADBB24C
:10883000FA89D1B2BA891846FFF7DCFD61E03B8ABC
:10884000BA89D2B2B7F90E101846FFF77BFA58E092
:10885000B7F91030012B02D1FFF7B8FD4EE0B7F9A0
:108860001030002B4AD1FFF7BBFD47E07B681B7F30
:108870001B067A6913437B617B685B7F1B047A6903
:1088800013437B617B689B7F1B027A6913437B6187
:108890007B68DB7F1A467B6913437B617869FEF74F
:1088A0007FFC2EE07B681C330821184602F05BFC3D
:1088B00027E07B681C7FFDF7FFF803469C421FD131
:1088C0007B685B7F022B12D0022B19DC002B02D0BD
:1088D000012B05D014E06E210020FDF751FA0CE0C9
:1088E0001A4B1B6819460120FDF74AFA05E040F2D1
:1088F00001110220FDF744FA00BF01E000BF00E0D3
:1089000000BF7B681B68512B1BD17B681B7F1B063C
:108910007A6913437B617B685B7F1B047A6913432D
:108920007B617B689B7F1B027A6913437B617B6859
:10893000DB7F1A467B6913437B617869FEF730FC65
:1089400000BF00BF1C37BD4690BD00BFDC1000203B
:1089500080B582B000AFBB1D19462D20FFF7BEF9D0
:108960000346B3F57A7F0EDA154B1B78002B0AD13C
:10897000134B01221A706421002004F055FA64217F
:10898000032004F051FABB1D19462D20FFF7A6F96C
:108990000346B3F5FA6F0EDD094B1B78002B0AD0A6
:1089A000074B00221A700021002004F03DFA00213C
:1089B000032004F039FA00BF0837BD4680BD00BF70
:1089C000E110002080B582B000AF78607B681A6843
:1089D000094B1B689A4202D103F00EFB07E07B684B
:1089E0001A68064B1B689A4201D101F0E3FE00BFF2
:1089F0000837BD4680BD00BFF4230020702300204F
:108A000080B582B000AF78607B681A68224B1B6823
:108A10009A4202D103F0F4FA39E07B681A681F4BDE
:108A20001B689A420CD17B68B3F858207B68B3F876
:108A30005A309BB2D31A9BB2184601F0A5FE26E02D
:108A40007B681A68164B1B689A420DD17B68B3F895
:108A500058207B68B3F85A309BB2D31A9BB21946A0
:108A6000786800F0B9FD12E07B681A680D4B1B684E
:108A70009A420CD17B68B3F858207B68B3F85A301F
:108A80009BB2D31A9BB21946786800F0A5FD00BFCF
:108A90000837BD4680BD00BFF423002070230020AE
:108AA000FC2400207824002080B582B000AF7860DC
:108AB0000B467B807B681A68114B1B689A4204D175
:108AC0007B88184601F060FE16E07B681A680D4B43
:108AD0001B689A4205D17B881946786800F07CFDB6
:108AE0000AE07B681A68084B1B689A4204D17B88AD
:108AF0001946786800F070FD00BF0837BD4680BD9C
:108B000070230020FC2400207824002080B582B04F
:108B100000AF0346FB80FB881846FDF7E1FA00BF73
:108B20000837BD4680BD000080B58AB000AF3B1D50
:108B300000221A605A609A60DA601A61002387F88E
:108B400027304FF48041544808F0FEFA034687F876
:108B500027300020FCF708FD0346BB84BB8C184679
:108B6000FBF7F0FD40A3D3E90023FBF755FE0246D7
:108B70000B46104619464FF00002484BFBF74CFEDF
:108B800002460B461046194639A3D3E90023FBF7EA
:108B90006DFF02460B46C7E9062397F82730012BE5
:108BA00003D10320FEF7C4FD02E00020FEF7C0FD64
:108BB00031A3D3E90023D7E90601FCF7BDF803464A
:108BC000002B05D000220821354808F0D5FA0EE028
:108BD0002BA3D3E90023D7E90601FCF78FF803465E
:108BE000002B04D0012208212D4808F0C5FA26A345
:108BF000D3E90023D7E90601FCF79EF80346002BD2
:108C000014D04FF400437B600123BB600023FB6062
:108C100000233B613B1D19461F4808F01BF9002249
:108C20004FF400411C4808F0A7FA18E018A3D3E954
:108C30000023D7E90601FCF761F80346002B00D1B9
:108C40000DE04FF400437B600023BB600023FB601A
:108C500000233B613B1D19460F4808F0FBF800BF9D
:108C60002837BD4680BD00BF0000000000E2E93F9C
:108C700085EB51B81E850340000000000026CB4064
:108C8000000000000064C940000000000070C74000
:108C900000000000007CC54000080048000028409B
:108CA000001C004880B400AF034B0F221A7400BFB1
:108CB000BD465DF8047B70470811002000000000ED
:108CC0002DE9F04389B000AF00237B8107F10A034F
:108CD000194640F22F10FFF701F803461E4607F130
:108CE0000A03194640F24310FEF7F8FF03463344E7
:108CF00007EE903AF8EEE77AD34BC3ED087A07F126
:108D00000A03194640F23310FEF7E8FF03461E46F9
:108D100007F10A03194640F24710FEF7DFFF03464A
:108D200033441846FBF70EFD4FF00002C74BFBF72C
:108D30009DFE02460B4610461946FCF72FF80346E7
:108D4000C14A936107F10A03194640F23110FEF758
:108D5000C5FF03461E4607F10A03194640F24510B7
:108D6000FEF7BCFF0346334407EE903AB8EEE77ACD
:108D7000B54BD3ED067A67EE277AC7ED077A07F190
:108D80000A03194640F22D10FEF7A8FF03461E46BF
:108D900007F10A03194640F24110FEF79FFF034610
:108DA000334407EE903AF8EEE77AA74BC3ED057A25
:108DB00007F10A0319464FF49770FEF78FFF034639
:108DC0001846FBF7BFFC4FF00002A14BFBF74EFE2D
:108DD00002460B469046994607F10A0319464FF49E
:108DE000A170FEF77BFF03461846FBF7ABFC4FF084
:108DF0000002974BFBF73AFE02460B4640464946B7
:108E0000FBF754FB02460B4610461946FBF7C6FF1C
:108E100003468D4AD3618C4BD3ED087A9FED8D7A52
:108E200067EE876A97ED077AC6EE877A864BC3EDC1
:108E3000047A07F10A0319464FF49A70FEF74EFFC1
:108E400003461E4607F10A0319464FF4A470FEF7C5
:108E500045FF0346334407EE903AF8EEE77A7A4B43
:108E6000C3ED027A07F10A03194640F23510FEF706
:108E700035FF03461E4607F10A03194640F2491022
:108E8000FEF72CFF0346334407EE903AF8EEE77AFC
:108E90006D4BC3ED037A07F10A0319464FF49B703B
:108EA000FEF71CFF03461E4607F10A0319464FF45E
:108EB000A570FEF713FF0346334407EE903AF8EE31
:108EC000E77A614BC3ED007A07F10A03194640F2D5
:108ED0003710FEF703FF03461E4607F10A03194643
:108EE00040F24B10FEF7FAFE0346334407EE903A89
:108EF000F8EEE77A544BC3ED017A07F10A031946FD
:108F00004FF49870FEF7EAFE03461E4607F10A0387
:108F100019464FF4A270FEF7E1FE0346334407EE14
:108F2000903AF8EEE77AC7ED067A07F10A03194698
:108F30004FF49970FEF7D2FE0346DAB2464B1A7729
:108F400007F10A0319464FF4A370FEF7C7FE034664
:108F5000DAB2414B83F824203F4E3B461846FEF7D9
:108F6000B1F806F112033A461168526819605A6066
:108F7000394A07F10C0312321068516803C33A7B77
:108F8000354B1B7C9A4269D23B7C022B66D93B7CD9
:108F90000A2B63D8304B1B7C1A463B7BD31A013B10
:108FA0004FF4616202FB03F17B7BC3F13C02134689
:108FB0001B019B1A9B000B44DA171C461546264BD7
:108FC000C3E90245204BD3ED087A97ED077A77EE97
:108FD000677A17EE900AFBF7C7FB04460D461E4B57
:108FE000D3E9022310461946FBF7E8FB14A3D3E9A3
:108FF0000023FBF73BFD02460B4620462946FBF7C4
:1090000035FD02460B4610461946FBF7C7FE0346E0
:109010007B610D4B93ED067AD7ED056AC6EE877A34
:109020000D4BC3ED007A0C4BD3ED007AB1EE007A14
:1090300077EEC77A084BC3ED007A12E0AFF30080F9
:10904000000000000020AC40E4100020000034408C
:10905000000024400000C84208110020584B594A23
:109060001A60574BD3ED007A97ED067AB4EEE77AA3
:10907000F1EE10FA02D5524ABB69136000F0A8F86D
:10908000514BD3ED047AFDEEE77A17EE903A1BB21E
:10909000012219460A20FEF755FE4B4BD3ED067A06
:1090A000B2EE047A67EE877AFDEEE77A17EE903A31
:1090B0001BB2012219460B20FEF744FE424BD3EDB2
:1090C000077AB2EE047A67EE877AFDEEE77A17EE5A
:1090D000903A1BB2012219460E20FEF733FE3A4B9E
:1090E000D3ED057AFDEEE77A17EE903A1BB2012236
:1090F00019461220FEF726FE334BD3ED087AFDEE1B
:10910000E77A17EE903A1BB2012219461020FEF7BB
:1091100019FE2D4BD3ED007AFDEEE77A17EE903A6B
:109120001BB2012219460820FEF70CFE264B93EDD8
:10913000017AF2EE046AC7EE267AFDEEE77A17EEC0
:10914000903A1BB2012219460920FEF7FBFD1E4B87
:10915000D3ED027AFDEEE77A17EE903A1BB20122C8
:1091600019461120FEF7EEFD174B93ED037AF2EE50
:10917000046AC7EE267AFDEEE77A17EE903A1BB244
:10918000012219460F20FEF7DDFD0F4BD3ED027AC9
:109190009FED0E7A67EE876A0B4B93ED067AC6EE6B
:1091A000877AFDEEE77A17EE903A1BB20122194654
:1091B0000C20FEF7C7FD00BF2437BD46BDE8F08395
:1091C000081100200000FA43E41000200000C8420B
:1091D00080B584B000AF0023FB73174B1B7F002BBF
:1091E00001D00123FB73144BD3ED007AFDEEE77A37
:1091F00017EE903ABB8100233B71FB7B7B71B7F983
:109200000C301B121BB2DBB2BB71BB89DBB2FB7132
:1092100000233B7200237B720023BB720023FB728E
:109220003B1D082219464FF44470FCF70DFD00BFAA
:109230001037BD4680BD00BF0811002080B582B048
:1092400000AF78603960184B184A9A66164B184A76
:10925000DA66154B50221A80134BDC225A80124BCF
:10926000FA229A80104B1B88002B08D00E4B9B6E65
:109270007A681A600C4B9B6E1846FCF7A5F90A4BEE
:109280005B88002B08D0084BDB6E3A681A60064BEF
:10929000DB6E1846FCF798F9034B002283F8522046
:1092A00000BF0837BD4680BD38110020A81100203E
:1092B00078120020000000002DE9F04F87B000AFC9
:1092C0000023FB82B44B9B6E1846FCF7ABF9B24B04
:1092D000DB6E1846FCF7A6F9AF4B93F85230002B23
:1092E00001D100F08DF900F04FFA02F0BBFF034608
:1092F0001846FBF727FA4FF00002A84BFBF7B6FB26
:1093000002460B4610461946FBF748FD0346A24AA3
:109310001361A14BD3E9162310461946FBF746FA11
:1093200082468B469C4B1B691846FBF71DFA4FF093
:1093300000029A4BFBF770FA02460B46504659461C
:10934000FBF7B4F802460B4610461946FBF70CFF34
:1093500002460B469049C1E916238F4BD3E916010B
:109360008F4A4FF00003FBF7C7FE02460B4610463C
:109370001946FBF72BFE07EE100A874BD3ED187A40
:10938000B4EEE77AF1EE10FA0FDD834BD3ED187AE5
:109390009FED847A67EE877A17EE900AFBF7C4FE9A
:1093A00002460B467C49C1E916237B4BDB6E5B6AA8
:1093B0001846FBF7B7F94FF00002784BFBF756FB66
:1093C00002460B4610461946FBF7E8FC0346724A74
:1093D0009361714BD3E9162310461946FBF7F6FD4E
:1093E00007EE100A6C4BD3ED067A27EE277ADFEDF5
:1093F0006D6AC7EE267A684BC3ED057A664B93ED2E
:10940000047A654BD3ED067A67EE277A624BC3ED9B
:10941000037A614BD3E91601614A4FF00003FBF771
:109420006BFE02460B461046194602460B4696183E
:109430003E605B417B60D7E90023141843EB0105D4
:109440004FF000024FF000036B0143EAD463620166
:1094500014EB020845EB030918EB0003BB6049EB72
:109460000103FB60D7E90201FBF7B0FD06EE900AAD
:10947000494B93ED187AC6EE877A474BC3ED027AD3
:1094800007F1160319462C20FEF728FC034607EEC9
:10949000903AF8EEE77A404BC3ED0B7A07F11603EA
:1094A00019462820FEF71AFC03461846FBF74AF92E
:1094B0004FF000023C4BFBF7D9FA02460B46104630
:1094C0001946FBF76BFC0346334A5363324B1B6B65
:1094D0001846FBF749F904460D462F4BDB6A184640
:1094E000FBF742F92AA3D3E90023FBF7BFFA0246B0
:1094F0000B4620462946FAF7D9FF02460B4610468E
:109500001946FBF74BFC0346234A1363224B93EDAA
:109510000B7A214BD3ED037A77EE677A1E4BC3EDBE
:10952000087A1D4B5B6A1846FBF71EF904460D4688
:10953000194B1B6A1846FBF717F915A3D3E900234B
:10954000FBF794FA02460B4620462946FAF7AEFF8F
:1095500002460B4610461946FBF720FC03460E4A0E
:1095600053620D4B93ED047A0B4BD3ED0D7A77EEEE
:10957000277A094BC3ED0A7A00F098F900F0F0F968
:1095800000BF1C37BD46BDE8F08F00BFAFF30080C1
:10959000000000000020AC403811002000408F4047
:1095A00080EE360000BA5B4A0000244080B400AF71
:1095B000084B002283F85020064B4FF000021A633C
:1095C000044B4FF000025A6200BFBD465DF8047BB9
:1095D000704700BF3811002080B582B000AF7860BE
:1095E0000B467B80054B9A6E044BDB6E798878685E
:1095F000FCF724FA00BF0837BD4680BD38110020B3
:109600002DE9F04F8DB000AF012387F82F304FF0D8
:1096100000024FF00003C7E90823594B1B881A4684
:10962000574B5B88134407EE903AF8EEE77A544BB9
:10963000C3ED187A524B1B88002B26D0504B9B6EE3
:109640001B79002B1ED04E4B9B6E93F84930002B9C
:1096500018D04B4B1B881A46494B9B6E93F84930E8
:1096600003FB02F248F6A04302FB03F3DA171846A5
:109670001146D7E9082312EB000A43EB010BC7E9B7
:1096800008AB02E0002387F82F303D4B5B88002BAE
:109690002DD03B4BDB6E1B79002B25D0384BDB6E7E
:1096A00093F84930002B1FD0354B5B881A46344B5A
:1096B000DB6E93F8493002FB03F348F6A04202FB4D
:1096C00003F3DA17BB61FA61D7E90823D7E906ABE0
:1096D00051465118B960594643EB0101F960D7E989
:1096E0000223C7E9082302E0002387F82F3097F808
:1096F0002F30002B3FD02249D7E90823C1E9162398
:109700001F4BD3E916011F4A4FF00003FBF7F4FC8F
:1097100002460B461046194602460B4696183E6016
:109720005B417B60D7E90023141843EB01054FF040
:1097300000024FF000036B0143EAD463620114EBB3
:10974000020845EB030918EB00033B6149EB0103F9
:109750007B61D7E90401FBF739FC06EE900A084B60
:1097600093ED187AC6EE877A054BC3ED027A044B67
:10977000012283F8522000BF3437BD46BDE8F08F88
:109780003811002080EE360080B500AF454B9B6E4F
:109790001846FBF796FF0346002B07D0414BDB6EC4
:1097A0001846FBF78EFF0346002B24D13D4B9B6EE2
:1097B00093F84930622B05D83A4BDB6E93F8493069
:1097C000622B18D9374B93F85130002B13D1354BFE
:1097D000D3ED187A9FED347A67EE877A17EE900A08
:1097E000FBF7A2FC02460B462E49C1E916232D4B7E
:1097F000012283F851202B4B9B6E1846FBF761FF2B
:109800000346002B0BD0274BDB6E1846FBF759FFA6
:109810000346002B03D0234B002283F85120214B19
:109820000022A3F866201F4B9B6E1B79002B06D0ED
:109830001C4B9B6EB3F84C201A4BA3F86620194BB7
:10984000DB6E1B79002B0FD0164BDB6EB3F84C2070
:10985000144BB3F866309A4206D2124BDB6EB3F863
:109860004C20104BA3F866200E4BB3F8663040F640
:109870004752934213D90B4B012283F85020094BD6
:10988000D3ED187A9FED087A67EE877A17EE900A83
:10989000FBF74AFC02460B460249C1E9162300BF0A
:1098A00080BD00BF3811002000BA5B4A80B483B08D
:1098B00000AF294BD3ED187AF2EE046A87EEA67A50
:1098C000DFED266AC7EE267AC7ED017A224B93EDCB
:1098D000187AF0EE006AC7EE267A1F4BC3ED077ABE
:1098E0001D4B9B6EB3F84A201B4BDB6EB3F84A301E
:1098F0009A4207D9184B9B6EB3F84A20164BA3F82F
:10990000642006E0144BDB6EB3F84A20124BA3F838
:109910006420114BB3F8643040F64752934214D997
:109920000D4BB3F86430C3F55A630C3307EE903A2D
:10993000B8EEE77AD7ED017A67EE277AB0EE007AD3
:1099400077EE877A044BC3ED077A00BF0C37BD462C
:109950005DF8047B704700BF381100200000C8424A
:1099600080B582B000AF0123FB71C04BD3ED027A0A
:109970009FEDBF7A67EE877AFDEEE77A17EE903AB1
:109980001BB2FA7919464FF49670FEF7DBF9B74B24
:10999000D3ED037AFDEEE77A17EE903A1BB2FA792F
:1099A000194640F22D10FEF7CDF9B04BD3ED047AF5
:1099B000B2EE047A67EE877AFDEEE77A17EE903A18
:1099C0001BB2FA7919464FF49770FEF7BBF9A74B13
:1099D000D3ED067AB2EE047A67EE877AFDEEE77A87
:1099E00017EE903A1BB2FA79194640F23310FEF79F
:1099F000A9F99E4BD3ED057AFDEEE77A17EE903A82
:109A00001BB2FA79194640F22F10FEF79BF9974BDB
:109A1000D3ED077AFDEEE77A17EE903A1BB2FA79AA
:109A200019464FF49870FEF78DF9904BD3ED187AE4
:109A3000FDEEE77A17EE903A1BB2FA79194640F23A
:109A40003110FEF77FF9894B93F850301BB2FA7949
:109A500019464FF49970FEF775F9844BD3ED087AE7
:109A6000FDEEE77A17EE903A1BB2FA7919464FF4F9
:109A70009A70FEF767F97D4BD3ED097AFDEEE77A30
:109A800017EE903A1BB2FA79194640F23510FEF7FC
:109A900059F9764BD3ED0B7AFDEEE77A17EE903A53
:109AA0001BB2FA7919464FF49B70FEF74BF96F4BD6
:109AB000D3ED0C7AFDEEE77A17EE903A1BB2FA7905
:109AC000194640F23710FEF73DF9684B9B6E1B7943
:109AD000002B00F07081654B9B6E5B6A654AA2FBB0
:109AE00003235B091BB2FA7919461620FEF72AF9FF
:109AF0005E4B9B6E93F849301BB2FA7919461420DD
:109B0000FEF720F9594B9B6E1B6B5A4A82FB0312DE
:109B10005211DB17D31A1BB2FA7919461520FEF73A
:109B200011F9524B9B6EDB6B1BB2FA791946172069
:109B3000FEF708F94D4B9B6E5B6B1BB2FA79194629
:109B40001820FEF7FFF8494B9B6EB3F850301BB25C
:109B5000FA791946B420FEF7F5F8444B9B6EB3F83A
:109B600054301BB2FA791946B520FEF7EBF83F4B9B
:109B70009B6EB3F858301BB2FA791946B620FEF73F
:109B8000E1F83A4B9B6EB3F85C301BB2FA79194698
:109B9000B720FEF7D7F8354B9B6EB3F860301BB299
:109BA000FA791946B820FEF7CDF8304B9B6EB3F822
:109BB00064301BB2FA791946B920FEF7C3F82B4B73
:109BC0009B6EB3F868301BB2FA791946BA20FEF7DB
:109BD000B9F8264B9B6EB3F86C301BB2FA79194674
:109BE000BB20FEF7AFF8214B9B6EB3F870301BB271
:109BF000FA791946BC20FEF7A5F81C4B9B6EB3F80A
:109C000074301BB2FA791946BD20FEF79BF8174B4A
:109C10009B6EB3F878301BB2FA791946BE20FEF776
:109C200091F8124B9B6EB3F87C301BB2FA7919464F
:109C3000BF20FEF787F80D4B9B6EB3F880301BB248
:109C4000FA791946C020FEF77DF8084B9B6EB3F8F1
:109C500084301BB2FA791946C120FEF773F8034B22
:109C60009B6EB3F888301BB206E000BF38110020AD
:109C70000000C8421F85EB51FA791946C220FEF751
:109C800061F8B74B9B6EB3F88C301BB2FA7919466A
:109C9000C320FEF757F8B24B9B6EB3F95230FA79F6
:109CA0001946C420FEF74EF8AD4B9B6EB3F9563003
:109CB000FA791946C520FEF745F8A94B9B6EB3F912
:109CC0005A30FA791946C620FEF73CF8A44B9B6E31
:109CD000B3F95E30FA791946C720FEF733F8A04B86
:109CE0009B6EB3F96230FA791946C820FEF72AF85C
:109CF0009B4B9B6EB3F96630FA791946C920FEF783
:109D000021F8974B9B6EB3F96A30FA791946CA204D
:109D1000FEF718F8924B9B6EB3F96E30FA7919463C
:109D2000CB20FEF70FF88E4B9B6EB3F97230FA79A9
:109D30001946CC20FEF706F8894B9B6EB3F97630B6
:109D4000FA791946CD20FDF7FDFF854B9B6EB3F9DF
:109D50007A30FA791946CE20FDF7F4FF804B9B6EDE
:109D6000B3F97E30FA791946CF20FDF7EBFF7C4B33
:109D70009B6EB3F98230FA791946D020FDF7E2FFE5
:109D8000774B9B6EB3F98630FA791946D120FDF7EF
:109D9000D9FF734B9B6EB3F98A30FA791946D220FA
:109DA000FDF7D0FF6E4B9B6EB3F98E30FA791946F2
:109DB000D320FDF7C7FF6A4BDB6E1B79002B00F049
:109DC0006D81674BDB6E5B6A664AA2FB03235B090E
:109DD0001BB2FA7919462020FDF7B4FF604BDB6E09
:109DE00093F849301BB2FA7919461E20FDF7AAFFF5
:109DF0005B4BDB6E1B6B5B4A82FB03125211DB1762
:109E0000D31A1BB2FA7919461F20FDF79BFF544B5A
:109E1000DB6EDB6B1BB2FA7919462120FDF792FF4E
:109E20004F4BDB6E5B6B1BB2FA7919462220FDF7B4
:109E300089FF4B4BDB6EB3F850301BB2FA791946F1
:109E4000DC20FDF77FFF464BDB6EB3F854301BB2CE
:109E5000FA791946DD20FDF775FF414BDB6EB3F84B
:109E600058301BB2FA791946DE20FDF76BFF3C4BE8
:109E7000DB6EB3F85C301BB2FA791946DF20FDF7D0
:109E800061FF374BDB6EB3F860301BB2FA791946CD
:109E9000E020FDF757FF324BDB6EB3F864301BB2A6
:109EA000FA791946E120FDF74DFF2D4BDB6EB3F833
:109EB00068301BB2FA791946E220FDF743FF284BC0
:109EC000DB6EB3F86C301BB2FA791946E320FDF76C
:109ED00039FF234BDB6EB3F870301BB2FA791946A9
:109EE000E420FDF72FFF1E4BDB6EB3F874301BB27E
:109EF000FA791946E520FDF725FF194BDB6EB3F81B
:109F000078301BB2FA791946E620FDF71BFF144B97
:109F1000DB6EB3F87C301BB2FA791946E720FDF707
:109F200011FF0F4BDB6EB3F880301BB2FA79194684
:109F3000E820FDF707FF0A4BDB6EB3F884301BB255
:109F4000FA791946E920FDF7FDFE054BDB6EB3F803
:109F500088301BB2FA791946EA20FDF7F3FE03E0D8
:109F6000381100201F85EB514E4BDB6EB3F88C305F
:109F70001BB2FA791946EB20FDF7E4FE494BDB6E84
:109F8000B3F95230FA791946EC20FDF7DBFE454B68
:109F9000DB6EB3F95630FA791946ED20FDF7D2FEA3
:109FA000404BDB6EB3F95A30FA791946EE20FDF7D3
:109FB000C9FE3C4BDB6EB3F95E30FA791946EF20EF
:109FC000FDF7C0FE374BDB6EB3F96230FA79194604
:109FD000F020FDF7B7FE334BDB6EB3F96630FA794C
:109FE0001946F120FDF7AEFE2E4BDB6EB3F96A3059
:109FF000FA791946F220FDF7A5FE2A4BDB6EB3F97C
:10A000006E30FA791946F320FDF79CFE254BDB6E86
:10A01000B3F97230FA791946F420FDF793FE214B1B
:10A02000DB6EB3F97630FA791946F520FDF78AFE32
:10A030001C4BDB6EB3F97A30FA791946F620FDF73E
:10A0400081FE184BDB6EB3F97E30FA791946F720A2
:10A05000FDF778FE134BDB6EB3F98230FA791946BF
:10A06000F820FDF76FFE0F4BDB6EB3F98630FA79FF
:10A070001946F920FDF766FE0A4BDB6EB3F98A300C
:10A08000FA791946FA20FDF75DFE064BDB6EB3F94F
:10A090008E30FA791946FB20FDF754FE00BF0837D1
:10A0A000BD4680BD3811002080B584B000AF786017
:10A0B000424B00221A70424B00221A70414B002280
:10A0C0001A70414A7B681360404B00221A703F4B64
:10A0D0001B785A1CD1B23D4A11701A463C4B4EF6C1
:10A0E000D75123F81210394B1B785A1CD1B2374A7A
:10A0F00011701A46364B4EF6D55123F81210334BD9
:10A100001B785A1CD1B2314A11701A46304B4EF6A8
:10A11000D35123F812102D4B1B785A1CD1B22B4A65
:10A1200011701A462A4B4EF6D25123F81210274BC3
:10A130001B785A1CD1B2254A11701A46244B4EF690
:10A14000BC5123F81210214B1B785A1CD1B21F4A64
:10A1500011701A461E4B4EF6BB5123F812101B4BC2
:10A160001B785A1CD1B2194A11701A46184B4EF678
:10A17000BD5123F81210154B1B785A1CD1B2134A4B
:10A1800011701A46124B4EF6DB5123F812100E4B8B
:10A190001B6832220F4918460BF096FF0346FB73EB
:10A1A000FB7B002B05D0084B1B6818460BF0B4F85E
:10A1B000B86000BF1037BD4680BD00BFCB13002084
:10A1C000CC130020C91300207C130020C8130020EA
:10A1D000B41300204813002080B586B000AF0723D9
:10A1E0003B711D4B1B78002B08D01C4B1B78002BA0
:10A1F00001D000F04DF8184B00221A70184B1B6864
:10A200003222184918460BF05FFF0346FB75FB7DB1
:10A21000002B05D0124B1B6818460BF07DF83861F7
:10A22000114B1B785A1CD1B20F4A11701A460F4BB2
:10A2300033F81230FB800C4B1A780D4B1B789A4286
:10A2400002D3094B00221A703B1D184600F0BEFADB
:10A2500000BF1837BD4680BDCB130020CC130020B3
:10A260007C13002048130020C9130020B4130020E1
:10A27000C813002080B500AF012200212A20FDF77D
:10A2800061FD012200212B20FDF75CFD00BF80BD98
:10A2900080B582B000AF0023BB701E4B1B783A2BF9
:10A2A00034D101211C4800F079FB0346FB71BA78D8
:10A2B000FB791344DBB2BB70FB79072B25D104215A
:10A2C000164800F06BFB0346BB80BB88DAB2BB7854
:10A2D0001344DBB2BB70BB881B0A9BB2DAB2BB78FB
:10A2E0001344DBB2BB7002210D4800F057FB03465C
:10A2F000FB70BA78FB781344DBB2BB70BB88BA1C26
:10A300000849184600F010F800E000BF00BF083709
:10A31000BD4680BD48130020491300204A13002089
:10A320004E1300205013002080B586B000AF0346C6
:10A33000B9607A60FB81FB89A3F56D43B83B382B8C
:10A3400000F28B8101A252F823F000BF2BA6000877
:10A350005BA600085BA60008CBA5000895A5000831
:10A36000FBA500085BA600085BA600085BA600082A
:10A370005BA600085BA600085BA600085BA60008B9
:10A380005BA600085BA600085BA600085BA60008A9
:10A390005BA600085BA600085BA600085BA6000899
:10A3A0005BA600085BA600085BA600085BA6000889
:10A3B0005BA600085FA5000825A500085BA60008AD
:10A3C000F3A400085BA60008B3A400085BA600087D
:10A3D0005BA600085BA6000863A400085BA6000853
:10A3E0005BA600085BA600085BA600085BA6000849
:10A3F0005BA600085BA600085BA600085BA6000839
:10A400005BA600085BA600085BA600085BA6000828
:10A410005BA600085BA600085BA600085BA6000818
:10A420005BA600085BA600085BA6000831A4000834
:10A430000421B86800F0B2FA0346FB82BB68191D1C
:10A44000FB8A7A68184600F025F90346002B00F0D5
:10A450000681B7F91630012219463020FDF772FC4B
:10A46000FDE00421B86800F099FA0346FB82BB685E
:10A47000191DFB8A7A68184600F00CF90346002B78
:10A4800000F0EF80FB8A1846FAF75CF94FF0000203
:10A490007E4BFAF7EBFA02460B4610461946FAF7DE
:10A4A00055FC03461BB2012219463120FDF74AFC38
:10A4B000D7E00421B86800F071FA0346FB82BB685C
:10A4C000191DFB8A7A68184600F0E4F80346002B51
:10A4D00000F0C980B7F91630012219462820FDF78F
:10A4E00031FCB7F91630012219460D20FDF72AFC80
:10A4F000B9E00421B86800F051FA0346FB82BB685A
:10A50000191DFB8A7A68184600F0C4F80346002B30
:10A5100000F0AB80B7F91630012219462920FDF76B
:10A5200011FCA2E00421B86800F038FA0346FB826F
:10A53000BB68191DFB8A7A68184600F0ABF8034621
:10A54000002B00F09480FB8A002B00F09080B7F97C
:10A550001630012219462A20FDF7F4FB87E004217A
:10A56000B86800F01BFA0346FB82BB68191DFB8A22
:10A570007A68184600F08EF80346002B79D0FB8AE3
:10A58000002B76D0B7F91630012219462B20FDF7A3
:10A59000D9FB6EE00821B86800F000FA3861BB68AA
:10A5A00008337A681946386900F0A9F80346002B89
:10A5B00061D03B69364AA2FB03235B091BB201222F
:10A5C00019462C20FDF7BEFB55E00421B86800F0C9
:10A5D000E5F90346FB82BB68191DFB8A7A681846B9
:10A5E00000F058F80346002B47D0B7F91630012287
:10A5F00019462D20FDF7A6FB3FE00421B86800F0C6
:10A60000CDF90346FB82BB68191DFB8A7A681846A0
:10A6100000F040F80346002B31D0B7F91630012284
:10A6200019462E20FDF78EFB29E00421B86800F0C2
:10A63000B5F90346FB82BB68191DFB8A7A68184688
:10A6400000F028F80346002B1BD0B7F91630012282
:10A6500019462F20FDF776FB13E000BF12E000BF84
:10A6600010E000BF0EE000BF0CE000BF0AE000BF3A
:10A6700008E000BF06E000BF04E000BF02E000BF4A
:10A6800000E000BF00BF1837BD4680BD0000594044
:10A690001F85EB5180B584B000AF0346B9607A6086
:10A6A000FB817B681A78FB89DBB21344DAB27B68E2
:10A6B0001A707B681A78FB891B0A9BB2DBB21344C1
:10A6C000DAB27B681A700221B86800F067F90146B7
:10A6D0007B681A78CBB21344DAB27B681A70BB6815
:10A6E00002331B780A2B05D17B681B78552B01D1CF
:10A6F000012300E0002318461037BD4680BD80B519
:10A7000084B000AFF860B9607A607B681A78FB6843
:10A71000DBB21344DAB27B681A707B681A78FB6884
:10A720001B0ADBB21344DAB27B681A707B681A78B2
:10A73000FB681B0CDBB21344DAB27B681A707B68CF
:10A740001A78FB681B0EDBB21344DAB27B681A700E
:10A750000221B86800F022F901467B681A78CBB272
:10A760001344DAB27B681A70BB6802331B780A2B79
:10A7700005D17B681B78552B01D1012300E0002314
:10A7800018461037BD4680BD80B483B000AF034685
:10A79000FB80064B01221A70FB88DAB2044B1A7058
:10A7A00000BF0C37BD465DF8047B7047CB1300201B
:10A7B000CC13002080B400AF034B00221A7000BFFE
:10A7C000BD465DF8047B7047CA13002080B584B095
:10A7D00000AF78605523FB7300237B730023BB73AA
:10A7E0006B4B1B78002B40F0CF80BB7B5A1CBA739D
:10A7F0001A46684B3A2199547B681B781846BB7BF4
:10A80000644A13440122194600F01BF97B681B7847
:10A81000FA7BD31AFB73BB7B0133BB737B681B785A
:10A82000072B04D07B681B78082B40F092807B6854
:10A830005B881846BB7B574A13440422194600F034
:10A8400000F97B685B88DBB2FA7BD31AFB737B6809
:10A850005B881B0A9BB2DBB2FA7BD31AFB73BB7B10
:10A860000433BB73BB7B4B4A1344022219460020BE
:10A8700000F0E7F8BB7B0233BB737B681B78082BC7
:10A8800067D17B681B7A013B042B62D801A252F886
:10A8900023F000BFA9A80008CFA8000803A900085A
:10A8A00053A9000853A900087B685868BB7B394A44
:10A8B00013440222194600F0C4F87B685B68DBB2DF
:10A8C000FA7BD31AFB73BB7B0233BB7341E07B681B
:10A8D0005868BB7B2F4A13440422194600F0B1F894
:10A8E0007B685B68DBB2FA7BD31AFB737B685B68BF
:10A8F0001B0ADBB2FA7BD31AFB73BB7B0433BB733B
:10A9000027E07B685868BB7B224A1344082219461B
:10A9100000F097F87B685B68DBB2FA7BD31AFB73B5
:10A920007B685B681B0ADBB2FA7BD31AFB737B681C
:10A930005B681B0CDBB2FA7BD31AFB737B685B682A
:10A940001B0EDBB2FA7BD31AFB73BB7B0833BB73E2
:10A9500000BFF87BBB7B0F4A13440222194600F06C
:10A9600070F8BB7B0233BB73BB7B0A4A0A21D1540C
:10A97000BB7B01337B73084B1B687A7B92B2054922
:10A9800018460AF039F900E000BF1037BD4680BD17
:10A99000CA130020801300207C13002080B487B0ED
:10A9A00000AF78600B46FB7000237B610023FB74D3
:10A9B0007B68FB60FB78012B0CD1FB681B78392B83
:10A9C00003D8FB681B78303B02E0FB681B78373B01
:10A9D0007B612FE00023FB7428E0FB7A1B01FB72F4
:10A9E000FB681B78392B04D8FB681B78303BDBB243
:10A9F00003E0FB681B78373BDBB2FA7A1344FB7247
:10AA0000FB7C03F00103DBB2002B09D0FA7AFB7C5C
:10AA1000013B9B0002FA03F31A467B6913447B61F6
:10AA2000FB680133FB60FB7C0133FB74FA7CFB7831
:10AA30009A42D2D37B6918461C37BD465DF8047B29
:10AA4000704780B487B000AFF860B9601346FB71FF
:10AA500000237B750023FB754FF0FF333B61FB79CF
:10AA60009B003A6902FA03F33B613B69DB433B61BC
:10AA70003A69FB6813403B61FB79012B0DD13B69BF
:10AA8000092B04D83B69DBB23033DBB203E03B690E
:10AA9000DBB23733DBB2BA6813700023BB7540E01A
:10AAA000BB7D9B000F2202FA03F31A463B691A4052
:10AAB000BB7D5B08DBB2DB0022FA03F3DAB2FB7D7D
:10AAC0001344FB75BB7D03F00103DBB2002B25D0E3
:10AAD000FB7D1B097B757B7D092B03D87B7D303388
:10AAE000DBB202E07B7D3733DBB2BA7D013AB96875
:10AAF0000A441370FB7D03F00F037B757B7D092BEC
:10AB000003D87B7D3033DBB202E07B7D3733DBB2B1
:10AB1000BA7DB9680A4413700023FB75BB7D01330D
:10AB2000BB75BA7DFB799A42BAD300BF00BF1C3710
:10AB3000BD465DF8047B704780B584B000AFF86017
:10AB4000B9607A602E4AFB6813602E4ABB681360B6
:10AB50002D4A7B6813600A210E20FDF713F9034686
:10AB60002A4A13600A210E20FDF70CF90346284AF1
:10AB7000136000F0D5F8274B00221A70264B0022F4
:10AB80001A70214B1B6880221A60FB681B6803F156
:10AB900024021D4B1B689A601B4B1B681F4ADA601E
:10ABA00000F0F4F8174B1B6892221A60154B1B68D3
:10ABB0001B4ADA60FB681B6803F12802114B1B6813
:10ABC0009A600F4B1B681B681A680D4B1B681B684B
:10ABD00022F001021A600A4B1B681B6800225A60AF
:10ABE000074B1B681B684FF486529A60044B1B6826
:10ABF0001B6815221A6000BF1037BD4680BD00BF1C
:10AC0000D8130020DC130020E0130020D013002014
:10AC1000D4130020E4130020E5130020E8130020E3
:10AC2000F813002090B587B000AF78600B46FB703A
:10AC3000FB780A2B27D87F233B72AA237B72FB78F1
:10AC4000BB72FA7807F108030333796818460CF0F1
:10AC5000E8F8FB780333DAB2FB78DC1C07F1080371
:10AC60001146184600F0F2F803461A4604F118039C
:10AC70003B4403F8102C064B1B6807F108021146F1
:10AC80001846FDF75EF900BF1C37BD4690BD00BFFA
:10AC9000D013002080B500AF0B4B1B78002B10D1D8
:10ACA0000A4B1B680A491846FDF70EF90346002BAC
:10ACB00008D1074B9B780433DBB2184600F08CF8C0
:10ACC00000E000BF80BD00BFE4130020D0130020CF
:10ACD000F813002080B586B000AF786039600F4B64
:10ACE0001B6807F1080211461846FDF7EDF8034608
:10ACF000002B0DD13A7A3B681A703B7A1A4607F15D
:10AD000008030133194678680CF08BF8012300E042
:10AD1000002318461837BD4680BD00BFD41300205D
:10AD200080B500AF184B1B684FF4E1325A60164BE8
:10AD30001B6800229A60144B1B680022DA60124BD9
:10AD40001B6800221A61104B1B680C225A610E4BC3
:10AD50001B6800229A610C4B1B680022DA610A4BC7
:10AD60001B6800221A62084B1B6800225A62064BBD
:10AD70001B68184609F0F2FE0346002B01D002F0D2
:10AD80001BF800BF80BD00BFD813002080B400AF07
:10AD90000E4B1B680E225A600C4B1B681A680B4B3B
:10ADA0001B6842F001021A60094B1B681B681A6895
:10ADB000074B1B681B6842F015021A60054B012205
:10ADC0001A7000BFBD465DF8047B7047E013002099
:10ADD000D8130020E513002080B483B000AF0346F1
:10ADE000FB71FB790E2B25D8154B01221A70154BE0
:10ADF0001B681A68134B1B6822F001021A60114B82
:10AE00001B68FA795A60104B1B681B6840221A6253
:10AE10000C4B1B681A680B4B1B6842F001021A604E
:10AE2000094B1B681B681A68074B1B681B6842F0BC
:10AE300049021A6000BF0C37BD465DF8047B7047BD
:10AE4000E4130020DC130020D813002080B485B068
:10AE500000AF78600B46FB700023BB730023FB73CD
:10AE600009E0FB7B7A6813441A78BB7B1344BB73FD
:10AE7000FB7B0133FB73FA7BFB789A42F1D3BB7BFC
:10AE800018461437BD465DF8047B704790B583B013
:10AE900000AF2A4B1B681B68DB6903F01003002B13
:10AEA00037D0274B1B685B68DBB2C3F10E03FB7125
:10AEB000234B1B681A68224B1B6822F001021A60A0
:10AEC0001E4B1B681B6810221A621E4B1B787F2BBF
:10AED0001DD11C4B5B78AA2B19D1FA79194B9B78A1
:10AEE00004339A4213D1FB79013B164AD45CFB79B7
:10AEF000013BDBB219461348FFF7A8FF03469C420B
:10AF000005D1114B1B6811491846FDF71AF8FFF7D8
:10AF10003DFF0A4B1B681B68DB6903F04003002BF5
:10AF200007D0064B1B681B6840221A62084B0022A0
:10AF30001A7000BF0C37BD4690BD00BFD81300206B
:10AF4000E0130020E8130020D4130020EA130020AF
:10AF5000E413002080B400AF0A4B1B681A68094B49
:10AF60001B6822F001021A60074B5B68064A43F433
:10AF700080535360054B00221A7000BFBD465DF838
:10AF8000047B7047DC13002000000240E413002023
:10AF900080B400AF00BFBD465DF8047B7047000081
:10AFA00080B582B000AF7860094B00221A70094B5F
:10AFB00000221A7000F0FAF8074B1B68074A126863
:10AFC00019467868FFF7B8FD00BF0837BD4680BD59
:10AFD00012140020242200205826002010260020D1
:10AFE00080B582B000AF524B1B880A339AB2504BE7
:10AFF0001A804F4B1B8840F6B832934202D94D4B12
:10B0000000221A704C4B1B880A339AB24A4B1A80A2
:10B01000494B1B8841F2883293420DD9464B00229E
:10B020001A80FAF76AFD0346012219460120FCF74F
:10B0300089FE012000F0EEFE00237B6017E03F490F
:10B040007A6813465B0013449B000B4406331B884D
:10B050000A3398B239497A6813465B0013449B005F
:10B060000B44063302461A807B6801337B607B68A1
:10B07000B3F5967FE3DB00237B6042E02F497A68DB
:10B0800013465B0013449B000B441B78012B35D106
:10B090002A497A6813465B0013449B000B4404332F
:10B0A0001B88002B2AD025497A6813465B0013447D
:10B0B0009B000B440633198820487A6813465B00CE
:10B0C00013449B00034404331B88994216D31B4945
:10B0D0007A6813465B0013449B000B4402331B88C1
:10B0E000184600F097FE15497A6813465B00134432
:10B0F0009B000B44063300221A8006E07B68013374
:10B100007B607B68B3F5967FB8DBFFF7C3FD0C4926
:10B110000C48FFF7DFFD0346002B05D0084B1B78DA
:10B12000022B01D900F0B6FE00BF0837BD4680BD36
:10B13000262200202422002028220020141400208F
:10B14000121400200814002080B582B000AF78608F
:10B150000B46FB70FB7819467868FFF763FD00BF6C
:10B160000837BD4680BD80B586B000AF78600B461D
:10B17000FB7007F10C030A22002118460BF0C5F9F9
:10B1800006233B7320237B73FA7807F10C03023309
:10B19000796818460BF045FE07F10C030A211846A2
:10B1A000FFF7D2FF00BF1837BD4680BD80B500AFA6
:10B1B00040F6B831082000F0A9FD40F6B83109206A
:10B1C00000F0A4FD4FF47A710A2000F09FFD4FF4C7
:10B1D0007A710B2000F09AFD4FF47A710C2000F088
:10B1E00095FD4FF47A710D2000F090FD4FF47A71C7
:10B1F0000E2000F08BFD40F6B8310F2000F086FDE8
:10B2000040F6B831102000F081FD4FF47A71112022
:10B2100000F07CFD41F28831122000F077FD4FF400
:10B220007A71142000F072FD40F6B831152000F05C
:10B230006DFD40F6B831162000F068FD40F6B831DB
:10B24000172000F063FD40F6B831182000F05EFDD5
:10B250004FF47A711E2000F059FD40F6B8311F20DE
:10B2600000F054FD40F6B831202000F04FFD40F6CC
:10B27000B831212000F04AFD40F6B831222000F01C
:10B2800045FD4FF47A71232000F040FD40F6B831BF
:10B29000242000F03BFD40F6B831252000F036FDBB
:10B2A00040F6B831262000F031FD40F6B8312720B5
:10B2B00000F02CFD4FF47A71282000F027FD4FF4A8
:10B2C0007A71292000F022FD40F6B8312A2000F0E2
:10B2D0001DFD40F6B8312B2000F018FD4FF47A71B7
:10B2E0002C2000F013FD4FF47A712D2000F00EFD9C
:10B2F00040F6B8312E2000F009FD40F6B8312F207D
:10B3000000F004FD40F6B831302000F0FFFC40F6BC
:10B31000B831312000F0FAFC41F28831322000F0DF
:10B32000F5FC41F28831332000F0F0FC41F2883125
:10B330004FF48B7000F0EAFC41F2883140F21710B4
:10B3400000F0E4FC41F288314FF48C7000F0DEFC38
:10B3500041F2883140F2191000F0D8FC41F28831F6
:10B360004FF48D7000F0D2FC41F2883140F21B1096
:10B3700000F0CCFC41F288314FF48E7000F0C6FC36
:10B3800041F2883140F21D1000F0C0FC41F28831DA
:10B390004FF48F7000F0BAFC41F2883140F21F1078
:10B3A00000F0B4FC41F288314FF4907000F0AEFC34
:10B3B00041F288314FF4917000F0A8FC41F28831DD
:10B3C00040F2231000F0A2FC41F288314FF4927059
:10B3D00000F09CFC41F2883140F2251000F096FC10
:10B3E00041F288314FF4937000F090FC41F28831C3
:10B3F00040F2271000F08AFC4FF4FA614FF4967087
:10B4000000F084FC4FF4FA6140F22D1000F07EFC55
:10B410004FF4FA614FF4977000F078FC4FF4FA6142
:10B4200040F22F1000F072FC4FF4FA614FF4987064
:10B4300000F06CFC4FF4FA6140F2311000F066FC51
:10B440004FF4FA614FF4997000F060FC4FF4FA6128
:10B4500040F2331000F05AFC4FF4FA614FF49A7046
:10B4600000F054FC4FF4FA6140F2351000F04EFC4D
:10B470004FF4FA614FF49B7000F048FC4FF4FA610E
:10B4800040F2371000F042FC4FF4FA614FF49C7028
:10B4900000F03CFC4FF4FA6140F2391000F036FC49
:10B4A0004FF4FA614FF49D7000F030FC4FF4FA61F4
:10B4B00040F23B1000F02AFC4FF4FA614FF49E700A
:10B4C00000F024FC4FF4FA6140F23D1000F01EFC45
:10B4D0004FF4FA614FF4A07000F018FC4FF4FA61D9
:10B4E00040F2411000F012FC4FF4FA614FF4A170E9
:10B4F00000F00CFC4FF4FA6140F2431000F006FC3F
:10B500004FF4FA614FF4A27000F000FC4FF4FA61BE
:10B5100040F2451000F0FAFB4FF4FA614FF4A370CB
:10B5200000F0F4FB4FF4FA6140F2471000F0EEFB3C
:10B530004FF4FA614FF4A47000F0E8FB4FF4FA61A5
:10B5400040F2491000F0E2FB4FF4FA614FF4A570AD
:10B5500000F0DCFB4FF4FA6140F24B1000F0D6FB38
:10B560004FF4FA614FF4A67000F0D0FB4FF4FA618B
:10B5700040F24D1000F0CAFB4FF4FA614FF4A7708F
:10B5800000F0C4FB4FF4FA6140F24F1000F0BEFB34
:10B590004FF4FA614FF4A87000F0B8FB4FF4FA6171
:10B5A00040F2511000F0B2FB4FF4FA614FF4AA7070
:10B5B00000F0ACFB4FF4FA6140F2551000F0A6FB2E
:10B5C0004FF4FA614FF4AB7000F0A0FB4FF4FA6156
:10B5D00040F2571000F09AFB4FF4FA614FF4AC7050
:10B5E00000F094FB40F6B831502000F08FFB40F69D
:10B5F000B831512000F08AFB40F6B831522000F0FB
:10B6000085FB40F6B831532000F080FB40F6B8319E
:10B610005A2000F07BFB40F6B8315B2000F076FB4F
:10B6200040F6B8315C2000F071FB40F6B8315D2087
:10B6300000F06CFB40F6B831552000F067FB40F697
:10B64000B831562000F062FB40F6B8313C2000F0E3
:10B650005DFB40F6B8313D2000F058FB40F6B831B4
:10B660003E2000F053FB40F6B8313F2000F04EFB87
:10B6700040F6B831402000F049FB40F6B831412097
:10B6800000F044FB40F6B831422000F03FFB40F6AA
:10B69000B831432000F03AFB41F288314FF4827018
:10B6A00000F034FB41F2883140F2051000F02EFB2F
:10B6B00041F288314FF4837000F028FB40F6B83136
:10B6C000462000F023FB40F6B831472000F01EFB77
:10B6D00040F6B831482000F019FB40F6B831492057
:10B6E00000F014FB40F6B8314A2000F00FFB40F6A2
:10B6F000B8314B2000F00AFB40F6B8314C2000F086
:10B7000005FB40F6B8314D2000F000FB41F28831D6
:10B710004FF4877000F0FAFA41F2883140F20F10CE
:10B7200000F0F4FA41F288314FF4887000F0EEFA3C
:10B7300040F6B831622000F0E9FA40F6B8316320F3
:10B7400000F0E4FA40F6B831642000F0DFFA40F689
:10B75000B831652000F0DAFA40F6B831662000F022
:10B76000D5FA40F6B831672000F0D0FA40F6B8318B
:10B77000682000F0CBFA40F6B831692000F0C6FA34
:10B7800040F6B8316A2000F0C1FA40F6B8316B20BB
:10B7900000F0BCFA40F6B8316C2000F0B7FA40F681
:10B7A000B8316D2000F0B2FA40F6B8316E2000F0EA
:10B7B000ADFA40F6B8316F2000F0A8FA40F6B83183
:10B7C000702000F0A3FA40F6B831712000F09EFA24
:10B7D00040F6B831722000F099FA40F6B831732083
:10B7E00000F094FA40F6B831742000F08FFA40F679
:10B7F000B831752000F08AFA40F6B831782000F0B0
:10B8000085FA40F6B831792000F080FA40F6B83178
:10B810007A2000F07BFA40F6B8317B2000F076FA0F
:10B8200040F6B8317C2000F071FA40F6B8317D2046
:10B8300000F06CFA40F6B8317E2000F067FA40F66E
:10B84000B8317F2000F062FA41F28831902000F098
:10B850005DFA41F28831912000F058FA41F28831C6
:10B86000922000F053FA4FF47A71A12000F04EFAC2
:10B870004FF47A71A22000F049FA41F28831A320F6
:10B8800000F044FA41F28831A42000F03FFA40F67B
:10B89000B831802000F03AFA40F6B831812000F04B
:10B8A00035FA40F6B831822000F030FA40F6B8316F
:10B8B000832000F02BFA40F6B831842000F026FAFD
:10B8C00040F6B831852000F021FA40F6B8318920E1
:10B8D00000F01CFA40F6B8318A2000F017FA40F662
:10B8E000B8318B2000F012FA40F6B8318C2000F00D
:10B8F0000DFA40F6B8318D2000F008FA40F6B83164
:10B900008E2000F003FA40F6B831B42000F0FEF9C2
:10B9100040F6B831B52000F0F9F940F6B831B6205C
:10B9200000F0F4F940F6B831B72000F0EFF940F636
:10B93000B831B82000F0EAF940F6B831B92000F08B
:10B94000E5F940F6B831BA2000F0E0F940F6B83138
:10B95000BB2000F0DBF940F6B831BC2000F0D6F98E
:10B9600040F6B831BD2000F0D1F940F6B831BE2024
:10B9700000F0CCF940F6B831BF2000F0C7F940F62E
:10B98000B831C02000F0C2F940F6B831C12000F053
:10B99000BDF940F6B831C22000F0B8F940F6B83130
:10B9A000C32000F0B3F940F6B831C42000F0AEF97E
:10B9B00040F6B831C52000F0A9F940F6B831C620EC
:10B9C00000F0A4F940F6B831C72000F09FF940F626
:10B9D000B831C82000F09AF940F6B831C92000F01B
:10B9E00095F940F6B831CA2000F090F940F6B83128
:10B9F000CB2000F08BF940F6B831CC2000F086F96E
:10BA000040F6B831CD2000F081F940F6B831CE20B3
:10BA100000F07CF940F6B831CF2000F077F940F61D
:10BA2000B831D02000F072F940F6B831D12000F0E2
:10BA30006DF940F6B831D22000F068F940F6B8311F
:10BA4000D32000F063F940F6B831DC2000F05EF955
:10BA500040F6B831DD2000F059F940F6B831DE206B
:10BA600000F054F940F6B831DF2000F04FF940F60D
:10BA7000B831E02000F04AF940F6B831E12000F09A
:10BA800045F940F6B831E22000F040F940F6B8310F
:10BA9000E32000F03BF940F6B831E42000F036F93D
:10BAA00040F6B831E52000F031F940F6B831E62033
:10BAB00000F02CF940F6B831E72000F027F940F605
:10BAC000B831E82000F022F940F6B831E92000F062
:10BAD0001DF940F6B831EA2000F018F940F6B83107
:10BAE000EB2000F013F940F6B831EC2000F00EF92D
:10BAF00040F6B831ED2000F009F940F6B831EE20FB
:10BB000000F004F940F6B831EF2000F0FFF840F6FD
:10BB1000B831F02000F0FAF840F6B831F12000F02A
:10BB2000F5F840F6B831F22000F0F0F840F6B83100
:10BB3000F32000F0EBF840F6B831F42000F0E6F81E
:10BB400040F6B831F52000F0E1F840F6B831F620C3
:10BB500000F0DCF840F6B831F72000F0D7F840F6F6
:10BB6000B831F82000F0D2F840F6B831F92000F0F2
:10BB7000CDF840F6B831FA2000F0C8F840F6B831F8
:10BB8000FB2000F0C3F840F6B8314FF4AF7000F07E
:10BB9000BDF840F6B83140F25F1000F0B7F840F65B
:10BBA000B8314FF4B07000F0B1F840F6B83140F25F
:10BBB000611000F0ABF840F6B8314FF4B17000F00E
:10BBC000A5F840F6B83140F2631000F09FF840F657
:10BBD000B8314FF4B27000F099F840F6B83140F245
:10BBE000651000F093F840F6B8314FF4B37000F0F0
:10BBF0008DF840F6B83140F2671000F087F840F653
:10BC0000B8314FF4B47000F081F840F6B83140F22A
:10BC1000691000F07BF840F6B8314FF4B57000F0D1
:10BC200075F840F6B83140F26B1000F06FF840F64E
:10BC3000B8314FF4B67000F069F840F6B83140F210
:10BC40006D1000F063F840F6B8314FF4B77000F0B3
:10BC50005DF840F6B83140F26F1000F057F840F64A
:10BC6000B8314FF4B87000F051F840F6B83140F2F6
:10BC7000711000F04BF840F6B8314FF4B97000F095
:10BC800045F840F6B83140F2731000F03FF840F646
:10BC9000B8314FF4BA7000F039F840F6B83140F2DC
:10BCA000751000F033F840F6B8314FF4BB7000F077
:10BCB0002DF840F6B83140F2771000F027F840F642
:10BCC000B8314FF4BC7000F021F840F6B83140F2C2
:10BCD000791000F01BF840F6B8314FF4BD7000F059
:10BCE00015F840F6B83140F27B1000F00FF840F63E
:10BCF000B8314FF4BE7000F009F840F6B83140F2A8
:10BD00007D1000F003F800BF80BD000080B485B056
:10BD100000AF03460A46FB801346BB800023FB604E
:10BD200038E03B49FA6813465B0013449B000B4420
:10BD300002331B88FA889A4229D1BB88002B13D082
:10BD40003349FA6813465B0013449B000B440433E9
:10BD5000BA881A802E49FA6813465B0013449B0088
:10BD60000B4401221A704EE02949FA6813465B0021
:10BD700013449B000B44043300221A802449FA68C0
:10BD800013465B0013449B000B4400221A70FB68AF
:10BD90000133FB60FB68B3F5967FC2DB0023FB60D9
:10BDA0002DE01B49FA6813465B0013449B000B44CB
:10BDB0001B78002B20D1BB88002B1DD01449FA68BA
:10BDC00013465B0013449B000B440233FA881A802D
:10BDD0000F49FA6813465B0013449B000B4404337D
:10BDE000BA881A800A49FA6813465B0013449B001C
:10BDF0000B4401221A7006E0FB680133FB60FB680C
:10BE0000B3F5967FCDDB1437BD465DF8047B7047F4
:10BE10001414002080B586B000AF0346FB800023D9
:10BE20007B820023FB8207F11202FB881146184631
:10BE3000FBF754FF0346BB827B8A012B14BF01230F
:10BE40000023DBB2FB8202233B7221237B72FB883F
:10BE50001B0A9BB2DBB2BB72FB88DBB2FB72B7F989
:10BE600014301B121BB2DBB23B73BB8ADBB27B7399
:10BE7000FB8A1B0A9BB2DBB2BB73FB8ADBB2FB7390
:10BE800007F1080308211846FEF7CCFE00BF18375B
:10BE9000BD4680BD80B584B000AF534B1B781BB24C
:10BEA0001B021AB2504B5B781BB213431BB2FB81CF
:10BEB0000023BB604C4B9B781BB21B021AB24A4B4F
:10BEC000DB781BB213431BB2FB80474B1B791BB2C1
:10BED0001B021AB2444B5B791BB213431BB2BB80EB
:10BEE000FB8940F27772934210D0B3F5EF6F76DAA8
:10BEF00040F21372934210D040F2137293426EDC00
:10BF0000512B2BD0B3F5907F58D068E0374B0122EE
:10BF10001A70374B00221A8060E0334B9B781BB2BB
:10BF20001B021AB2304BDB781BB213431BB27B806F
:10BF30002D4B1B791BB21B021AB22B4B5B791BB228
:10BF400013431BB23B803A887B8811461846FFF7A3
:10BF5000DDFE7B881846FFF75DFF3FE0224B0022A5
:10BF60009A71214B0022DA711F4B00221A721E4B6C
:10BF700000225A7208221F494FF4A260F9F764FEAA
:10BF8000194B9B781B06BA681343BB60164BDB78D2
:10BF90001B04BA681343BB60134B1B791B02BA68BE
:10BFA0001343BB60104B5B791A46BB681343BB60FD
:10BFB000B868FBF7F5F8FCF7DBFB0FE0FB88C3F391
:10BFC0000E0398B2B7F90410B7F90630DB439BB201
:10BFD000DB0BDBB21A46FBF7B5FE00BF00BF00BFAC
:10BFE0001037BD4680BD00BF081400202422002069
:10BFF000262200200A14002080B400AF00BFFDE715
:10C0000080B400AF00BFFDE780B582B000AF7860BC
:10C010002D4A7B6813602D4B00221A7001224FF4C9
:10C0200080612B4805F0A8F800224FF48051284881
:10C0300005F0A2F8142002F047F801224FF48051D5
:10C04000234805F099F8142002F03EF8214B002215
:10C050001A702149012000F031F9142002F034F85F
:10C060001C4B41221A701B4B00225A70194B402264
:10C070009A701949032000F021F9142002F024F8E5
:10C08000144B08221A701449012000F017F91420EB
:10C0900002F01AF80F4B10221A700F49012000F01D
:10C0A0000DF9032002F010F80A4B00221A70094B18
:10C0B00000225A70074B00229A70064B0022DA7059
:10C0C00000BF0837BD4680BD482200204C2200201A
:10C0D00000080048302200203C2200202DE9B04F0B
:10C0E00000AF00F0CBF80346002B00F09280534BDA
:10C0F00000221A60524B1B781B0403F4FE024F4BC4
:10C100001B6813434D4A13604D4B5B781A024B4B2F
:10C110001B681343494A1360494B9B781A46474BA7
:10C120001B681343454A1360454B1B785BB2002BD9
:10C1300007DA424B1B686FEA43236FEA53233F4AF7
:10C1400013603E4B1B68DA17984691463D4B03FB44
:10C1500009F2002303FB08F313443A4AA8FB024503
:10C160002B441D4622462B46002B06DA364912EB9D
:10C17000010A43F1000B52465B464FF000004FF0BE
:10C180000001D00D40EA4320D91502460B462F4B43
:10C190001A602F4B1A682F4B1B7819462E4B53F8F9
:10C1A0002130D31A2A4A13602A4B1B781946274B91
:10C1B0001B68294A42F82130254B1A68234B1B681B
:10C1C0001344234A1360224B1B68244A82FB031248
:10C1D0009210DB17D31A224A13601E4B1B780133CF
:10C1E000DAB21C4B1A701B4B1B78092B02D9194B66
:10C1F00000221A701A4B1B68184A82FB0312921015
:10C20000DB17D31A1BB2012219463320FBF79AFD24
:10C210000DE0134B1B68114A82FB03129210DB17CF
:10C22000D31A1BB2002219463320FBF78BFD0449B9
:10C23000042000F043F800BFBDE8B08F502200207A
:10C240002C220020400D0300FFFF7F00542200201D
:10C2500088220020842200205C2200206766666617
:10C260005822002080B400AF034B1B681846BD461F
:10C270005DF8047B704700BF5822002080B483B073
:10C2800000AF0D4B1A780C4B5B781344DAB20A4BB3
:10C290009B781344DBB2653BFB71074BDB78FA7983
:10C2A0009A4201D1012300E0002318460C37BD4615
:10C2B0005DF8047B704700BF2C22002080B582B05F
:10C2C00000AF03463960FB71174B1B78002B01D080
:10C2D000012324E0144B01221A7000224FF48061E4
:10C2E000124804F049FF1021114804F02DFF0346C5
:10C2F000002B08D10F4B1868FB799BB23A680E49A6
:10C3000006F064FD0AE0012001F0DEFE094B18682A
:10C31000FB799BB23A68084906F058FD002318469D
:10C320000837BD4680BD00BF4C22002000080048F1
:10C3300000040048482200203022002080B582B04E
:10C3400000AF78607B681B68074A934208D10122DE
:10C350004FF48061054804F00FFF054B00221A706E
:10C3600000BF0837BD4680BD0030014000080048CE
:10C370004C22002080B483B000AF786000BF0C373F
:10C38000BD465DF8047B704780B500AF174B184A77
:10C390009A60BFF34F8F00BFBFF36F8F00BF62B6CD
:10C3A00000BF01F01CFE00F025F800F0D3FB00F008
:10C3B00067FB00F029F900F0ABF900F02BFB00F06F
:10C3C0006DF800F03DFA00F055F900F071F900F059
:10C3D000CFF900F001FA00F05DFA00F099FAFCF7ED
:10C3E0007BF8FCF751F900BFFDE700BF00ED00E06E
:10C3F0000042000880B596B000AF07F11403442254
:10C40000002118460AF081F83B4600221A605A6063
:10C410009A60DA601A614FF4007004F065FF034619
:10C42000002B01D000F0C8FC09237B614FF480335E
:10C43000BB610123BB620223FB6303233B64022332
:10C440007B641923BB640723FB6402233B6502233F
:10C450007B6507F11403184604F09CFF0346002B8C
:10C4600001D000F0A9FC0F233B6003237B60002375
:10C47000BB604FF48063FB604FF480633B613B46DD
:10C480000321184605F0A6FB0346002B01D000F05F
:10C4900093FC00BF5837BD4680BD000080B586B014
:10C4A00000AF3B4600221A605A609A60DA601A6157
:10C4B0005A614D4B4D4A1A604B4B00225A604A4B11
:10C4C00000229A60484B0022DA60474B01221A6131
:10C4D000454B04225A61444B00221A76424B0122FA
:10C4E0005A76414B0622DA613F4B002283F8202026
:10C4F0003D4B00229A623C4B0022DA623A4B012209
:10C5000083F83020384B00225A63374B002283F8DF
:10C510003820354802F024F80346002B01D000F003
:10C520004BFC334B3B6006237B600023BB607F23C7
:10C53000FB6004233B6100237B613B4619462A488C
:10C5400002F00EFC0346002B01D000F035FC294B15
:10C550003B600C237B603B461946234802F000FCFD
:10C560000346002B01D000F027FC234B3B60122335
:10C570007B603B4619461C4802F0F2FB0346002B49
:10C5800001D000F019FC1D4B3B6018237B603B463B
:10C590001946154802F0E4FB0346002B01D000F0D9
:10C5A0000BFC174B3B604FF480737B603B46194696
:10C5B0000D4802F0D5FB0346002B01D000F0FCFB38
:10C5C000104B3B604FF483737B603B461946064833
:10C5D00002F0C6FB0346002B01D000F0EDFB00BFCC
:10C5E0001837BD4680BD00BF8C22002000000450DB
:10C5F000400020190002B0250004002A0008302E57
:10C60000001060320000214380B500AF174B184A7C
:10C610001A60164B05225A60144B00229A60134B85
:10C620000022DA60114B4FF460221A610F4B4FF475
:10C6300040125A610D4B00221A760C4B00225A769A
:10C640000A4B00229A76094B0122DA76074B002228
:10C650001A77064B00225A77044803F031FA034652
:10C66000002B01D000F0A8FB00BF80BD38230020C4
:10C670000064004080B500AF0B4B0C4A1A600A4BB7
:10C6800006225A60084B40F6FF72DA60064B40F211
:10C6900077129A60044804F0B9FD0346002B01D0DC
:10C6A00000F08AFB00BF80BD602300200030004006
:10C6B00080B500AF144B154A1A60134B4FF49642E5
:10C6C0005A60114B00229A600F4B0022DA600E4B29
:10C6D00000221A610C4B0C225A610B4B00229A610A
:10C6E000094B00221A62084B10225A62064B4FF483
:10C6F00080529A63044808F031FA0346002B01D0B7
:10C7000000F05AFB00BF80BD702300200080004075
:10C7100080B500AF144B154A1A60134B4FF4E13249
:10C720005A60114B00229A600F4B0022DA600E4BC8
:10C7300000221A610C4B0C225A610B4B00229A61A9
:10C74000094B0022DA61084B00221A62064B0022D4
:10C750005A62054808F002FA0346002B01D000F0A7
:10C760002BFB00BF80BD00BFF42300200038014038
:10C7700080B500AF164B174A1A60154B4FF416528E
:10C780005A60134B00229A60114B0022DA60104B62
:10C7900000221A610E4B04225A610D4B00229A614D
:10C7A0000B4B0022DA610A4B00221A62084B10225E
:10C7B0005A62074B4FF480529A63054808F0CEF94D
:10C7C0000346002B01D000F0F7FA00BF80BD00BF88
:10C7D000782400200044004080B500AF164B174A73
:10C7E0001A60154B4FF416525A60134B00229A6090
:10C7F000114B0022DA60104B00221A610E4B04220A
:10C800005A610D4B00229A610B4B0022DA610A4BF0
:10C8100000221A62084B10225A62074B4FF48052D2
:10C820009A63054808F09AF90346002B01D000F0FE
:10C83000C3FA00BF80BD00BFFC24002000480040B8
:10C8400080B500AF114B124A1A60104B00225A609B
:10C850000E4B7C229A600D4B40F2CF72DA600B4B8C
:10C8600000221A61094B00225A61084B00229A618A
:10C87000064B0022DA61054805F0BCFE0346002B9A
:10C8800001D000F099FA00BF80BD00BF3027002022
:10C890000028004080B500AF1B4B1C4A1A601A4BA1
:10C8A0004FF482725A60184B00229A60164B4FF474
:10C8B000E062DA60144B00221A61134B01225A61C4
:10C8C000114B4FF400729A610F4B3822DA610E4B14
:10C8D00000221A620C4B00225A620B4B00229A6211
:10C8E000094B0722DA62084B00221A63064B00222A
:10C8F0005A63054806F0C7F90346002B01D000F043
:10C900005BFA00BF80BD00BF54270020003001400B
:10C9100080B58EB000AF07F1280300221A605A607C
:10C920009A60DA6007F11C0300221A605A609A606C
:10C930003B4600221A605A609A60DA601A615A61B6
:10C940009A61334B4FF080421A60314B32225A6069
:10C950002F4B00229A602E4B4FF47A72DA602C4BE8
:10C9600000221A612A4B00229A61294806F082FFB0
:10C970000346002B01D000F01FFA4FF48053BB6236
:10C9800007F128031946224807F0C6FB0346002B8F
:10C9900001D000F011FA1E4806F0C3FF0346002B39
:10C9A00001D000F009FA0023FB6100237B6207F14C
:10C9B0001C031946164808F04DF80346002B01D019
:10C9C00000F0FAF960233B6000237B600023BB602A
:10C9D00000233B613B46082219460D4807F088FAC0
:10C9E0000346002B01D000F0E7F93B460C22194624
:10C9F000074807F07DFA0346002B01D000F0DCF970
:10CA0000034801F0ADF800BF3837BD4680BD00BF18
:10CA10004828002080B584B000AF3B1D00221A607A
:10CA20005A609A60144B154A1A60134B04225A60DC
:10CA3000114B00229A60104B4FF47A72DA600E4B61
:10CA400000229A610C4806F015FF0346002B01D026
:10CA500000F0B2F900237B600023FB603B1D194608
:10CA6000054807F0F7FF0346002B01D000F0A4F9BA
:10CA700000BF1037BD4680BD942800200010004044
:10CA800080B582B000AF324B9B6C314A43F001035A
:10CA900093642F4B9B6C03F001037B607B682C4BF2
:10CAA0009B6C2B4A43F002039364294B9B6C03F06D
:10CAB00002033B603B68002202210B2003F01DFFB4
:10CAC0000B2003F036FF002201210C2003F015FF9C
:10CAD0000C2003F02EFF002204210D2003F00DFF97
:10CAE0000D2003F026FF002202210E2003F005FF97
:10CAF0000E2003F01EFF002202210F2003F0FDFE96
:10CB00000F2003F016FF00220421102003F0F5FE91
:10CB1000102003F00EFF002201213B2003F0EDFE68
:10CB20003B2003F006FF00220221442003F0E5FE33
:10CB3000442003F0FEFE00220221452003F0DDFE2A
:10CB4000452003F0F6FE00BF0837BD4680BD00BF9C
:10CB50000010024080B58AB000AF07F11403002234
:10CB60001A605A609A60DA601A618E4BDB6C8D4AEB
:10CB700043F00403D3648B4BDB6C03F004033B6191
:10CB80003B69884BDB6C874A43F08003D364854B59
:10CB9000DB6C03F08003FB60FB68824BDB6C814A3B
:10CBA00043F00103D3647F4BDB6C03F00103BB60F4
:10CBB000BB687C4BDB6C7B4A43F00203D364794B4C
:10CBC000DB6C03F002037B607B68764BDB6C754AA1
:10CBD00043F00803D364734BDB6C03F008033B6042
:10CBE0003B68002249F2E0716F4804F0C5FA002268
:10CBF0004FF2C5016D4804F0BFFA00224FF4807176
:10CC00004FF0904004F0B8FA00220421684804F084
:10CC1000B3FA00220821674804F0AEFA4FF400533B
:10CC20007B610023BB610023FB6107F114031946FC
:10CC30005D4804F00FF94FF480437B610023BB6132
:10CC40000223FB6107F114031946574804F002F967
:10CC500049F2A0737B610123BB610023FB610023C8
:10CC60003B6207F1140319464F4804F0F3F80C2314
:10CC70007B614FF48813BB610023FB6107F1140350
:10CC80001946494804F0E6F801237B614FF4881304
:10CC9000BB610023FB6107F1140319464FF090407C
:10CCA00004F0D8F808237B610023BB610023FB61FB
:10CCB00007F1140319464FF0904004F0CBF84FF2FF
:10CCC000C5037B610123BB610023FB6100233B6241
:10CCD00007F114031946354804F0BCF840237B6182
:10CCE0001123BB610023FB6100233B6207F11403A6
:10CCF00019462D4804F0AEF84FF480737B61012390
:10CD0000BB610023FB6100233B6207F1140319465A
:10CD10004FF0904004F09EF804237B610123BB6137
:10CD20000023FB6100233B6207F1140319462048EE
:10CD300004F090F808237B610123BB610023FB61B1
:10CD400000233B6207F1140319461A4804F082F8E5
:10CD50004FF440737B610023BB610023FB6107F14B
:10CD600014031946114804F075F800220621062024
:10CD700003F0C3FD062003F0DCFD0022062108209D
:10CD800003F0BBFD082003F0D4FD0022062109209A
:10CD900003F0B3FD092003F0CCFD00BF2837BD46EA
:10CDA00080BD00BF00100240000800480004004899
:10CDB000000C0048001C004880B400AF72B600BFF1
:10CDC00000BFFDE780B584B000AF154B60221A604C
:10CDD000134B00225A60124B00229A60104B002223
:10CDE000DA600F4B00221A610D4B00225A610C4B86
:10CDF00000229A6100233B730A4B7B600C23BB60CB
:10CE000001233A1D07CA00F0ABF80823BB600223D8
:10CE10003A1D07CA00F0A4F800BF1037BD4680BD18
:10CE2000042900204828002080B582B000AF0346C6
:10CE30000A46FB711346BB71FB79012B02D0FB79CB
:10CE4000022B54D1BA7913469B0013445B001A4657
:10CE5000404B5A60FA79404913465B0013449B00EB
:10CE60000B440833BA791A70FA793B4913465B00D0
:10CE700013449B000B441868FA79374913465B004A
:10CE800013449B000B4404331B68194606F088FECC
:10CE9000FA79314913465B0013449B000B44186830
:10CEA000FA792D4913465B0013449B000B4404336D
:10CEB0001B681A46274907F01BF80346002B01D0D0
:10CEC000FFF77AFFFA79244913465B0013449B006D
:10CED0000B441868FA79204913465B0013449B0001
:10CEE0000B4404331B68194606F07CFD2EE0FA79EA
:10CEF000194913465B0013449B000B440833BA796D
:10CF00001A70FB79002B10D1BB79002B06D00122BF
:10CF10004FF48051114804F02FF917E000224FF42C
:10CF200080510E4804F028F910E0FB79032B0DD155
:10CF3000BB79002B05D001220421084804F01CF91C
:10CF400004E000220421054804F016F900BF083768
:10CF5000BD4680BD04290020E028002000040048D0
:10CF600090B585B000AF3C1D84E80700FB70FA78EF
:10CF70007968134813465B0013449B00034419600F
:10CF8000FA78B9680E4813465B0013449B000344CB
:10CF900004331960FA78387B094913465B0013445F
:10CFA0009B000B44083302461A707B68BA6811462E
:10CFB000184606F017FD00BF1437BD4690BD00BFF0
:10CFC000E028002080B400AF0F4B01229A800F4B65
:10CFD00005229A800E4B0A229A800E4B32229A80AA
:10CFE0000D4B64229A800D4BFA229A800C4B4FF421
:10CFF000FA729A800B4B4FF47A729A8000BFBD464A
:10D000005DF8047B704700BF2029002028290020FC
:10D0100030290020382900204029002048290020FC
:10D02000502900205829002080B500AF0C4800F09E
:10D0300027F80C4800F024F80B4800F021F80B48C2
:10D0400000F01EF80A4800F01BF80A4800F018F833
:10D05000094800F015F8094800F012F800BF80BD3B
:10D0600020290020282900203029002038290020EC
:10D07000402900204829002050290020582900205C
:10D0800080B483B000AF78607B685B8801339AB26C
:10D090007B685A807B685A887B689B889A4205D354
:10D0A0007B6801221A707B6800225A8000BF0C370F
:10D0B000BD465DF8047B704780B500AF244B1B78FC
:10D0C000002B04D000F054F8214B00221A70214BA1
:10D0D0001B78002B04D000F052F81E4B00221A706F
:10D0E0001D4B1B78002B04D000F04FF81A4B002288
:10D0F0001A701A4B1B78002B04D000F052F8174B13
:10D1000000221A70164B1B78002B04D000F050F848
:10D11000134B00221A70134B1B78002B04D000F025
:10D1200053F8104B00221A700F4B1B78002B04D0C1
:10D1300000F051F80C4B00221A700C4B1B78002B9E
:10D1400004D000F04FF8094B00221A7000BF80BDD8
:10D1500020290020282900203029002038290020FB
:10D16000402900204829002050290020582900206B
:10D1700080B400AF00BFBD465DF8047B704780B54A
:10D1800000AFF9F7E9F900BF80BD80B500AFF9F74E
:10D1900035F9F8F7E7FCFAF779FAFDF721FF00BF58
:10D1A00080BD80B400AF00BFBD465DF8047B704712
:10D1B00080B500AFFAF74CF8FDF70EF8FEF78EFFDA
:10D1C000F8F7BAF900BF80BD80B400AF00BFBD461C
:10D1D0005DF8047B704780B400AF00BFBD465DF8CA
:10D1E000047B704780B500AFFAF71CFFFAF79EFF8B
:10D1F000FBF780FAF8F7A6FEFCF75EF8FBF760FD98
:10D20000FBF792FC00BF80BD80B483B000AF0F4B32
:10D210001B6E0E4A43F0010313660C4B1B6E03F0AA
:10D2200001037B607B68094B9B6D084A43F0805388
:10D230009365064B9B6D03F080533B603B6800BFDA
:10D240000C37BD465DF8047B704700BF00100240FC
:10D2500080B5A2B000AF786007F1740300221A60B5
:10D260005A609A60DA601A6107F118035C220021A3
:10D27000184609F04AF97B681B68434A93427FD1FC
:10D280004FF48043BB614FF04053BB6607F1180376
:10D29000184604F0A5FE0346002B01D0FFF78CFDD5
:10D2A0003A4BDB6C394A43F40053D364374BDB6CA5
:10D2B00003F400537B617B69344BDB6C334A43F0EE
:10D2C0000103D364314BDB6C03F001033B613B6929
:10D2D0002E4BDB6C2D4A43F00203D3642B4BDB6CEB
:10D2E00003F00203FB60FB68F2237B670B23BB6741
:10D2F0000023FB6707F1740319464FF0904003F0D9
:10D30000A9FD02237B670B23BB670023FB6707F1A3
:10D31000740319461E4803F09DFD1E4B1E4A1A60F9
:10D320001C4B00225A601B4B00229A60194B0022B2
:10D33000DA60184B80221A61164B4FF480725A61E2
:10D34000144B4FF480629A61124B0022DA61114B48
:10D3500000221A620F4803F007FB0346002B01D09E
:10D36000FFF72AFD7B680B4ADA640A4A7B689362FE
:10D3700000220221122003F0C0FA122003F0D9FA91
:10D3800000BF8837BD4680BD000004500010024039
:10D3900000040048F02200200800024080B58AB056
:10D3A00000AF786007F1140300221A605A609A6097
:10D3B000DA601A617B681B68244A934241D1244B8E
:10D3C0009B6D234A43F000739365214B9B6D03F0E3
:10D3D00000733B613B691E4BDB6C1D4A43F001034C
:10D3E000D3641B4BDB6C03F00103FB60FB684FF461
:10D3F000C0537B610223BB610023FB6103233B62BB
:10D4000009237B6207F1140319464FF0904003F0A3
:10D4100021FD00220221132003F06FFA132003F0F4
:10D4200088FA00220121142003F067FA142003F087
:10D4300080FA00220121152003F05FFA152003F085
:10D4400078FA00BF2837BD4680BD00BF00640040A9
:10D450000010024080B5A6B000AF786007F18403E9
:10D4600000221A605A609A60DA601A6107F1280394
:10D470005C220021184609F048F87B681B689C4A2A
:10D48000934240F096802023BB6200237B6507F126
:10D490002803184604F0A4FD0346002B01D0FFF733
:10D4A0008BFC944BDB6D934A43F00103D365914BA6
:10D4B000DB6D03F001037B627B6A8E4BDB6C8D4A74
:10D4C00043F00403D3648B4BDB6C03F004033B6237
:10D4D0003B6A0323C7F884300223C7F8883000234F
:10D4E000C7F88C300323C7F890300823C7F894306E
:10D4F00007F184031946804803F0ACFC7F4B804A57
:10D500001A607E4B04225A607C4B00229A607B4B4F
:10D510000022DA60794B80221A61784B00225A612E
:10D52000764B00229A61754B0022DA61734B002220
:10D530001A62724803F018FA0346002B01D0FFF775
:10D540003BFC7B686D4A1A676C4A7B6893626D4B43
:10D550006D4A1A606B4B04225A606A4B10229A6023
:10D56000684B0022DA60674B80221A61654B00220B
:10D570005A61644B00229A61624B0022DA61614B6E
:10D5800000221A625F4803F0EFF90346002B01D036
:10D59000FFF712FC7B685B4ADA665A4A7B68936243
:10D5A00000220221462003F0A8F9462003F0C1F929
:10D5B000B3E17B681B68554A934240F0B180012378
:10D5C000BB620023BB6407F12803184604F008FD82
:10D5D0000346002B01D0FFF7EFFB464B1B6E454A7D
:10D5E00043F480431366434B1B6E03F48043FB619B
:10D5F000FB69404BDB6C3F4A43F00103D3643D4B76
:10D60000DB6C03F00103BB61BB694FF4C063C7F877
:10D6100084300223C7F888300023C7F88C300323F6
:10D62000C7F890300723C7F8943007F184031946F0
:10D630004FF0904003F00EFC354B364A1A60344BE5
:10D6400002225A60324B00229A60314B0022DA608B
:10D650002F4B80221A612E4B00225A612C4B002244
:10D660009A612B4B0022DA61294B00221A6228486A
:10D6700003F07AF90346002B01D0FFF79DFB7B688E
:10D68000234A1A67224A7B689362234B234A1A6013
:10D69000214B02225A60204B10229A601E4B00221E
:10D6A000DA601D4B80221A611B4B00225A611A4B13
:10D6B00000229A61184B0022DA61174B00221A628D
:10D6C000154803F051F90346002B01D0FFF774FB16
:10D6D0007B68114ADA66104A7B6893620022022155
:10D6E000252003F00AF9252003F023F915E100BFF6
:10D6F0000080004000100240000800488025002003
:10D7000080040240C82500206C040240003801401B
:10D7100010260020580002405826002044000240F5
:10D720007B681B687F4A934240F085800223BB627E
:10D730000023FB6407F12803184604F051FC03465C
:10D74000002B01D0FFF738FB774B9B6D764A43F4F3
:10D7500000339365744B9B6D03F400337B617B69ED
:10D76000714BDB6C704A43F00103D3646E4BDB6C8E
:10D7700003F001033B613B690423C7F884300223B3
:10D78000C7F888300023C7F88C300323C7F89030DF
:10D790000723C7F8943007F1840319464FF09040EF
:10D7A00003F058FB4FF40043C7F884300223C7F856
:10D7B00088300023C7F88C300323C7F89030032348
:10D7C000C7F8943007F1840319464FF0904003F0F6
:10D7D00041FB564B564A1A60544B02225A60534B37
:10D7E00000229A60514B0022DA60504B80221A616D
:10D7F0004E4B00225A614D4B00229A614B4B002246
:10D80000DA614A4B00221A62484803F0ADF8034639
:10D81000002B01D0FFF7D0FA7B68444A1A67434ACD
:10D820007B68936200220321262003F066F82620FD
:10D8300003F07FF871E07B681B683E4A93426CD12D
:10D840000423BB6200233B6507F12803184604F05C
:10D85000C7FB0346002B01D0FFF7AEFA324B9B6D9E
:10D86000314A43F4802393652F4B9B6D03F480234F
:10D87000FB60FB682C4BDB6C2B4A43F00403D36446
:10D88000294BDB6C03F00403BB60BB684FF40163FE
:10D89000C7F884300223C7F888300023C7F88C30DB
:10D8A0000323C7F890300723C7F8943007F18403A7
:10D8B0001946214803F0CEFA204B214A1A601F4B2B
:10D8C00002225A601D4B00229A601C4B0022DA6033
:10D8D0001A4B80221A61194B00225A61174B002201
:10D8E0009A61164B0022DA61144B00221A62134827
:10D8F00003F03AF80346002B01D0FFF75DFA7B688E
:10D900000E4A1A670D4A7B68936200220321272082
:10D9100002F0F3FF272003F00CF800BF9837BD4654
:10D9200080BD00BF0044004000100240A02600203F
:10D930006C0002400048004000080048E826002033
:10D940003000024080B59AB000AF786007F10C0358
:10D950005C220021184608F0D8FD7B681B680F4A3E
:10D96000934217D14FF40033FB604FF440737B6652
:10D9700007F10C03184604F033FB0346002B01D0DB
:10D98000FFF71AFA064BD3F89030054A43F40043E8
:10D99000C2F8903000BF6837BD4680BD0028004007
:10D9A0000010024080B58AB000AF786007F1140320
:10D9B00000221A605A609A60DA601A617B681B68FC
:10D9C000444A934240F08280434B1B6E424A43F4E8
:10D9D00080531366404B1B6E03F480533B613B69DD
:10D9E0003D4BDB6C3C4A43F00203D3643A4BDB6CA7
:10D9F00003F00203FB60FB6838237B610223BB61F9
:10DA00000023FB6103233B6205237B6207F11403C0
:10DA10001946324803F01EFA314B324A1A60304B35
:10DA200001225A602E4B00229A602D4B0022DA60B0
:10DA30002B4B80221A612A4B00225A61284B00226C
:10DA40009A61274B0022DA61254B00221A62244892
:10DA500002F08AFF0346002B01D0FFF7ADF97B6887
:10DA60001F4A9A651E4A7B6893621F4B1F4A1A60C1
:10DA70001D4B04225A601C4B10229A601A4B002244
:10DA8000DA60194B80221A61174B00225A61164B3B
:10DA900000229A61144B0022DA61134B00221A62B1
:10DAA000114802F061FF0346002B01D0FFF784F913
:10DAB0007B680D4A5A650C4A7B68936200220121FB
:10DAC000232002F01AFF232002F033FF00BF283783
:10DAD000BD4680BD003001400010024000040048F7
:10DAE000B82700201C000240002800204404024007
:10DAF00080B584B000AF78607B681B68B3F1804F5D
:10DB00000CD1154B9B6D144A43F001039365124BE6
:10DB10009B6D03F00103FB60FB6818E07B681B68EA
:10DB20000E4A934213D10C4B9B6D0B4A43F01003EA
:10DB30009365094B9B6D03F01003BB60BB6800222B
:10DB40000021362002F0D9FE362002F0F2FE00BF9E
:10DB50001037BD4680BD00BF0010024000100040DD
:10DB600080B588B000AF786007F10C0300221A601E
:10DB70005A609A60DA601A617B681B68B3F1804F63
:10DB80001CD1104BDB6C0F4A43F00203D3640D4BE6
:10DB9000DB6C03F00203BB60BB684FF44063FB60C7
:10DBA00002233B6100237B610023BB610123FB61F6
:10DBB00007F10C031946044803F04CF900BF203765
:10DBC000BD4680BD001002400004004880B400AF94
:10DBD00000BFFDE780B400AF00BFFDE780B400AF39
:10DBE00000BFFDE780B400AF00BFFDE780B400AF29
:10DBF00000BFFDE780B400AF00BFBD465DF8047B09
:10DC0000704780B400AF00BFBD465DF8047B70472D
:10DC100080B400AF00BFBD465DF8047B704780B59F
:10DC200000AF00F031FAFFF7FFF900BF80BD80B50B
:10DC300000AF012003F0D2FA00BF80BD80B500AF75
:10DC4000042003F0CBFA00BF80BD80B500AF0820F0
:10DC500003F0C4FA00BF80BD80B500AF024803F0F6
:10DC60001AF800BF80BD00BFF022002080B500AFD1
:10DC7000024803F010F800BF80BD00BFB8270020A5
:10DC800080B500AF024803F006F800BF80BD00BFBA
:10DC9000E826002080B500AF024802F0FCFF00BF7C
:10DCA00080BD00BFA026002080B500AF024800F074
:10DCB00084FE00BF80BD00BF8C22002080B500AF75
:10DCC000024802F019FB00BF80BD00BF38230020CE
:10DCD00080B500AF024802F00FFB00BF80BD00BF5F
:10DCE0003823002080B500AF024802F005FB00BFDA
:10DCF00080BD00BF3823002080B500AF024805F08A
:10DD0000F1F900BF80BD00BF5427002080B500AFEF
:10DD1000024807F001F800BF80BD00BF7824002052
:10DD200080B500AF024806F0F7FF00BF80BD00BF1E
:10DD3000FC24002080B500AFF8F7D6FF024805F0BC
:10DD4000B7FF00BF80BD00BF9428002080B500AFA2
:10DD5000024802F0A0FF00BF80BD00BF00280020E5
:10DD600080B500AF024802F096FF00BF80BD00BF43
:10DD7000C825002080B500AF024802F08CFF00BF2C
:10DD800080BD00BF8025002080B500AF024806F0AE
:10DD9000C3FF00BF80BD00BF7023002080B400AF70
:10DDA00001231846BD465DF8047B704780B582B0FC
:10DDB00000AF7860396008F0FDFF034616221A6054
:10DDC0004FF0FF3318460837BD4680BD80B582B09E
:10DDD00000AF78604FF0FF317868FFF7E7FF00BFD2
:10DDE000FDE780B586B000AFF860B9607A600023C7
:10DDF0007B610AE0AFF300800146BB685A1CBA6041
:10DE0000CAB21A707B6901337B617A697B689A4276
:10DE1000F0DB7B6818461837BD4680BD80B586B0FC
:10DE200000AFF860B9607A6000237B6109E0BB68ED
:10DE30005A1CBA601B781846AFF300807B69013327
:10DE40007B617A697B689A42F1DB7B6818461837F8
:10DE5000BD4680BD80B483B000AF78604FF0FF3323
:10DE600018460C37BD465DF8047B704780B483B01C
:10DE700000AF786039603B684FF400525A6000236D
:10DE800018460C37BD465DF8047B704780B483B0FC
:10DE900000AF7860012318460C37BD465DF8047B5F
:10DEA000704780B485B000AFF860B9607A60002335
:10DEB00018461437BD465DF8047B704780B586B0C0
:10DEC00000AF7860144A154BD31A7B617B693B61C4
:10DED000134B1B68002B02D1114B124A1A60104BD6
:10DEE0001A687B6813443A699A4207D208F062FFC5
:10DEF00003460C221A604FF0FF3309E0084B1B6801
:10DF0000FB60074B1A687B681344054A1360FB6883
:10DF100018461837BD4680BD00C00020000F000025
:10DF200064290020E02A002080B400AF154BD3F80C
:10DF30008830144A43F47003C2F88830124B1B68CF
:10DF4000114A43F0010313600F4B00229A600E4BFD
:10DF50001B680D4A23F0A85323F4102313600A4BC7
:10DF60004FF48052DA60084B1B68074A23F4802381
:10DF70001360054B00229A6100BFBD465DF8047B2B
:10DF8000704700BF00ED00E000100240DFF834D021
:10DF9000FFF7CAFF002103E00B4B5B5843500431ED
:10DFA0000A480B4B42189A42F6D30A4A02E0002371
:10DFB00042F8043B084B9A42F9D308F001FFFEF700
:10DFC000E3F9FEE700C000200488010800000020FB
:10DFD0001802002018020020DC2A0020FEE780B58D
:10DFE00082B000AF0023FB71032002F07BFC002015
:10DFF00000F00EF80346002B02D00123FB7101E074
:10E00000FFF702F9FB7918460837BD4680BD0000CE
:10E0100080B584B000AF78600023FB73174B1B788A
:10E02000002B23D0164B1A68144B1B7819464FF45B
:10E030007A73B3FBF1F3B2FBF3F3184602F087FCFB
:10E040000346002B0FD17B680F2B09D8002279687B
:10E050004FF0FF3002F051FC0A4A7B68136007E082
:10E060000123FB7304E00123FB7301E00123FB7335
:10E07000FB7B18461037BD4680BD00BF5401002011
:10E080004C0100205001002080B400AF064B1B78EB
:10E090001A46064B1B681344044A136000BFBD4672
:10E0A0005DF8047B704700BF540100206829002000
:10E0B00080B400AF034B1B681846BD465DF8047B77
:10E0C000704700BF6829002080B584B000AF786039
:10E0D000FFF7EEFFB8607B68FB60FB68B3F1FF3FC2
:10E0E00005D00A4B1B781A46FB681344FB6000BF3F
:10E0F000FFF7DEFF0246BB68D31AFA689A42F7D8E8
:10E1000000BF00BF1037BD4680BD00BF54010020D6
:10E1100080B483B000AF786039607B689B6823F47B
:10E120007C123B681A437B689A6000BF0C37BD467F
:10E130005DF8047B704780B483B000AF78603960CD
:10E140007B689B6823F0E0723B681A437B689A60A7
:10E1500000BF0C37BD465DF8047B704780B483B0C8
:10E1600000AF78607B689B6803F0E07318460C375B
:10E17000BD465DF8047B704780B487B000AFF8609F
:10E18000B9607A603B60FB6860331A46BB689B00ED
:10E1900013447B617B691A68084B13407A6802F06C
:10E1A000F8413A680A43134343F000427B691A601E
:10E1B00000BF1C37BD465DF8047B704700F0FF03CD
:10E1C00080B485B000AF786039607B6860331A46F0
:10E1D0003B689B001344FB60FB681B6803F0F8433B
:10E1E00018461437BD465DF8047B704780B487B08D
:10E1F00000AFF860B9607A60FB6860331A46BB68AC
:10E200009B0013447B617B691B6823F000427B68A1
:10E210001A437B691A6000BF1C37BD465DF8047B5A
:10E22000704780B483B000AF78607B68DB6803F42C
:10E230004063002B01D1012300E0002318460C3776
:10E24000BD465DF8047B704780B487B000AFF860CE
:10E25000B9607A60FB6830331A46BB681B0A9B00C2
:10E2600003F00C0313447B617B691A68BB6803F0FD
:10E270001F031F2101FA03F3DB431A407B689B0E47
:10E2800003F01F01BB6803F01F0301FA03F31A43F5
:10E290007B691A6000BF1C37BD465DF8047B704780
:10E2A00080B483B000AF78607B68DB6C03F0C003A0
:10E2B000002B01D1012300E0002318460C37BD4696
:10E2C0005DF8047B704780B487B000AFF860B96038
:10E2D0007A60FB6814331A46BB685B0E9B0003F040
:10E2E000040313447B617B691A68BB681B0D03F050
:10E2F0001F03072101FA03F3DB431A40BB681B0D20
:10E3000003F01F03796801FA03F31A437B691A606B
:10E3100000BF1C37BD465DF8047B704780B485B0F4
:10E3200000AFF860B9607A60FB68D3F8B020BB68D2
:10E33000C3F31203DB431A407B6803F01803084958
:10E34000D940BB680B40C3F312031A43FB68C3F800
:10E35000B02000BF1437BD465DF8047B704700BF96
:10E36000FFFF070080B483B000AF78607B689B68D4
:10E3700023F0204323F03F037A68936000BF0C37FB
:10E38000BD465DF8047B704780B483B000AF786011
:10E390007B689B6803F00053B3F1005F01D1012358
:10E3A00000E0002318460C37BD465DF8047B70473B
:10E3B00080B483B000AF78607B689B6823F0104323
:10E3C00023F03F0343F080527B689A6000BF0C3714
:10E3D000BD465DF8047B704780B483B000AF7860C1
:10E3E0007B689B6803F08053B3F1805F01D1012308
:10E3F00000E0002318460C37BD465DF8047B7047EB
:10E4000080B483B000AF78607B689B6823F00043E2
:10E4100023F03F0343F001027B689A6000BF0C3792
:10E42000BD465DF8047B704780B483B000AF786070
:10E430007B689B6823F0004323F03F0343F0020214
:10E440007B689A6000BF0C37BD465DF8047B70475F
:10E4500080B483B000AF78607B689B6803F00103F1
:10E46000012B01D1012300E0002318460C37BD46E3
:10E470005DF8047B704780B483B000AF78607B6840
:10E480009B6803F00203022B01D1012300E000236B
:10E4900018460C37BD465DF8047B704780B483B0E6
:10E4A00000AF78607B689B6823F0004323F03F0354
:10E4B00043F004027B689A6000BF0C37BD465DF8EC
:10E4C000047B704780B483B000AF78607B689B6842
:10E4D00023F0004323F03F0343F010027B689A606F
:10E4E00000BF0C37BD465DF8047B704780B483B035
:10E4F00000AF78607B689B6803F00403042B01D1B4
:10E50000012300E0002318460C37BD465DF8047B6C
:10E51000704780B483B000AF78607B689B6823F05D
:10E52000004323F03F0343F020027B689A6000BF62
:10E530000C37BD465DF8047B704780B483B000AFF4
:10E5400078607B689B6803F00803082B01D10123E6
:10E5500000E0002318460C37BD465DF8047B704789
:10E5600080B588B000AF78600023FB770023BB60E4
:10E570007B68002B01D101232CE17B681B69002BF8
:10E580007B685B6D002B09D17868FEF761FE7B68C4
:10E5900000229A657B68002283F850207B681B6804
:10E5A0001846FFF7F1FE0346002B04D07B681B687A
:10E5B0001846FFF7D7FE7B681B681846FFF70CFF6D
:10E5C0000346002B15D17B681B681846FFF7F0FE49
:10E5D000824B1B689B09824AA2FB03239B090133E0
:10E5E0005B00BB6002E0BB68013BBB60BB68002B0B
:10E5F000F9D17B681B681846FFF7EEFE0346002B37
:10E600000DD17B685B6D43F010027B685A657B68B7
:10E610009B6D43F001027B689A650123FB777B6861
:10E620001B681846FFF762FF78617B685B6D03F03B
:10E630001003002B40F0C5807B69002B40F0C180A7
:10E640007B685B6D23F4817343F002027B685A653B
:10E650007B681B681846FFF7FBFE0346002B0BD1B7
:10E660006048FFF7F5FE0346002B05D17B685B6829
:10E6700019465D48FFF74CFD7B685B7E5A037B685B
:10E680005B6B1A437B68DB681A437B689B681A43A1
:10E690007B6893F820301B041343BB617B6893F8BD
:10E6A0002030012B06D17B685B6A013B5B04BA69B1
:10E6B0001343BB617B689B6A002B09D07B689B6A14
:10E6C00003F470727B68DB6A1343BA691343BB615E
:10E6D0007B681B68DA68454B13407A681268B96931
:10E6E0000B43D3607B681B681846FFF7FFFE386159
:10E6F0007B681B681846FFF720FFF8603B69002B1A
:10E700003DD1FB68002B3AD17B681B7E9A037B6866
:10E7100093F830305B001343BB617B681B68DB6898
:10E7200023F4804323F002037A681268B9690B432B
:10E73000D3607B6893F83830012B18D17B681B6855
:10E740001B6923F4FF6323F004037A68D16B7A68B2
:10E75000126C11437A68526C11437A68926C0A43C6
:10E760001A437B681B6842F001021A6107E07B686C
:10E770001B681A697B681B6822F001021A617B68BA
:10E780001B69012B0CD17B681B681B6B23F00F01ED
:10E790007B68DB695A1E7B681B680A431A6307E0C3
:10E7A0007B681B681A6B7B681B6822F00F021A6378
:10E7B0007B685B6D23F0030343F001027B685A65BD
:10E7C00007E07B685B6D43F010027B685A650123AC
:10E7D000FB77FB7F18462037BD4680BD4C010020EB
:10E7E000632D3E05000004500003045007C0F0FFF5
:10E7F00080B586B000AFF860B9607A60FB681B68CE
:10E800001846FFF773FE0346002B67D1FB6893F8A9
:10E810005030012B01D1022363E0FB68012283F811
:10E820005020F86800F038FF0346FB75FB7D002B95
:10E830004FD1FB685B6D23F4706323F0010343F455
:10E840008072FB685A65FB685B6D03F48053002B94
:10E8500006D0FB689B6D23F00602FB689A6502E018
:10E86000FB6800229A65FB68DB6C204ADA62FB6871
:10E87000DB6C1F4A1A63FB68DB6C1E4A5A63FB6839
:10E880001B681C221A60FB68002283F85020FB687A
:10E890001B685A68FB681B6842F010025A60FB68EC
:10E8A0001B68DA68FB681B6842F00102DA60FB68EB
:10E8B000D86CFB681B6840331946BA687B6802F065
:10E8C0000BF90346FB75FB681B681846FFF7E6FD6E
:10E8D00006E0FB68002283F8502001E00223FB756C
:10E8E000FB7D18461837BD4680BD00BF1BF80008E9
:10E8F000F3F800080FF9000880B584B000AF786025
:10E900007B6893F85030012B01D1022351E07B68E2
:10E91000012283F850200321786800F001FE0346AD
:10E92000FB73FB7B002B3FD17B681B68DA687B683D
:10E930001B6822F00102DA607B68DB6C93F82530FB
:10E94000DBB2022B0FD17B68DB6C184602F024F996
:10E950000346FB73FB7B002B05D07B685B6D43F0AC
:10E9600040027B685A657B681B685A687B681B6835
:10E9700022F010025A60FB7B002B05D1786800F072
:10E98000EDFE0346FB7302E0786800F0E7FEFB7BD8
:10E99000002B09D17B685B6D23F4885323F00103BE
:10E9A00043F001027B685A657B68002283F850209F
:10E9B000FB7B18461037BD4680BD80B588B000AFE0
:10E9C00078600023FB617B681B681B68BB617B6808
:10E9D0001B685B687B61BB6903F00203002B17D0E7
:10E9E0007B6903F00203002B12D07B685B6D03F0A0
:10E9F0001003002B05D17B685B6D43F400627B68DC
:10EA00005A65786801F052F87B681B6802221A6028
:10EA1000BB6903F00403002B04D07B6903F00403FB
:10EA2000002B09D1BB6903F00803002B5ED07B6982
:10EA300003F00803002B59D07B685B6D03F01003D3
:10EA4000002B05D17B685B6D43F400727B685A65CF
:10EA50007B681B681846FFF7E4FB0346002B3ED09B
:10EA60007B681B68DB683B613B6903F40053002B48
:10EA700035D17B681B681B6803F00803082B2ED177
:10EA80007B681B681846FFF731FD0346002B1AD13F
:10EA90007B681B685A687B681B6822F00C025A600E
:10EAA0007B685B6D23F480727B685A657B685B6D65
:10EAB00003F48053002B12D17B685B6D43F001029D
:10EAC0007B685A650BE07B685B6D43F010027B68E6
:10EAD0005A657B689B6D43F001027B689A65786894
:10EAE000F6F762FD7B681B680C221A60BB6903F0B5
:10EAF0002003002B04D07B6903F02003002B09D1F5
:10EB0000BB6903F04003002B72D07B6903F0400324
:10EB1000002B6DD07B685B6D03F01003002B05D1DB
:10EB20007B685B6D43F400527B685A657B681B68A9
:10EB30001846FFF7B5FBF8607B681B681846FFF7BF
:10EB400070FBB8607B681B68DB683B61FB68002B6F
:10EB500047D03B6903F00073002B07D0BB68002B44
:10EB60003FD03B6903F40053002B3AD17B681B680C
:10EB70001B6803F04003402B33D13B6903F40013BF
:10EB8000002B2ED17B681B681846FFF7D6FC034686
:10EB9000002B1AD17B681B685A687B681B6822F0BF
:10EBA00060025A607B685B6D23F480527B685A6513
:10EBB0007B685B6D03F48073002B12D17B685B6D07
:10EBC00043F001027B685A650BE07B685B6D43F0A4
:10EBD00010027B685A657B689B6D43F001027B687D
:10EBE0009A65786800F03AFF7B681B6860221A60BB
:10EBF000BB6903F08003002B11D07B6903F0800315
:10EC0000002B0CD07B685B6D43F480327B685A65C7
:10EC1000786800F090F87B681B6880221A60BB69F6
:10EC200003F48073002B12D07B6903F48073002BF4
:10EC30000DD07B685B6D43F400327B685A65786861
:10EC400000F020FF7B681B684FF480721A60BB697C
:10EC500003F40073002B12D07B6903F40073002BC4
:10EC60000DD07B685B6D43F480227B685A657868C1
:10EC700000F012FF7B681B684FF400721A60BB69DA
:10EC800003F01003002B2AD07B6903F01003002B44
:10EC900025D07B685B6B002B02D10123FB6108E070
:10ECA0007B681B68DB6803F00103002B01D00123A4
:10ECB000FB61FB69012B0ED17B685B6D43F48062C5
:10ECC0007B685A657B689B6D43F002027B689A659E
:10ECD000786800F03AF87B681B6810221A60BB69FC
:10ECE00003F48063002B18D07B6903F48063002B4E
:10ECF00013D07B685B6D43F480427B685A657B6808
:10ED00009B6D43F008027B689A657B681B684FF433
:10ED100080621A60786800F0ABFE00BF2037BD4605
:10ED200080BD80B483B000AF786000BF0C37BD46B3
:10ED30005DF8047B704780B483B000AF786000BF9B
:10ED40000C37BD465DF8047B704780B483B000AFDC
:10ED5000786000BF0C37BD465DF8047B704700004B
:10ED600080B5B6B000AF78603960002387F8D7303F
:10ED70000023FB607B6893F85030012B01D1022304
:10ED8000B9E37B68012283F850207B681B68184632
:10ED9000FFF7ACFB0346002B40F09E833B685B68AB
:10EDA000052B24D83B685B68023B032B1BD801A2D0
:10EDB00052F823F0C5ED0008CDED0008D5ED0008B0
:10EDC000DDED00083B680C225A6010E03B6812221F
:10EDD0005A600CE03B6818225A6008E03B684FF428
:10EDE00080725A6003E03B6806225A6000BF7B686D
:10EDF00018683B6859683B681B681A46FFF724FA95
:10EE00007B681B681846FFF771FBC7F8D0007B686A
:10EE10001B681846FFF791FBC7F8CC00D7F8D03035
:10EE2000002B40F0A681D7F8CC30002B40F0A18118
:10EE30007B6818683B6819683B689B681A46FFF74F
:10EE400042FA3B685A697B681B68DB68DB0803F0A1
:10EE500003035B0002FA03F3C7F8C8303B681B6981
:10EE6000042B0AD07B6818683B6819693B681A68EC
:10EE7000D7F8C830FFF780F97BE17B681B68002179
:10EE80001846FFF79DF90346C3F31203002B0AD17E
:10EE90007B681B6800211846FFF792F903469B0E1A
:10EEA00003F01F021EE07B681B6800211846FFF775
:10EEB00087F90346C7F8BC30D7F8BC3093FAA3F300
:10EEC000C7F8C030D7F8C030C7F8B830D7F8B83076
:10EED000002B01D1202304E0D7F8B830B3FA83F334
:10EEE000DBB21A463B681B68C3F31203002B05D143
:10EEF0003B681B689B0E03F01F0318E03B681B6810
:10EF0000C7F8B030D7F8B03093FAA3F3C7F8AC30F5
:10EF1000D7F8AC30C7F8B430D7F8B430002B01D1F3
:10EF2000202304E0D7F8B430B3FA83F3DBB29A427B
:10EF300006D17B681B68002200211846FFF756F9AE
:10EF40007B681B6801211846FFF73AF90346C3F3B3
:10EF50001203002B0AD17B681B6801211846FFF7BA
:10EF60002FF903469B0E03F01F021EE07B681B680F
:10EF700001211846FFF724F90346C7F8A430D7F853
:10EF8000A43093FAA3F3C7F8A030D7F8A030C7F89D
:10EF9000A830D7F8A830002B01D1202304E0D7F8FF
:10EFA000A830B3FA83F3DBB21A463B681B68C3F39D
:10EFB0001203002B05D13B681B689B0E03F01F0357
:10EFC00018E03B681B68C7F89830D7F8983093FA78
:10EFD000A3F3C7F89430D7F89430C7F89C30D7F82B
:10EFE0009C30002B01D1202304E0D7F89C30B3FAE9
:10EFF00083F3DBB29A4206D17B681B6800220121B1
:10F000001846FFF7F3F87B681B6802211846FFF7E4
:10F01000D7F80346C3F31203002B0AD17B681B68A1
:10F0200002211846FFF7CCF803469B0E03F01F029F
:10F030001EE07B681B6802211846FFF7C1F80346F3
:10F04000C7F88C30D7F88C3093FAA3F3C7F8883020
:10F05000D7F88830C7F89030D7F89030002B01D11E
:10F06000202304E0D7F89030B3FA83F3DBB21A46DA
:10F070003B681B68C3F31203002B05D13B681B6878
:10F080009B0E03F01F0316E03B681B68C7F8803037
:10F09000D7F8803093FAA3F3FB67FB6FC7F884308F
:10F0A000D7F88430002B01D1202304E0D7F8843036
:10F0B000B3FA83F3DBB29A4206D17B681B68002265
:10F0C00002211846FFF792F87B681B680321184657
:10F0D000FFF776F80346C3F31203002B0AD17B68CF
:10F0E0001B6803211846FFF76BF803469B0E03F0DD
:10F0F0001F0217E07B681B6803211846FFF760F8C2
:10F1000003467B677B6F93FAA3F33B673B6FBB6759
:10F11000BB6F002B01D1202303E0BB6FB3FA83F355
:10F12000DBB21A463B681B68C3F31203002B05D100
:10F130003B681B689B0E03F01F0311E03B681B68D4
:10F14000BB66BB6E93FAA3F37B667B6EFB66FB6EBE
:10F15000002B01D1202303E0FB6EB3FA83F3DBB273
:10F160009A4206D17B681B68002203211846FFF7EC
:10F170003DF87B681B681846FFF76AF90346002BC9
:10F1800040F040817B6818683B6819683B68DB6821
:10F190001A46FFF7C3F83B68DB688F4A934240F09A
:10F1A00031817B6818683B681B68C3F31203002B2E
:10F1B0000BD13B681B689B0E013303F01F03092B27
:10F1C00094BF01230023DBB219E03B681B68FB6599
:10F1D000FB6D93FAA3F3BB65BB6D3B663B6E002BE7
:10F1E00001D1202303E03B6EB3FA83F3DBB201339A
:10F1F00003F01F03092B94BF01230023DBB2002B74
:10F2000079D03B681B68C3F31203002B07D13B681E
:10F210001B689B0E01339B0603F0F84215E03B6828
:10F220001B683B653B6D93FAA3F3FB64FB6C7B654A
:10F230007B6D002B01D1202303E07B6DB3FA83F3B8
:10F24000DBB201339B0603F0F8423B681B68C3F353
:10F250001203002B09D13B681B689B0E013303F09E
:10F260001F03012101FA03F317E03B681B687B646D
:10F270007B6C93FAA3F33B643B6CBB64BB6C002BCD
:10F2800001D1202303E0BB6CB3FA83F3DBB201337B
:10F2900003F01F03012101FA03F342EA03013B6873
:10F2A0001B68C3F31203002B0AD13B681B689B0E3B
:10F2B000013303F01F0213465B0013441B0518E0E3
:10F2C0003B681B68BB63BB6B93FAA3F37B637B6BED
:10F2D000FB63FB6B002B01D1202303E0FB6BB3FA34
:10F2E00083F3DBB2013303F01F0213465B001344C8
:10F2F0001B050B4381E03B681B68C3F31203002B23
:10F3000007D13B681B689B0E01339B0603F0F84254
:10F3100015E03B681B68FB62FB6A93FAA3F3BB62D0
:10F32000BB6A3B633B6B002B01D1202303E03B6BAB
:10F33000B3FA83F3DBB201339B0603F0F8423B6878
:10F340001B68C3F31203002B09D13B681B689B0E9B
:10F35000013303F01F03012101FA03F317E03B68B7
:10F360001B683B623B6A93FAA3F3FB61FB697B6218
:10F370007B6A002B01D1202303E07B6AB3FA83F37D
:10F38000DBB2013303F01F03012101FA03F342EA68
:10F3900003013B681B68C3F31203002B0DD13B68CC
:10F3A0001B689B0E013303F01F0213465B001344DE
:10F3B0001E3B1B0543F000731EE03B681B687B612E
:10F3C0007B6993FAA3F33B613B69BB61BB69002B8B
:10F3D00004D1202306E000BF00007F40BB69B3FAE0
:10F3E00083F3DBB2013303F01F0213465B001344C7
:10F3F0001E3B1B0543F000730B433A6892681946A5
:10F40000FEF761FF3B681A683D4B1340002B6CD040
:10F410003C48FEF7A3FEC7F8C4003B681B683A4AA5
:10F42000934227D1D7F8C43003F40003002B21D135
:10F430007B681B68354A934257D1D7F8C43043F4F0
:10F44000000319462F48FEF776FE314B1B689B09D7
:10F45000304AA2FB03239B095A1C13465B0013444A
:10F460009B00FB6002E0FB68013BFB60FB68002B3C
:10F47000F9D13AE03B681B68274A934213D1D7F889
:10F48000C43003F08073002B0DD17B681B681F4ACA
:10F4900093422AD1D7F8C43043F0807319461948F3
:10F4A000FEF749FE21E03B681B681C4A93421CD1D1
:10F4B000D7F8C43003F48003002B16D17B681B6897
:10F4C000124A934211D1D7F8C43043F4800319464D
:10F4D0000C48FEF730FE08E07B685B6D43F02002CD
:10F4E0007B685A65012387F8D7307B68002283F850
:10F4F000502097F8D7301846D837BD4680BD00BF9A
:10F500000000088000030450000052C700000450AF
:10F510004C010020632D3E05000084CB01000080DB
:10F5200080B588B000AF786039600023FB613B682C
:10F53000BB617B681B681846FEF7D8FF38617B68A3
:10F540001B681846FEF7F9FFF8603B69002B03D1F2
:10F55000FB68002B00F098807B681B68DB6803F079
:10F560000073002B2AD07B685B7E012B26D17B6841
:10F570001B7E012B22D10123BB6114E0FB69454AAC
:10F5800093420DD97B685B6D43F010027B685A652E
:10F590007B689B6D43F001027B689A65012374E0F0
:10F5A000FB690133FB617B681B681B6803F0400348
:10F5B000402BE3D17B681B6840221A60BB69022B99
:10F5C00014D07B681B681846FEF790FF0346002B9B
:10F5D0000CD07B681B681846FEF74DFF0346002BD6
:10F5E00004D17B681B681846FEF76CFFBB69012BD2
:10F5F00014D07B681B681846FEF79FFF0346002B5C
:10F600000CD07B681B681846FEF735FF0346002BBD
:10F6100004D17B681B681846FEF77BFFBB69022B91
:10F6200005D0BB69032B05D10C237B6105E00823C2
:10F630007B6102E004237B6100BFFEF739FDB86007
:10F640001BE0FEF735FD0246BB68D31A052B14D923
:10F650007B681B689A687B691340002B0DD07B6820
:10F660005B6D43F010027B685A657B689B6D43F0CD
:10F6700001027B689A65012307E07B681B689A6832
:10F680007B691340002BDCD1002318462037BD4690
:10F6900080BD00BFFFFF3FA380B584B000AF78609E
:10F6A0007B681B681846FEF7D3FE0346002B4DD13E
:10F6B0007B681B689A68284B1340002B0DD07B6831
:10F6C0005B6D43F010027B685A657B689B6D43F06D
:10F6D00001027B689A65012339E07B681B68184644
:10F6E000FEF78EFEFEF7E4FCF86028E07B681B68FE
:10F6F0001846FEF7ADFE0346002B04D17B681B685D
:10F700001846FEF77DFEFEF7D3FC0246FB68D31ACF
:10F71000022B14D97B681B681B6803F00103012BC3
:10F720000DD07B685B6D43F010027B685A657B6887
:10F730009B6D43F001027B689A65012307E07B68BB
:10F740001B681B6803F00103012BCFD1002318466F
:10F750001037BD4680BD00BF3F00008080B584B03B
:10F7600000AF78607B681B681846FEF784FEF8607F
:10F770007B681B681846FEF76BFE0346002B47D0DC
:10F78000FB68002B44D17B681B689B6803F00D036A
:10F79000012B0CD17B681B681846FEF745FE7B6881
:10F7A0001B6803221A60FEF783FCB86029E07B68BF
:10F7B0005B6D43F010027B685A657B689B6D43F07C
:10F7C00001027B689A65012323E0FEF771FC024683
:10F7D000BB68D31A022B14D97B681B689B6803F0A3
:10F7E0000103002B0DD07B685B6D43F010027B683A
:10F7F0005A657B689B6D43F001027B689A65012323
:10F8000007E07B681B689B6803F00103002BDCD1D9
:10F81000002318461037BD4680BD80B584B000AFC8
:10F8200078607B689B6AFB60FB685B6D03F050034C
:10F83000002B4BD1FB685B6D43F40072FB685A658B
:10F84000FB681B681B6803F00803002B21D0FB68D2
:10F850001B681846FEF7E5FC0346002B32D0FB6818
:10F860001B68DB6803F40053002B2BD1FB685B6D36
:10F8700023F48072FB685A65FB685B6D03F4805368
:10F88000002B1FD1FB685B6D43F00102FB685A65DA
:10F8900018E0FB681B68DB6803F00203002B11D142
:10F8A000FB685B6D23F48072FB685A65FB685B6DD7
:10F8B00003F48053002B05D1FB685B6D43F001021C
:10F8C000FB685A65F868F5F76FFE0EE0FB685B6D44
:10F8D00003F01003002B03D0F868FFF736FA04E0BA
:10F8E000FB68DB6C5B6B7868984700BF1037BD46E0
:10F8F00080BD80B584B000AF78607B689B6AFB6098
:10F90000F868FFF70EFA00BF1037BD4680BD80B51E
:10F9100084B000AF78607B689B6AFB60FB685B6DBE
:10F9200043F04002FB685A65FB689B6D43F004029C
:10F93000FB689A65F868FFF708FA00BF1037BD4604
:10F9400080BD80B483B000AF786039607B689B680D
:10F9500023F0404323F03F033A6802F08042134310
:10F9600043F000427B689A6000BF0C37BD465DF8EB
:10F97000047B704780B483B000AF78607B689B687D
:10F9800003F00043B3F1004F01D1012300E0002355
:10F9900018460C37BD465DF8047B704780B584B0CF
:10F9A00000AF786039600023BB607B6893F850300B
:10F9B000012B01D102234DE07B68012283F8502006
:10F9C0007868FFF7CBFE0346FB73FB7B002B36D139
:10F9D0007B685B6D23F4885323F0020343F002023B
:10F9E0007B685A657B681B6839681846FFF7A9FF72
:10F9F00014E0BB680133BB60BB68B3F5912F0DD336
:10FA00007B685B6D23F0120343F010027B685A653C
:10FA10007B68002283F8502001231BE07B681B6871
:10FA20001846FFF7A7FF0346002BE2D17B685B6D0A
:10FA300023F0030343F001027B685A6505E07B680D
:10FA40005B6D43F010027B685A657B68002283F887
:10FA50005020FB7B18461037BD4680BD80B483B074
:10FA600000AF786000BF0C37BD465DF8047B70477F
:10FA700080B483B000AF786000BF0C37BD465DF83E
:10FA8000047B704780B483B000AF786000BF0C3750
:10FA9000BD465DF8047B704780B483B000AF7860EA
:10FAA00000BF0C37BD465DF8047B704780B483B05F
:10FAB00000AF786000BF0C37BD465DF8047B70472F
:10FAC00080B584B000AF78607B68002B01D1012342
:10FAD000EDE07B6893F82030DBB2002B02D1786830
:10FAE000FDF75CFC7B681B681A687B681B6842F04A
:10FAF00001021A60FEF7DCFAF86012E0FEF7D8FAAD
:10FB00000246FB68D31A0A2B0BD97B685B6A43F465
:10FB100000327B685A627B68052283F8202001232B
:10FB2000C5E07B681B685B6803F00103002BE5D030
:10FB30007B681B681A687B681B6822F002021A60E7
:10FB4000FEF7B6FAF86012E0FEF7B2FA0246FB687A
:10FB5000D31A0A2B0BD97B685B6A43F400327B68AB
:10FB60005A627B68052283F8202001239FE07B688E
:10FB70001B685B6803F00203002BE5D17B681B7EEA
:10FB8000012B08D17B681B681A687B681B6842F0F0
:10FB900080021A6007E07B681B681A687B681B6834
:10FBA00022F080021A607B685B7E012B08D17B68A3
:10FBB0001B681A687B681B6842F040021A6007E005
:10FBC0007B681B681A687B681B6822F040021A6019
:10FBD0007B689B7E012B08D17B681B681A687B6859
:10FBE0001B6842F020021A6007E07B681B681A68F5
:10FBF0007B681B6822F020021A607B68DB7E012B89
:10FC000008D17B681B681A687B681B6822F01002A9
:10FC10001A6007E07B681B681A687B681B6842F003
:10FC200010021A607B681B7F012B08D17B681B6860
:10FC30001A687B681B6842F008021A6007E07B685C
:10FC40001B681A687B681B6822F008021A607B68D0
:10FC50005B7F012B08D17B681B681A687B681B6877
:10FC600042F004021A6007E07B681B681A687B6830
:10FC70001B6822F004021A607B689A687B68DB6864
:10FC80001A437B681B691A437B685B6942EA03017C
:10FC90007B685B685A1E7B681B680A43DA617B6875
:10FCA00000225A627B68012283F820200023184634
:10FCB0001037BD4680BD80B487B000AF7860396032
:10FCC0007B681B687B617B6893F82030FB74FB7C4E
:10FCD000012B03D0FB7C022B40F0AA807B69D3F878
:10FCE000003243F001027B69C3F800223B685B6984
:10FCF00003F01F03012202FA03F3FB607B69D3F8D0
:10FD00001C22FB68DB431A407B69C3F81C223B685A
:10FD1000DB69002B23D17B69D3F80C22FB68DB4322
:10FD20001A407B69C3F80C223B68DB6819043B6806
:10FD30005B689BB23A68526919437B69483243F861
:10FD400032103B689B6819043B681B689AB23B6899
:10FD50005B690A4379694833DB000B445A603B68AE
:10FD6000DB69012B22D17B69D3F80C22FB681A4393
:10FD70007B69C3F80C223B681B6819043B685B680D
:10FD80009BB23A68526919437B69483243F8321092
:10FD90003B689B6819043B68DB689AB23B685B6907
:10FDA0000A4379694833DB000B445A603B689B691E
:10FDB000002B09D17B69D3F80422FB68DB431A408E
:10FDC0007B69C3F8042207E07B69D3F80422FB684F
:10FDD0001A437B69C3F804223B681B69002B09D1D5
:10FDE0007B69D3F81422FB68DB431A407B69C3F8B4
:10FDF000142207E07B69D3F81422FB681A437B695D
:10FE0000C3F814223B681B6A012B07D17B69D3F826
:10FE10001C22FB681A437B69C3F81C227B69D3F858
:10FE2000003223F001027B69C3F80022002306E0C0
:10FE30007B685B6A43F480227B685A620123184620
:10FE40001C37BD465DF8047B704780B584B000AFB9
:10FE500078607B6893F82030DBB2012B2ED17B6871
:10FE6000022283F820207B681B681A687B681B6865
:10FE700022F001021A60FEF71BF9F86012E0FEF7AB
:10FE800017F90246FB68D31A0A2B0BD97B685B6A09
:10FE900043F400327B685A627B68052283F8202095
:10FEA000012312E07B681B685B6803F00103002BF1
:10FEB000E5D17B6800225A62002306E07B685B6A1A
:10FEC00043F400227B685A62012318461037BD466E
:10FED00080BD80B489B000AFF860B9607A603B60E3
:10FEE000FB6893F82030FB77FB681B689B68BB615D
:10FEF000FB7F012B03D0FB7F022B40F0B880BB6956
:10FF000003F08063002B0AD1BB6903F00063002B70
:10FF100005D1BB6903F08053002B00F0A080BB69C2
:10FF20001B0E03F003037B617B69022B07D9FB687F
:10FF30005B6A43F40002FB685A6201239EE00122DF
:10FF40007B699A403B681A60BB689B68002B0DD1A7
:10FF5000BB681B685A05BB68DB68F96809681A4307
:10FF60007B6918331B010B441A600FE0BB685B68A8
:10FF7000DA00BB689B681A43BB68DB68F9680968EC
:10FF80001A437B6918331B010B441A60FB6819681C
:10FF9000BB681A697B6918331B010B4404331A6070
:10FFA000BB681B7D012B11D1FB681A687B69183374
:10FFB0001B01134404331B68FA68116843F4807210
:10FFC0007B6918331B010B4404331A607B680733C9
:10FFD0001B781A067B6806331B781B041A437B6860
:10FFE00005331B781B0213437A68043212781046DB
:10FFF000FA68116843EA00027B691B010B4403F5B0
:020000040801F1
:10000000C6731A607B6803331B781A067B68023359
:100010001B781B041A437B6801331B781B021343B4
:100020007A6812781046FA68116843EA00027B6920
:100030001B010B4403F5C4731A60FB681A687B69E3
:1000400018331B0113441B68FA68116843F001025E
:100050007B6918331B010B441A6000230EE0FB6818
:100060005B6A43F40012FB685A62012306E0FB68F6
:100070005B6A43F48022FB685A62012318462437E6
:10008000BD465DF8047B704780B487B000AFF86070
:10009000B9607A603B60FB6893F82030FB75FB7DAC
:1000A000012B03D0FB7D022B40F0F380BB68002BBB
:1000B0000ED1FB681B68DB6803F00303002B16D12D
:1000C000FB685B6A43F40012FB685A620123E7E0B5
:1000D000FB681B681B6903F00303002B07D1FB6857
:1000E0005B6A43F40012FB685A620123D8E0FB68A4
:1000F0001A68BB681B331B0113441B6803F004021E
:100100007B689A607B689B68002B0CD1FB681A683F
:10011000BB681B331B0113441B685B0DC3F30A024E
:100120007B681A600BE0FB681A68BB681B331B0115
:1001300013441B68DB0823F060427B685A60FB684D
:100140001A68BB681B331B0113441B6803F00202CF
:100150007B68DA60FB681A68BB681B331B011344B9
:1001600004331B6803F00F027B681A61FB681A688E
:10017000BB681B331B01134404331B681B0ADAB230
:100180007B689A61FB681A68BB681B331B011344C8
:1001900004331B681B0C9AB27B685A61FB681A68AF
:1001A000BB681B01134403F5DC731B68DAB23B68C0
:1001B0001A70FB681A68BB681B01134403F5DC73F3
:1001C0001B681A0A3B680133D2B21A70FB681A68BE
:1001D000BB681B01134403F5DC731B681A0C3B68F6
:1001E0000233D2B21A70FB681A68BB681B01134451
:1001F00003F5DC731B681A0E3B680333D2B21A7026
:10020000FB681A68BB681B01134403F5DE731A68A8
:100210003B680433D2B21A70FB681A68BB681B01D2
:10022000134403F5DE731B681A0A3B680533D2B228
:100230001A70FB681A68BB681B01134403F5DE7370
:100240001B681A0C3B680633D2B21A70FB681A6836
:10025000BB681B01134403F5DE731B681A0E3B6871
:100260000733D2B21A70BB68002B08D1FB681B6839
:10027000DA68FB681B6842F02002DA6007E0FB687E
:100280001B681A69FB681B6842F020021A61002390
:1002900006E0FB685B6A43F48022FB685A62012334
:1002A00018461C37BD465DF8047B704780B485B0A6
:1002B00000AF786039607B6893F82030FB73FB7B7C
:1002C000012B02D0FB7B022B09D17B681B6859698B
:1002D0007B681B683A680A435A61002306E07B6822
:1002E0005B6A43F480227B685A6201231846143704
:1002F000BD465DF8047B704780B58AB000AF78607A
:1003000000237B627B681B685B693B627B681B68C0
:100310005B68FB617B681B689B68BB617B681B68D3
:10032000DB687B617B681B681B693B617B681B68C2
:100330009B69FB603B6A03F00103002B7CD0BB6927
:1003400003F00103002B23D07B681B6801229A6015
:10035000BB6903F00203002B03D0786800F083F937
:1003600016E0BB6903F00403002B04D07B6A43F45E
:1003700000637B620CE0BB6903F00803002B04D030
:100380007B6A43F480537B6202E0786800F089F96D
:10039000BB6903F48073002B24D07B681B684FF487
:1003A00080729A60BB6903F40073002B03D07868F5
:1003B00000F063F916E0BB6903F48063002B04D0FE
:1003C0007B6A43F400537B620CE0BB6903F4006377
:1003D000002B04D07B6A43F480437B6202E07868A0
:1003E00000F069F9BB6903F48033002B24D07B68EB
:1003F0001B684FF480329A60BB6903F40033002B12
:1004000003D0786800F043F916E0BB6903F4802359
:10041000002B04D07B6A43F400437B620CE0BB6991
:1004200003F40023002B04D07B6A43F480337B6207
:1004300002E0786800F049F93B6A03F00803002BFA
:100440000CD07B6903F01003002B07D07B6A43F4C8
:1004500000737B627B681B681022DA603B6A03F0E2
:100460000403002B0BD07B6903F00803002B06D09C
:100470007B681B680822DA60786800F030F93B6A14
:1004800003F00203002B09D07B681B68DB6803F0D4
:100490000303002B02D07868F6F7DEF83B6A03F01E
:1004A0004003002B0CD03B6903F01003002B07D056
:1004B0007B6A43F480637B627B681B6810221A614D
:1004C0003B6A03F02003002B0BD03B6903F00803C9
:1004D000002B06D07B681B6808221A61786800F040
:1004E00008F93B6A03F01003002B09D07B681B68F6
:1004F0001B6903F00303002B02D07868F6F7CCF8F1
:100500003B6A03F40033002B0BD0FB6903F01003AC
:10051000002B06D07B681B6810225A60786800F0B8
:10052000F2F83B6A03F48033002B0BD0FB6903F035
:100530000803002B06D07B681B6808225A60786885
:1005400000F0EBF83B6A03F40043002B7BD0FB691F
:1005500003F00403002B72D03B6A03F48073002B7A
:1005600008D0FB6803F00103002B03D07B6A43F043
:1005700001037B623B6A03F40073002B08D0FB6825
:1005800003F00203002B03D07B6A43F002037B627B
:100590003B6A03F48063002B08D0FB6803F004037C
:1005A000002B03D07B6A43F004037B623B6A03F4B5
:1005B0000063002B43D0FB6803F07003002B3ED098
:1005C000FB6803F07003602B2BD0602B2ED8502BD0
:1005D00022D0502B2AD8402B19D0402B26D8302B94
:1005E00010D0302B22D8102B02D0202B05D01DE0AC
:1005F0007B6A43F008037B6219E07B6A43F01003D7
:100600007B6214E07B6A43F020037B620FE07B6A2D
:1006100043F040037B620AE07B6A43F080037B6225
:1006200005E07B6A43F480737B6200E000BF7B6877
:100630001B689A697B681B6822F070029A617B686C
:100640001B6804225A607B6A002B08D07B685A6AB8
:100650007B6A1A437B685A62786800F068F800BFCA
:100660002837BD4680BD80B483B000AF786000BF3E
:100670000C37BD465DF8047B704780B483B000AF93
:10068000786000BF0C37BD465DF8047B704780B4CE
:1006900083B000AF786000BF0C37BD465DF8047BC7
:1006A000704780B483B000AF786000BF0C37BD46A0
:1006B0005DF8047B704780B483B000AF786000BF02
:1006C0000C37BD465DF8047B704780B483B000AF43
:1006D000786000BF0C37BD465DF8047B704780B47E
:1006E00083B000AF786000BF0C37BD465DF8047B77
:1006F000704780B483B000AF786000BF0C37BD4650
:100700005DF8047B704780B483B000AF786000BFB1
:100710000C37BD465DF8047B704780B483B000AFF2
:10072000786000BF0C37BD465DF8047B704780B42D
:1007300083B000AF786000BF0C37BD465DF8047B26
:100740007047000080B485B000AF78607B6803F02C
:100750000703FB600C4BDB68BB60BA684FF6FF0316
:100760001340BB60FB681A02BB68134343F0BF63CE
:1007700043F40033BB60044ABB68D36000BF143746
:10078000BD465DF8047B704700ED00E080B400AF2B
:10079000044BDB681B0A03F007031846BD465DF8EF
:1007A000047B704700ED00E080B483B000AF0346E7
:1007B000FB7197F90730002B0BDBFB7903F01F026D
:1007C000074997F907305B09012000FA02F241F866
:1007D000232000BF0C37BD465DF8047B704700BF87
:1007E00000E100E080B483B000AF03463960FB71E4
:1007F00097F90730002B0ADB3B68DAB20C4997F90E
:1008000007301201D2B20B4483F800230AE03B68A0
:10081000DAB20849FB7903F00F03043B1201D2B2AC
:100820000B441A7600BF0C37BD465DF8047B704759
:1008300000E100E000ED00E080B489B000AFF860B6
:10084000B9607A60FB6803F00703FB61FB69C3F1E1
:100850000703042B28BF0423BB61FB690433062B69
:1008600002D9FB69033B00E000237B614FF0FF32BC
:10087000BB6902FA03F3DA43BB681A407B699A400A
:100880004FF0FF317B6901FA03F3D9437B680B40DA
:10089000134318462437BD465DF8047B70470000BB
:1008A00080B582B000AF78607B68013BB3F1807F98
:1008B00001D301230FE00A4A7B68013B53600F21FB
:1008C0004FF0FF30FFF78EFF054B00229A60044B7C
:1008D00007221A60002318460837BD4680BD00BFB6
:1008E00010E000E080B582B000AF78607868FFF774
:1008F00029FF00BF0837BD4680BD80B586B000AF78
:100900000346B9607A60FB7300237B61FFF73EFF0B
:1009100078617A68B9687869FFF78EFF024697F9BF
:100920000F3011461846FFF75DFF00BF1837BD4670
:1009300080BD80B582B000AF0346FB7197F90730E8
:100940001846FFF731FF00BF0837BD4680BD80B5B0
:1009500082B000AF78607868FFF7A2FF03461846C0
:100960000837BD4680BD000080B485B000AF786018
:100970007B68002B01D1012398E07B681B681A4635
:100980004D4B9A420FD87B681B681A464B4B134459
:100990004B4AA2FB03231B099A007B685A647B68BD
:1009A000484A1A640EE07B681B681A46464B13449B
:1009B000434AA2FB03231B099A007B685A647B68A5
:1009C000424A1A647B68022283F825207B681B68F0
:1009D0001B68FB60FB6823F4FF4323F07003FB609C
:1009E0007B689A687B68DB681A437B681B691A43DB
:1009F0007B685B691A437B689B691A437B68DB6988
:100A00001A437B681B6A1343FA681343FB607B68D5
:100A10001B68FA681A607B689B68B3F5804F39D011
:100A20007B681B6C274A93421AD1294B1A687B6852
:100A30005B6C03F01C030F2101FA03F3DB43244931
:100A400013400B60224B1A687B6859687B685B6CAB
:100A500003F01C0301FA03F31D4913430B6019E073
:100A60001C4B1A687B685B6C03F01C030F2101FAB6
:100A700003F3DB43174913400B60164B1A687B687E
:100A800059687B685B6C03F01C0301FA03F311499E
:100A900013430B607B680022DA637B68012283F8D2
:100AA00025207B68002283F8242000231846143771
:100AB000BD465DF8047B704707040240F8FFFDBFA8
:100AC000CDCCCCCC00000240F8FBFDBF00040240BE
:100AD000A8000240A804024080B586B000AFF860CC
:100AE000B9607A603B600023FB75FB6893F82430A3
:100AF000012B01D102234BE0FB68012283F8242063
:100B0000FB6893F82530DBB2012B3AD1FB68022257
:100B100083F82520FB680022DA63FB681B681A68EB
:100B2000FB681B6822F001021A603B687A68B968AA
:100B3000F86800F05FF9FB681B6B002B08D0FB68BE
:100B40001B681A68FB681B6842F00E021A600FE00F
:100B5000FB681B681A68FB681B6822F004021A60B5
:100B6000FB681B681A68FB681B6842F00A021A607F
:100B7000FB681B681A68FB681B6842F001021A6078
:100B800005E0FB68002283F824200223FB75FB7D2F
:100B900018461837BD4680BD80B485B000AF786078
:100BA0000023FB737B6893F82530DBB2022B08D05F
:100BB0007B680422DA637B68002283F82420012307
:100BC00022E07B681B681A687B681B6822F00E02B3
:100BD0001A607B681B681A687B681B6822F0010238
:100BE0001A607B685B6C03F01C027B681B6C012144
:100BF00001FA02F25A607B68012283F825207B68A3
:100C0000002283F82420FB7B18461437BD465DF88C
:100C1000047B704780B584B000AF78600023FB731D
:100C20007B6893F82530DBB2022B05D07B68042269
:100C3000DA630123FB7329E07B681B681A687B6811
:100C40001B6822F00E021A607B681B681A687B68BA
:100C50001B6822F001021A607B685B6C03F01C02C7
:100C60007B681B6C012101FA02F25A607B68012249
:100C700083F825207B68002283F824207B689B6B07
:100C8000002B03D07B689B6B78689847FB7B1846EA
:100C90001037BD4680BD80B584B000AF78607B68FA
:100CA0001B6C1B68FB607B681B681B68BB607B68F8
:100CB0005B6C03F01C0304229A40FB681340002B7A
:100CC00026D0BB6803F00403002B21D07B681B688F
:100CD0001B6803F02003002B07D17B681B681A6890
:100CE0007B681B6822F004021A607B685B6C03F06F
:100CF0001C027B681B6C042101FA02F25A607B68BB
:100D00001B6B002B71D07B681B6B786898476CE07D
:100D10007B685B6C03F01C0302229A40FB68134063
:100D2000002B2ED0BB6803F00203002B29D07B6878
:100D30001B681B6803F02003002B0BD17B681B682A
:100D40001A687B681B6822F00A021A607B6801221D
:100D500083F825207B685B6C03F01C027B681B6CAE
:100D6000022101FA02F25A607B68002283F82420F3
:100D70007B68DB6A002B38D07B68DB6A7868984731
:100D800033E07B685B6C03F01C0308229A40FB682D
:100D90001340002B2AD0BB6803F00803002B25D09A
:100DA0007B681B681A687B681B6822F00E021A6059
:100DB0007B685B6C03F01C027B681B6C012101FAF1
:100DC00002F25A607B680122DA637B68012283F8B1
:100DD00025207B68002283F824207B685B6B002B36
:100DE00004D07B685B6B7868984700BF00BF103702
:100DF000BD4680BD80B485B000AFF860B9607A6050
:100E00003B60FB685B6C03F01C02FB681B6C012100
:100E100001FA02F25A60FB681B683A685A60FB6884
:100E20009B68102B08D1FB681B687A689A60FB6886
:100E30001B68BA68DA6007E0FB681B68BA689A60EA
:100E4000FB681B687A68DA6000BF1437BD465DF83E
:100E5000047B704780B487B000AF786039600023AE
:100E60007B6154E13B681A6801217B6901FA03F355
:100E70001340FB60FB68002B00F046813B685B6819
:100E800003F00303012B05D03B685B6803F0030309
:100E9000022B30D17B689B683B617B695B0003223E
:100EA00002FA03F3DB433A6913403B613B68DA68BB
:100EB0007B695B0002FA03F33A6913433B617B6889
:100EC0003A699A607B685B683B6101227B6902FA40
:100ED00003F3DB433A6913403B613B685B681B09E2
:100EE00003F001027B6902FA03F33A6913433B61A1
:100EF0007B683A695A603B685B6803F00303032B25
:100F000017D07B68DB683B617B695B00032202FAD8
:100F100003F3DB433A6913403B613B689A687B69A2
:100F20005B0002FA03F33A6913433B617B683A6959
:100F3000DA603B685B6803F00303022B23D17B6913
:100F4000DA087B68083253F822303B617B6903F092
:100F500007039B000F2202FA03F3DB433A691340B5
:100F60003B613B681A697B6903F007039B0002FA47
:100F700003F33A6913433B617B69DA087B68083203
:100F8000396943F822107B681B683B617B695B0011
:100F9000032202FA03F3DB433A6913403B613B68E7
:100FA0005B6803F003027B695B0002FA03F33A69B2
:100FB00013433B617B683A691A603B685B6803F4E2
:100FC0004033002B00F0A080584B1B6E574A43F073
:100FD00001031366554B1B6E03F00103BB60BB6836
:100FE000534A7B699B08023352F823303B617B698B
:100FF00003F003039B000F2202FA03F3DB433A6979
:1010000013403B617B68B3F1904F19D07B68494A2C
:10101000934213D07B68484A93420DD07B68474A7D
:10102000934207D07B68464A934201D1042308E0EB
:10103000072306E0032304E0022302E0012300E08B
:1010400000237A6902F00302920093403A69134345
:101050003B6137497B699B0802333A6941F8232099
:10106000384B9B683B61FB68DB433A6913403B614B
:101070003B685B6803F48013002B03D03A69FB687C
:1010800013433B612F4A3B6993602E4BDB683B6106
:10109000FB68DB433A6913403B613B685B6803F4E0
:1010A0000013002B03D03A69FB6813433B61254AC8
:1010B0003B69D360234B5B683B61FB68DB433A6968
:1010C00013403B613B685B6803F40033002B03D0A3
:1010D0003A69FB6813433B611A4A3B695360194BF9
:1010E0001B683B61FB68DB433A6913403B613B682B
:1010F0005B6803F48033002B03D03A69FB68134329
:101100003B61104A3B6913607B6901337B613B683B
:101110001A687B6922FA03F3002B7FF4A3AE00BFA9
:1011200000BF1C37BD465DF8047B704700100240CD
:10113000000001400004004800080048000C00487E
:10114000001000480004014080B485B000AF786012
:101150000B467B807B681A697B881340002B02D08A
:101160000123FB7301E00023FB73FB7B184614375C
:10117000BD465DF8047B704780B483B000AF7860F3
:101180000B467B8013467B707B78002B03D07A88DC
:101190007B689A6102E07A887B689A6200BF0C37AC
:1011A000BD465DF8047B704780B485B000AF7860C1
:1011B0000B467B807B685B69FB607A88FB68134029
:1011C0001A04FB68D9437B880B401A437B689A61F9
:1011D00000BF1437BD465DF8047B704780B582B010
:1011E00000AF0346FB80084B5A69FB881340002B75
:1011F00006D0054AFB885361FB881846F7F786FC42
:1012000000BF0837BD4680BD0004014080B584B0F2
:1012100000AF78607B68002B01D1012341E07B683F
:101220001B684CF6CC421A607B681B6845F255522D
:101230001A607B681B687A6852685A607B681B6812
:101240007A6892689A60FCF733FFF8600FE0FCF769
:101250002FFF0246FB68D31A312B08D97B681B6825
:10126000DB6803F00703002B01D0032319E07B6840
:101270001B68DB6803F00703002BE8D17B681B6861
:101280001A697B68DB689A4205D07B681B687A68BC
:10129000D2681A6104E07B681B684AF6AA221A60C9
:1012A000002318461037BD4680BD80B483B000AF20
:1012B00078607B681B684AF6AA221A6000231846E9
:1012C0000C37BD465DF8047B7047000080B400AF6A
:1012D000044B1B6803F4C0631846BD465DF8047BED
:1012E000704700BF0070004080B485B000AF7860E8
:1012F0007B68B3F5007F30D1234B1B6803F4C063D8
:10130000B3F5007F38D0204B1B6823F4C0631E4A1E
:1013100043F4007313601D4B1B68322202FB03F37E
:101320001B4AA2FB03239B0C0133FB6002E0FB681A
:10133000013BFB60144B5B6903F48063B3F5806F82
:1013400002D1FB68002BF2D10F4B5B6903F4806381
:10135000B3F5806F10D103230FE00B4B1B6803F430
:10136000C063B3F5806F07D0074B1B6823F4C063DD
:10137000054A43F480631360002318461437BD46C2
:101380005DF8047B704700BF007000404C010020F6
:1013900083DE1B4380B588B000AF78607B68002B8C
:1013A00002D1012300F010BC964B9B6803F00C03A4
:1013B000BB61944BDB6803F003037B617B681B68B4
:1013C00003F01003002B00F0E480BB69002B07D072
:1013D000BB690C2B40F08B807B69012B40F0878030
:1013E000884B1B6803F00203002B05D07B689B69C8
:1013F000002B01D10123E7E37B681A6A814B1B684C
:1014000003F00803002B04D07E4B1B6803F0F003AD
:1014100005E07C4BD3F894301B0903F0F0039342B2
:1014200023D27B681B6A184600F07AFD0346002B26
:1014300001D00123C8E3734B1B68724A43F00803D1
:101440001360704B1B6823F0F0027B681B6A6D49C8
:1014500013430B606B4B5B6823F47F427B68DB6953
:101460001B02684913434B6025E0664B1B68654AC5
:1014700043F008031360634B1B6823F0F0027B68A2
:101480001B6A604913430B605E4B5B6823F47F4229
:101490007B68DB691B025B4913434B60BB69002B14
:1014A00009D17B681B6A184600F03AFD0346002B01
:1014B00001D0012388E300F06FFC0246514B9B688A
:1014C0001B0903F00F035049CB5C03F01F0322FA02
:1014D00003F34E4A13604E4B1B681846FCF798FD09
:1014E0000346FB73FB7B002B52D0FB7B6CE37B68DA
:1014F0009B69002B32D0434B1B68424A43F00103E7
:101500001360FCF7D5FD386108E0FCF7D1FD024619
:101510003B69D31A022B01D9032355E3394B1B68CE
:1015200003F00203002BF0D0364B1B68354A43F022
:1015300008031360334B1B6823F0F0027B681B6ABF
:10154000304913430B602F4B5B6823F47F427B6869
:10155000DB691B022B4913434B601AE0294B1B68C4
:10156000284A23F001031360FCF7A2FD386108E06C
:10157000FCF79EFD02463B69D31A022B01D90323D7
:1015800022E3204B1B6803F00203002BF0D100E0A4
:1015900000BF7B681B6803F00103002B73D0BB699D
:1015A000082B05D0BB690C2B0ED17B69032B0BD10B
:1015B000144B1B6803F40033002B63D07B685B681B
:1015C000002B5FD10123FFE27B685B68B3F5803FAE
:1015D00006D10C4B1B680B4A43F48033136025E0A3
:1015E0007B685B68B3F5A02F14D1064B1B68054AD6
:1015F00043F480231360034B1B68024A43F4803397
:10160000136013E000100240008501084C01002027
:1016100050010020A04B1B689F4A23F480331360C5
:101620009D4B1B689C4A23F4802313607B685B6896
:10163000002B13D0FCF73CFD386108E0FCF738FDC7
:1016400002463B69D31A642B01D90323BCE2924BB7
:101650001B6803F40033002BF0D014E0FCF728FDE6
:10166000386108E0FCF724FD02463B69D31A642B7D
:1016700001D90323A8E2884B1B6803F40033002B35
:10168000F0D100E000BF7B681B6803F00203002B71
:1016900060D0BB69042B05D0BB690C2B19D17B69C9
:1016A000022B16D17C4B1B6803F48063002B05D002
:1016B0007B68DB68002B01D1012385E2764B5B68F8
:1016C00023F0F8527B681B691B06734913434B6078
:1016D00040E07B68DB68002B23D06F4B1B686E4AB1
:1016E00043F480731360FCF7E3FC386108E0FCF717
:1016F000DFFC02463B69D31A022B01D9032363E2C4
:10170000654B1B6803F48063002BF0D0624B5B6871
:1017100023F0F8527B681B691B065F4913434B603B
:1017200018E05D4B1B685C4A23F480731360FCF780
:10173000BFFC386108E0FCF7BBFC02463B69D31AEA
:10174000022B01D903233FE2534B1B6803F4806350
:10175000002BF0D17B681B6803F00803002B3CD002
:101760007B685B69002B1CD04B4BD3F894304A4A02
:1017700043F00103C2F89430FCF79AFC386108E0AA
:10178000FCF796FC02463B69D31A022B01D90323CE
:101790001AE2414BD3F8943003F00203002BEFD050
:1017A0001BE03D4BD3F894303B4A23F00103C2F8D1
:1017B0009430FCF77DFC386108E0FCF779FC0246C8
:1017C0003B69D31A022B01D90323FDE1324BD3F835
:1017D000943003F00203002BEFD17B681B6803F009
:1017E0000403002B00F0A6800023FB772A4B9B6D9F
:1017F00003F08053002B0DD1274B9B6D264A43F0FD
:1018000080539365244B9B6D03F08053BB60BB6892
:101810000123FB77214B1B6803F48073002B18D145
:101820001E4B1B681D4A43F480731360FCF740FC99
:10183000386108E0FCF73CFC02463B69D31A022BF6
:1018400001D90323C0E1154B1B6803F48073002BFF
:10185000F0D07B689B68012B08D10F4BD3F89030F8
:101860000D4A43F00103C2F8903029E07B689B6881
:10187000052B15D1084BD3F89030074A43F00403E9
:10188000C2F89030044BD3F89030034A43F0010380
:10189000C2F8903014E000BF001002400070004019
:1018A0009A4BD3F89030994A23F00103C2F8903054
:1018B000964BD3F89030954A23F00403C2F8903049
:1018C0007B689B68002B16D0FCF7F2FB38610AE0BE
:1018D000FCF7EEFB02463B69D31A41F28832934291
:1018E00001D9032370E1894BD3F8903003F0020350
:1018F000002BEDD015E0FCF7DBFB38610AE0FCF7CC
:10190000D7FB02463B69D31A41F28832934201D990
:10191000032359E17D4BD3F8903003F00203002BF1
:10192000EDD1FB7F012B05D1784B9B6D774A23F0DE
:10193000805393657B681B6803F02003002B3CD029
:101940007B685B6A002B1CD0704BD3F898306F4AD1
:1019500043F00103C2F89830FCF7AAFB386108E0B5
:10196000FCF7A6FB02463B69D31A022B01D90323DD
:101970002AE1664BD3F8983003F00203002BEFD036
:101980001BE0624BD3F89830604A23F00103C2F8A1
:101990009830FCF78DFB386108E0FCF789FB0246C4
:1019A0003B69D31A022B01D903230DE1574BD3F81E
:1019B000983003F00203002BEFD17B689B6A002B69
:1019C00000F001817B689B6A022B40F0C9804F4B7D
:1019D000DB687B617B6903F003027B68DB6A9A4208
:1019E0002CD17B6903F070027B681B6B013B1B01F0
:1019F0009A4223D17B6903F4FE427B685B6B1B0236
:101A00009A421BD17B6903F078427B689B6BDB06B3
:101A10009A4213D17B6903F4C0027B68DB6B5B08DD
:101A2000013B5B059A4209D17B6903F0C0627B6888
:101A30001B6C5B08013B5B069A426BD0BB690C2BAD
:101A400062D0324B1B6803F08063002B01D001236E
:101A5000BAE02E4B1B682D4A23F080731360FCF70D
:101A600027FB386108E0FCF723FB02463B69D31AE9
:101A7000022B01D90323A7E0244B1B6803F000735A
:101A8000002BF0D1214BDA68214B13407A68D16AE0
:101A90007A68126B013A120111437A68526B120292
:101AA00011437A68D26B5208013A520511437A68A1
:101AB000126C5208013A520611437A68926BD206B0
:101AC0000A4312491343CB60104B1B680F4A43F083
:101AD000807313600D4BDB680C4A43F08073D36056
:101AE000FCF7E6FA386108E0FCF7E2FA02463B69E7
:101AF000D31A022B01D9032366E0044B1B6803F0C1
:101B00000073002BF0D05EE001235DE00010024086
:101B10008C809D012E4B1B6803F00073002B52D16B
:101B20002B4B1B682A4A43F080731360284BDB68F9
:101B3000274A43F08073D360FCF7BAFA386108E0B3
:101B4000FCF7B6FA02463B69D31A022B01D90323EC
:101B50003AE01F4B1B6803F00073002BF0D032E01B
:101B6000BB690C2B2DD01A4B1B68194A23F08073CC
:101B70001360174B1B6803F00063002B05D1144B57
:101B8000DB68134A23F00303D360114BDB68104A70
:101B900023F0887323F48033D360FCF789FA38612B
:101BA00008E0FCF785FA02463B69D31A022B01D9FB
:101BB000032309E0064B1B6803F00073002BF0D1F0
:101BC00001E0012300E0002318462037BD4680BD18
:101BD0000010024080B584B000AF786039607B6847
:101BE000002B01D10123C8E0664B1B6803F00703FB
:101BF0003A689A4210D9634B1B6823F00702614987
:101C00003B6813430B605F4B1B6803F007033A68A4
:101C10009A4201D00123B0E07B681B6803F0010306
:101C2000002B4CD07B685B68032B07D1564B1B689D
:101C300003F00073002B21D101239EE07B685B68D9
:101C4000022B07D1504B1B6803F40033002B15D136
:101C5000012392E07B685B68002B07D14A4B1B682D
:101C600003F00203002B09D1012386E0464B1B68D9
:101C700003F48063002B01D101237EE0424B9B687B
:101C800023F003027B685B683F4913438B60FCF7DA
:101C90000FFAF8600AE0FCF70BFA0246FB68D31A69
:101CA00041F28832934201D9032366E0364B9B68A8
:101CB00003F00C027B685B689B009A42EBD17B6867
:101CC0001B6803F00203002B08D02F4B9B6823F006
:101CD000F0027B689B682C4913438B60294B1B687F
:101CE00003F007033A689A4210D2264B1B6823F090
:101CF000070224493B6813430B60224B1B6803F027
:101D000007033A689A4201D0012336E07B681B68DA
:101D100003F00403002B08D01B4B9B6823F4E06204
:101D20007B68DB68184913438B607B681B6803F092
:101D30000803002B09D0144B9B6823F460527B6886
:101D40001B69DB00104913438B6000F025F8024645
:101D50000D4B9B681B0903F00F030C49CB5C03F090
:101D60001F0322FA03F30A4A13600A4B1B68184642
:101D7000FCF74EF90346FB72FB7A18461037BD4656
:101D800080BD00BF00200240001002400085010815
:101D90004C0100205001002080B489B000AF002326
:101DA000FB610023BB613E4B9B6803F00C033B616E
:101DB0003B4BDB6803F00303FB603B69002B05D062
:101DC0003B690C2B21D1FB68012B1ED1344B1B68C6
:101DD00003F00803002B07D1314BD3F894301B0AD2
:101DE00003F00F03FB6105E02D4B1B681B0903F09B
:101DF0000F03FB612B4AFB6952F82330FB613B69FF
:101E0000002B0DD1FB69BB610AE03B69042B02D1B9
:101E1000254BBB6104E03B69082B01D1234BBB611F
:101E20003B690C2B34D11E4BDB6803F00303BB6012
:101E3000BB68022B03D0BB68032B03D005E01A4B11
:101E40007B6105E0194B7B6102E0FB697B6100BFB0
:101E5000134BDB681B0903F0070301337B60104B56
:101E6000DB681B0A03F07F037A6903FB02F27B68DD
:101E7000B2FBF3F37B610A4BDB685B0E03F00303F9
:101E800001335B003B607A693B68B2FBF3F3BB61F3
:101E9000BB6918462437BD465DF8047B704700BF18
:101EA00000100240188501080024F40000127A0096
:101EB00080B400AF034B1B681846BD465DF8047B39
:101EC000704700BF4C01002080B500AFFFF7F0FF66
:101ED0000246064B9B681B0A03F007030449CB5CD0
:101EE00003F01F0322FA03F3184680BD00100240DE
:101EF0001085010880B500AFFFF7DAFF0246064BF8
:101F00009B68DB0A03F007030449CB5C03F01F0363
:101F100022FA03F3184680BD001002401085010824
:101F200080B586B000AF786000233B612A4B9B6D83
:101F300003F08053002B03D0FFF7C8F9786114E059
:101F4000254B9B6D244A43F080539365224B9B6D38
:101F500003F08053FB60FB68FFF7B8F978611E4B14
:101F60009B6D1D4A23F0805393657B69B3F5007F19
:101F70000BD17B68802B19D97B68A02B02D9022357
:101F80003B6113E001233B6110E07B68802B02D9A9
:101F900003233B610AE07B68802B02D102233B6173
:101FA00004E07B68702B01D101233B610B4B1B6864
:101FB00023F0070209493B6913430B60074B1B6879
:101FC00003F007033A699A4201D0012300E000239D
:101FD00018461837BD4680BD001002400020024060
:101FE00080B586B000AF78600023FB740023BB741B
:101FF0007B681B6803F40063002B31D07B685B6C4B
:10200000B3F5400F1AD0B3F5400F14D8002B09D008
:10201000B3F5000F0FD15D4BDB685C4A43F48033AE
:10202000D3600CE07B6804330021184600F0F0F91F
:102030000346FB7403E00123FB7400E000BFFB7C5C
:10204000002B0BD1514BD3F8883023F440027B682E
:102050005B6C4E491343C1F8883001E0FB7CBB74D4
:102060007B681B6803F40033002B00F09E80002384
:102070007B74464B9B6D03F08053002B01D10123F1
:1020800000E00023002B0DD0404B9B6D3F4A43F0F6
:10209000805393653D4B9B6D03F08053BB60BB68E1
:1020A00001237B743A4B1B68394A43F480731360F5
:1020B000FBF7FEFFF86009E0FBF7FAFF0246FB685A
:1020C000D31A022B02D90323FB7405E0304B1B68A3
:1020D00003F48073002BEFD0FB7C002B5AD12B4BE9
:1020E000D3F8903003F440737B617B69002B1ED0E2
:1020F0007B689B6D7A699A4219D0244BD3F8903053
:1021000023F440737B61214BD3F890301F4A43F492
:102110008033C2F890301D4BD3F890301B4A23F423
:102120008033C2F89030194A7B69C2F890307B69DD
:1021300003F00103002B16D0FBF7BAFFF8600BE0A9
:10214000FBF7B6FF0246FB68D31A41F2883293428E
:1021500002D90323FB7406E00C4BD3F8903003F054
:102160000203002BECD0FB7C002B0BD1074BD3F8E8
:10217000903023F440727B689B6D04491343C1F88F
:10218000903009E0FB7CBB7406E000BF0010024009
:1021900000700040FB7CBB747B7C012B05D19B4B0A
:1021A0009B6D9A4A23F0805393657B681B6803F00C
:1021B0000103002B0AD0954BD3F8883023F003029B
:1021C0007B681B6A91491343C1F888307B681B68A0
:1021D00003F00203002B0AD08C4BD3F8883023F095
:1021E0000C027B685B6A89491343C1F888307B68BD
:1021F0001B6803F00403002B0AD0844BD3F888300B
:1022000023F030027B689B6A80491343C1F8883011
:102210007B681B6803F02003002B0AD07B4BD3F8AC
:10222000883023F440627B68DB6A78491343C1F845
:1022300088307B681B6803F40073002B0AD0734B53
:10224000D3F8883023F440227B68DB6B6F4913435B
:10225000C1F888307B681B6803F48063002B0AD0C8
:102260006A4BD3F8883023F440127B681B6C6749B3
:102270001343C1F888307B681B6803F04003002BD0
:102280000AD0624BD3F8883023F440527B681B6B32
:102290005E491343C1F888307B681B6803F08003F4
:1022A000002B0AD0594BD3F8883023F440427B6886
:1022B0005B6B56491343C1F888307B681B6803F495
:1022C0008073002B0AD0514BD3F8883023F440326E
:1022D0007B689B6B4D491343C1F888307B681B6852
:1022E00003F40023002B28D0484BD3F8883023F088
:1022F00040627B689B6C45491343C1F888307B681A
:102300009B6CB3F1006F06D1404BDB683F4A43F44E
:102310008013D36011E07B689B6CB3F1806F0CD1AC
:102320007B6804330121184600F072F80346FB7401
:10233000FB7C002B01D0FB7CBB747B681B6803F427
:102340008023002B28D0314BD3F8883023F0406213
:102350007B68DB6C2D491343C1F888307B68DB6CEC
:10236000B3F1006F06D1294BDB68284A43F4801390
:10237000D36011E07B68DB6CB3F1806F0CD17B68BC
:1023800004330121184600F043F80346FB74FB7C3C
:10239000002B01D0FB7CBB747B681B6803F480437B
:1023A000002B1CD0194BD3F8883023F040527B68A7
:1023B0001B6D16491343C1F888307B681B6DB3F160
:1023C000805F0CD17B6804330221184600F020F8AE
:1023D0000346FB74FB7C002B01D0FB7CBB747B6849
:1023E0001B6803F40043002B0AD0084BD3F8883055
:1023F00023F080427B685B6D04491343C1F8883049
:10240000BB7C18461837BD4680BD00BF0010024097
:1024100080B584B000AF786039600023FB73744BE3
:10242000DB6803F00303002B18D0714BDB6803F06B
:1024300003027B681B689A420DD17B681B68002BE6
:1024400009D06B4BDB681B0903F007035A1C7B6840
:102450005B689A4247D00123FB7344E07B681B68AA
:10246000032B18D0032B25D8012B02D0022B09D027
:1024700020E05F4B1B6803F00203002B1DD10123FA
:10248000FB731AE05A4B1B6803F48063002B16D1D0
:102490000123FB7313E0564B1B6803F40033002B3E
:1024A0000FD1534B1B6803F48023002B09D1012368
:1024B000FB7306E00123FB7304E000BF02E000BFF2
:1024C00000E000BFFB7B002B0DD1494BDB6823F004
:1024D00073027B6819687B685B68013B1B010B43D7
:1024E00043491343CB60FB7B002B7CD1404B1B68E3
:1024F0003F4A23F080631360FBF7DAFDB86009E020
:10250000FBF7D6FD0246BB68D31A022B02D9032380
:10251000FB7305E0364B1B6803F00063002BEFD123
:10252000FB7B002B5FD13B68002B10D1304B1B692C
:1025300023F0784323F4FE437A68926811027A68A4
:10254000D268D2060A432A4913430B6127E03B684D
:10255000012B12D1264B1B6923F4C00323F4FE4345
:102560007A68926811027A6812695208013A520533
:102570000A431F4913430B6111E01D4B1B6923F0F4
:10258000C06323F4FE437A68926811027A68526944
:102590005208013A52060A43154913430B61144B82
:1025A0001B68134A43F080631360FBF781FDB8603A
:1025B00009E0FBF77DFD0246BB68D31A022B02D966
:1025C0000323FB7305E00A4B1B6803F00063002B39
:1025D000EFD0FB7B002B06D1054B1A697B689B690A
:1025E000034913430B61FB7B18461037BD4680BD82
:1025F0000010024080B584B000AF78600123FB7307
:102600007B68002B6CD07B6893F82130DBB2002B09
:1026100006D17B68002283F820207868FBF792F9C6
:102620007B68022283F821207B681B68CA225A62D9
:102630007B681B6853225A62786800F049FA0346A7
:10264000FB73FB7B002B4BD17B681B689B687A6814
:10265000126823F4E00323F0400393607B681B6857
:1026600099687B685A687B681B691A437B689B6919
:102670001A437B681B680A439A607B681B687A6808
:10268000D2681A617B681B6819697B689B681A04A9
:102690007B681B680A431A61786800F04DFA0346AC
:1026A000FB73FB7B002B1BD17B681B68DA6C7B68A0
:1026B0001B6822F00302DA647B681B68D96C7B68B4
:1026C000DA697B685B691A437B681B680A43DA64D2
:1026D0007B681B68FF225A627B68012283F82120F5
:1026E000FB7B18461037BD4680BD90B587B000AF64
:1026F000F860B9607A60FB6893F82030012B01D153
:1027000002238BE0FB68012283F82020FB68022271
:1027100083F82120FB681B68CA225A62FB681B6889
:1027200053225A62F86800F0D3F90346FB74FB7C2D
:10273000002B63D17B68002B26D1FB681B689B684C
:1027400003F04003002B02D1BB680022DA70BB68A3
:102750001B78184600F02EFA03461C04BB685B7811
:10276000184600F027FA03461B021C43BB689B78FF
:10277000184600F01FFA034644EA0302BB68DB7800
:102780009B0513437B6118E0FB681B689B6803F0A3
:102790004003002B02D1BB680022DA70BB681B78B3
:1027A0001A04BB685B781B021343BA6892781A4319
:1027B000BB68DB789B0513437B61FB681A687B6908
:1027C00003F07F3323F0FE431360FB681B689A68B5
:1027D000FB681B6822F480229A60FB681B6899687A
:1027E000BB68DA68BB681B691A43FB681B680A434D
:1027F0009A60F86800F0A0F90346FB74FB681B6858
:10280000FF225A62FB7C002B03D1FB68012283F874
:102810002120FB68002283F82020FB7C18461C370F
:10282000BD4690BD80B586B000AFF860B9607A60F3
:10283000FB681B689A6ABB685A60FB681B681B6967
:10284000C3F30E02BB689A60FB681B681B6803F049
:102850007F3323F0FE437B617B691B0CDBB203F00B
:102860003F03DAB2BB681A707B691B0ADBB203F064
:102870007F03DAB2BB685A707B69DBB203F07F0377
:10288000DAB2BB689A707B699B0DDBB203F001037F
:10289000DAB2BB68DA707B68002B1AD1BB681B7890
:1028A000184600F0A7F903461A46BB681A70BB68C1
:1028B0005B78184600F09EF903461A46BB685A70CA
:1028C000BB689B78184600F095F903461A46BB682A
:1028D0009A70002318461837BD4680BD90B587B062
:1028E00000AFF860B9607A60FB6893F82030012B84
:1028F00001D1022375E0FB68012283F82020FB68E8
:10290000022283F821207B68002B0ED1BB685B7804
:1029100003F01003002B08D0BB685B7823F0100392
:10292000DBB20A33DAB2BB685A707B68002B1CD169
:10293000BB68DB78184600F03DF903461C04BB6811
:102940005B78184600F036F903461B021C43BB684F
:102950009B78184600F02EF9034644EA0302BB6850
:102960001B785B0313437B610EE0BB68DB781A04C2
:10297000BB685B781B021343BA6892781A43BB6842
:102980001B785B0313437B61FB681B68CA225A6296
:10299000FB681B6853225A62F86800F099F80346F6
:1029A000FB74FB7C002B0CD1FB681A687B6923F05D
:1029B0007F4323F0C0035360F86800F0BDF803467E
:1029C000FB74FB681B68FF225A62FB7C002B03D15F
:1029D000FB68012283F82120FB68002283F8202075
:1029E000FB7C18461C37BD4690BD80B586B000AF55
:1029F000F860B9607A60FB681B685B6823F07F430E
:102A000023F0C0037B617B691B0CDAB2BB68DA7010
:102A10007B691B0ADBB203F01F03DAB2BB685A7092
:102A20007B69DBB203F03F03DAB2BB689A707B6963
:102A30005B0BDBB203F00703DAB2BB681A707B688A
:102A4000002B1AD1BB68DB78184600F0D3F8034698
:102A50001A46BB68DA70BB685B78184600F0CAF8A3
:102A600003461A46BB685A70BB689B78184600F04C
:102A7000C1F803461A46BB689A70002318461837F7
:102A8000BD4680BD80B584B000AF78607B681B68B0
:102A9000DA687B681B6822F0A002DA60FBF708FBAB
:102AA000F86009E0FBF704FB0246FB68D31AB3F5B4
:102AB0007A7F01D9032307E07B681B68DB6803F09A
:102AC0002003002BEED0002318461037BD4680BDF2
:102AD00080B584B000AF78600023FB737B681B680F
:102AE000DB6803F04003002B20D17B681B684FF0AC
:102AF000FF32DA60FBF7DCFAB8600DE0FBF7D8FADA
:102B00000246BB68D31AB3F57A7F05D90323FB735A
:102B10007B68032283F821207B681B68DB6803F055
:102B20004003002B02D1FB7B032BE7D1FB7B184634
:102B30001037BD4680BD000080B584B000AF78601E
:102B40000023FB731A4BDB68194A23F08003D36020
:102B5000174B9B6803F02003002B0CD17868FFF71C
:102B600091FF0346002B1ED07B68032283F82120AF
:102B70000323FB7317E00E4B9B680D4A23F02003E1
:102B800093607868FFF77EFF0346002B05D07B68D3
:102B9000032283F821200323FB73054B9B68044A1F
:102BA00043F020039360FB7B18461037BD4680BD81
:102BB0000028004080B485B000AF0346FB710023BD
:102BC000FB60FB79FB7205E0FB680133FB60FB7A7D
:102BD0000A3BFB72FB7A092BF6D8FB68DBB21B01C0
:102BE000DAB2FB7A1343DBB218461437BD465DF800
:102BF000047B704780B485B000AF0346FB71FB795E
:102C00001B09DBB21A46920013445B00FB73FB798D
:102C100003F00F03DAB2FB7B1344DBB21846143720
:102C2000BD465DF8047B704780B487B000AFF860A4
:102C3000B9607A60FB681B6850337B61BB689A009F
:102C40007B6913447B617B691A467B68136000BF14
:102C50001C37BD465DF8047B704780B485B000AF7B
:102C6000786039607B681B685033FB603B689B0071
:102C7000FA681344FB60FB681B6818461437BD46AE
:102C80005DF8047B704780B584B000AF78607B68E6
:102C9000002B01D1012395E07B685B6A002B08D1F2
:102CA0007B685B68B3F5827F09D07B680022DA61BC
:102CB00005E07B6800221A617B6800225A617B680C
:102CC00000229A627B6893F85D30DBB2002B06D15C
:102CD0007B68002283F85C207868FAF763FE7B68E3
:102CE000022283F85D207B681B681A687B681B687A
:102CF00022F040021A607B68DB68B3F5E06F02D90E
:102D00000023FB6002E04FF48053FB607B68DB68CC
:102D1000B3F5706F07D07B68DB68B3F5E06F02D066
:102D20007B6800229A627B685B6803F482727B682E
:102D30009B6803F404431A437B681B6903F0020396
:102D40001A437B685B6903F001031A437B689B6944
:102D500003F400731A437B68DB6903F038031A43FA
:102D60007B681B6A03F0800342EA03017B689B6A6D
:102D700003F400527B681B680A431A607B689B69F6
:102D80001B0C03F004027B685B6A03F010031A4318
:102D90007B685B6B03F008031A437B68DB6803F412
:102DA000706342EA0301FB6803F480527B681B688E
:102DB0000A435A607B6800221A667B68012283F806
:102DC0005D20002318461037BD4680BD80B586B013
:102DD00000AFF860B9607A607B800023FB75FB6808
:102DE00093F85C30012B01D102236CE1FB680122D6
:102DF00083F85C20FB6893F85D30BB75FB685B680B
:102E00003B61BB7D012B0DD03B69B3F5827F06D1C1
:102E1000FB689B68002B02D1BB7D042B02D00223F0
:102E2000FB754BE1BB68002B05D07B68002B02D003
:102E30007B88002B02D10123FB753FE1FB6893F8EF
:102E40005D30DBB2042B03D0FB68052283F85D20E4
:102E5000FB6800221A66FB68BA689A63FB687A8886
:102E60009A87FB687A88DA87FB687A681A64FB6855
:102E70007A88A3F84420FB687A88A3F84620FB6888
:102E80000022DA64FB6800221A65FB681B685A6836
:102E9000FB681B6822F4C0425A60FB68DB68B3F52C
:102EA000E06F08D9FB681B685A68FB681B6822F44E
:102EB00080525A606FE0FB681B685A68FB681B68A9
:102EC00042F480525A60FB685B6D9B69B3F5806F7A
:102ED00026D1FB689B8F03F00103002B0FD1FB6809
:102EE0001B685A68FB681B6822F480425A60FB68C2
:102EF000DB8F9BB25B089AB2FB68DA8710E0FB6855
:102F00001B685A68FB681B6842F480425A60FB6881
:102F1000DB8F9BB25B089BB201339AB2FB68DA8706
:102F2000FB689B6D9B69B3F5806F34D1FB681B68B0
:102F30005A68FB681B6822F480525A60FB68B3F839
:102F400046309BB203F00103002B11D1FB681B68D4
:102F50005A68FB681B6822F400525A60FB68B3F899
:102F600046309BB25B089AB2FB68A3F8462012E099
:102F7000FB681B685A68FB681B6842F400525A6081
:102F8000FB68B3F846309BB25B089BB201339AB240
:102F9000FB68A3F84620FB6893F85D30DBB2042B96
:102FA00008D1FB689B6D4A4A1A63FB689B6D494ACE
:102FB000DA6207E0FB689B6D474A1A63FB689B6D0A
:102FC000464ADA62FB689B6D454A5A63FB689B6D13
:102FD00000229A63FB68986DFB681B680C331946E6
:102FE000FB681B6C1A46FB68B3F846309BB2FDF7D2
:102FF00073FD0346002B0CD0FB681B6E43F01002E0
:10300000FB681A660123FB75FB68012283F85D20CB
:1030100054E0FB681B685A68FB681B6842F00102B9
:103020005A60FB685B6D00221A63FB685B6D0022CF
:10303000DA62FB685B6D00225A63FB685B6D0022FD
:103040009A63FB68586DFB689B6B1946FB681B68AD
:103050000C331A46FB68DB8F9BB2FDF73DFD034640
:10306000002B0CD0FB681B6E43F01002FB681A6645
:103070000123FB75FB68012283F85D201EE0FB68DD
:103080001B681B6803F04003402B07D0FB681B68DC
:103090001A68FB681B6842F040021A60FB681B68F4
:1030A0005A68FB681B6842F020025A60FB681B6884
:1030B0005A68FB681B6842F002025A60FB680022F3
:1030C00083F85C20FB7D18461837BD4680BD00BFE5
:1030D000593401082133010875340108C933010846
:1030E0009134010880B588B000AF78607B681B68B8
:1030F0005B68FB617B681B689B68BB61BB699B0964
:1031000003F00103002B0FD1BB6903F00103002B77
:103110000AD0FB699B0903F00103002B04D07B68F4
:10312000DB6C78689847D7E0BB695B0803F0010364
:10313000002B0AD0FB69DB0903F00103002B04D04C
:103140007B681B6D78689847C6E0BB695B0903F034
:103150000103002B0CD1BB699B0903F00103002B79
:1031600006D1BB691B0A03F00103002B00F0B480F9
:10317000FB695B0903F00103002B00F0AD80BB6924
:103180009B0903F00103002B23D07B6893F85D308B
:10319000DBB2032B11D07B681B6E43F004027B680B
:1031A0001A6600237B617B681B68DB687B617B6838
:1031B0001B689B687B617B690BE000233B617B683C
:1031C0001B68DB683B617B681B689B683B613B69F4
:1031D00082E0BB695B0903F00103002B14D07B681C
:1031E0001B6E43F001027B681A660023FB607B685C
:1031F0001B689B68FB607B681B681A687B681B68A0
:1032000022F040021A60FB68BB691B0A03F001034D
:10321000002B0CD07B681B6E43F008027B681A669B
:103220000023BB607B681B689B68BB60BB687B68D6
:103230001B6E002B4FD07B681B685A687B681B682D
:1032400022F0E0025A607B68012283F85D20FB696E
:1032500003F00203002B04D1FB6903F00103002BF0
:1032600034D07B681B685A687B681B6822F00302B5
:103270005A607B689B6D002B11D07B689B6D184A50
:103280009A637B689B6D1846FDF7C4FC0346002BD0
:1032900005D07B681B6E43F040027B681A667B6832
:1032A0005B6D002B16D07B685B6D0D4A9A637B6863
:1032B0005B6D1846FDF7AEFC0346002B0AD07B6819
:1032C0001B6E43F040027B681A6603E07868F9F7EA
:1032D00051F800E000BF00BF2037BD4680BD00BFF1
:1032E000D134010880B483B000AF786000BF0C37E0
:1032F000BD465DF8047B704780B483B000AF786052
:1033000000BF0C37BD465DF8047B704780B483B0C6
:1033100000AF786000BF0C37BD465DF8047B704796
:1033200080B584B000AF78607B689B6AFB60FAF779
:10333000BFFEB8607B681B681B6803F02003202B6E
:103340003CD0FB681B685A68FB681B6822F02002AF
:103350005A60FB689B68002B0DD1FB685B68B3F576
:10336000827F08D1FB681B685A68FB681B6822F0E3
:1033700003025A6007E0FB681B685A68FB681B6819
:1033800022F001025A60BA686421F86800F0D4F9AA
:103390000346002B02D0FB6820221A66FB6800223D
:1033A000A3F84620FB68012283F85D20FB681B6EB2
:1033B000002B03D0F868F8F7DDFF02E0F868FFF7AC
:1033C00091FF1037BD4680BD80B584B000AF7860F6
:1033D0007B689B6AFB60FAF76BFEB8607B681B68D2
:1033E0001B6803F02003202B30D0FB681B685A6851
:1033F000FB681B6822F020025A60BA686421F868F2
:1034000000F0F2F90346002B05D0FB681B6E43F079
:103410002002FB681A66FB681B685A68FB681B6819
:1034200022F003025A60FB680022DA87FB68002260
:10343000A3F84620FB68012283F85D20FB681B6E21
:10344000002B03D0F868F8F795FF02E0F868F8F76A
:1034500075FF1037BD4680BD80B584B000AF786081
:103460007B689B6AFB60F868FFF746FF00BF103778
:10347000BD4680BD80B584B000AF78607B689B6A34
:10348000FB60F868FFF742FF00BF1037BD4680BD04
:1034900080B584B000AF78607B689B6AFB60FB6896
:1034A0001B685A68FB681B6822F003025A60FB68BD
:1034B0001B6E43F01002FB681A66FB68012283F85A
:1034C0005D20F868F8F756FF00BF1037BD4680BD95
:1034D00080B584B000AF78607B689B6AFB60FB6856
:1034E0000022A3F84620FB680022DA87F868F8F784
:1034F00041FF00BF1037BD4680BD000080B588B0D9
:1035000000AFF860B9603B601346FB71FAF7D0FD7D
:103510000246BB6A9B1A3A681344FB61FAF7C8FD7E
:10352000B861394B1B685B011B0DFA6902FB03F3A1
:103530007B6154E03B68B3F1FF3F50D0FAF7B8FD30
:103540000246BB69D31AFA699A4202D9FB69002B79
:103550003DD1FB681B685A68FB681B6822F0E002DB
:103560005A60FB685B68B3F5827F11D1FB689B688A
:10357000B3F5004F04D0FB689B68B3F5806F07D1AB
:10358000FB681B681A68FB681B6822F040021A601F
:10359000FB689B6AB3F5005F0FD1FB681B681A6874
:1035A000FB681B6822F400521A60FB681B681A68EB
:1035B000FB681B6842F400521A60FB68012283F822
:1035C0005D20FB68002283F85C20032317E07B6901
:1035D000002B01D10023FB617B69013B7B61FB6810
:1035E0001B689A68BB681340BA689A420CBF0123F3
:1035F0000023DBB21A46FB799A429BD1002318467E
:103600002037BD4680BD00BF4C01002080B58AB088
:1036100000AFF860B9607A603B600023FB75FAF791
:1036200047FD02463B6B9B1A3A6813447B62FAF7EC
:103630003FFD3862FB681B680C33FB613D4B1A6829
:1036400013469B001344DA00D31A1B0D7A6A02FB5F
:1036500003F3BB6160E0BB68B3F5C06F07D17B6863
:10366000002B04D1FB691B78DBB2FB75FB7D3B684B
:10367000B3F1FF3F50D0FAF71BFD02463B6AD31A65
:103680007A6A9A4202D97B6A002B3DD1FB681B689B
:103690005A68FB681B6822F0E0025A60FB685B68AE
:1036A000B3F5827F11D1FB689B68B3F5004F04D05E
:1036B000FB689B68B3F5806F07D1FB681B681A68CD
:1036C000FB681B6822F040021A60FB689B6AB3F536
:1036D000005F0FD1FB681B681A68FB681B6822F447
:1036E00000521A60FB681B681A68FB681B6842F48A
:1036F00000521A60FB68012283F85D20FB680022FB
:1037000083F85C20032310E0BB69002B01D1002368
:103710007B62BB69013BBB61FB681B689A68BB6845
:1037200013407A689A4296D1002318462837BD463E
:1037300080BD00BF4C01002080B586B002AFF860AC
:10374000B9607A60FB685B68B3F5827F11D1FB6872
:103750009B68B3F5004F04D0FB689B68B3F5806F9E
:1037600007D1FB681B681A68FB681B6822F04002DF
:103770001A607B680093BB6800228021F868FFF71D
:10378000BDFE0346002B07D0FB681B6E43F02002F2
:10379000FB681A66032323E0FB685B68B3F5827F4E
:1037A0001DD1FB689B68B3F5004F04D0FB689B6894
:1037B000B3F5806F13D17B680093BB6800224FF490
:1037C000C061F868FFF722FF0346002B07D0FB68B3
:1037D0001B6E43F02002FB681A66032300E00023FF
:1037E00018461037BD4680BD80B586B002AFF86080
:1037F000B9607A607B680093BB6800224FF4C051C7
:10380000F868FFF703FF0346002B07D0FB681B6E29
:1038100043F02002FB681A66032327E07B680093CD
:10382000BB6800228021F868FFF768FE0346002B82
:1038300007D0FB681B6E43F02002FB681A66032367
:1038400014E07B680093BB6800224FF4C061F86805
:10385000FFF7DCFE0346002B07D0FB681B6E43F02E
:103860002002FB681A66032300E000231846103785
:10387000BD4680BD80B582B000AF78607B68002B0C
:1038800001D1012349E07B6893F83D30DBB2002B86
:1038900006D17B68002283F83C207868FAF728F983
:1038A0007B68022283F83D207B681A687B680433BA
:1038B0001946104600F02CFD7B68012283F8482051
:1038C0007B68012283F83E207B68012283F83F2039
:1038D0007B68012283F840207B68012283F8412025
:1038E0007B68012283F842207B68012283F8432011
:1038F0007B68012283F844207B68012283F84520FD
:103900007B68012283F846207B68012283F84720E8
:103910007B68012283F83D20002318460837BD4606
:1039200080BD80B582B000AF78607B68002B01D18C
:10393000012349E07B6893F83D30DBB2002B06D1D0
:103940007B68002283F83C20786800F041F87B68AF
:10395000022283F83D207B681A687B68043319468D
:10396000104600F0D5FC7B68012283F848207B6874
:10397000012283F83E207B68012283F83F207B6888
:10398000012283F840207B68012283F841207B6874
:10399000012283F842207B68012283F843207B6860
:1039A000012283F844207B68012283F845207B684C
:1039B000012283F846207B68012283F847207B6838
:1039C000012283F83D20002318460837BD4680BDFC
:1039D00080B483B000AF786000BF0C37BD465DF89F
:1039E000047B704780B584B000AF786039603B6875
:1039F000002B09D17B6893F83E30DBB2012B14BF5A
:103A000001230023DBB23CE03B68042B09D17B6837
:103A100093F83F30DBB2012B14BF01230023DBB24C
:103A20002FE03B68082B09D17B6893F84030DBB26C
:103A3000012B14BF01230023DBB222E03B680C2BD7
:103A400009D17B6893F84130DBB2012B14BF01230D
:103A50000023DBB215E03B68102B09D17B6893F89B
:103A60004230DBB2012B14BF01230023DBB208E09C
:103A70007B6893F84330DBB2012B14BF0123002392
:103A8000DBB2002B01D001237EE03B68002B04D188
:103A90007B68022283F83E2023E03B68042B04D19C
:103AA0007B68022283F83F201BE03B68082B04D18F
:103AB0007B68022283F8402013E03B680C2B04D182
:103AC0007B68022283F841200BE03B68102B04D175
:103AD0007B68022283F8422003E07B68022283F89D
:103AE00043207B681B6801223968184600F08CFF70
:103AF0007B681B68264A934209D07B681B68254A6D
:103B0000934204D07B681B68234A934201D101236E
:103B100000E00023002B07D07B681B685A6C7B6891
:103B20001B6842F400425A647B681B68184A93423F
:103B300009D07B681B68B3F1804F04D07B681B6899
:103B4000144A934215D17B681B689A68134B134043
:103B5000FB60FB68062B15D0FB68B3F5803F11D0E6
:103B60007B681B681A687B681B6842F001021A6058
:103B700008E07B681B681A687B681B6842F00102DA
:103B80001A6000E000BF002318461037BD4680BD14
:103B9000002C0140004001400044014007000100AA
:103BA00080B582B000AF786039607B681B68002206
:103BB0003968184600F028FF7B681B68394A934231
:103BC00009D07B681B68384A934204D07B681B6825
:103BD000364A934201D1012300E00023002B17D085
:103BE0007B681B681A6A41F211131340002B0FD136
:103BF0007B681B681A6A40F244431340002B07D1CC
:103C00007B681B685A6C7B681B6822F400425A640C
:103C10007B681B681A6A41F211131340002B0FD105
:103C20007B681B681A6A40F244431340002B07D19B
:103C30007B681B681A687B681B6822F001021A60A7
:103C40003B68002B04D17B68012283F83E2023E0EF
:103C50003B68042B04D17B68012283F83F201BE0E2
:103C60003B68082B04D17B68012283F8402013E0D5
:103C70003B680C2B04D17B68012283F841200BE0C8
:103C80003B68102B04D17B68012283F8422003E0BB
:103C90007B68012283F84320002318460837BD467D
:103CA00080BD00BF002C01400040014000440140A5
:103CB00080B582B000AF78607B681B681B6903F039
:103CC0000203022B22D17B681B68DB6803F002032E
:103CD000022B1BD17B681B686FF002021A617B68A4
:103CE00001221A777B681B689B6903F00303002B92
:103CF00003D0786800F0EDFA05E0786800F0DFFAAC
:103D0000786800F0F0FA7B6800221A777B681B68FD
:103D10001B6903F00403042B22D17B681B68DB685A
:103D200003F00403042B1BD17B681B686FF00402B3
:103D30001A617B6802221A777B681B689B6903F40F
:103D40004073002B03D0786800F0C3FA05E0786870
:103D500000F0B5FA786800F0C6FA7B6800221A779E
:103D60007B681B681B6903F00803082B22D17B6862
:103D70001B68DB6803F00803082B1BD17B681B68FA
:103D80006FF008021A617B6804221A777B681B684F
:103D9000DB6903F00303002B03D0786800F099FA85
:103DA00005E0786800F08BFA786800F09CFA7B6890
:103DB00000221A777B681B681B6903F01003102B25
:103DC00022D17B681B68DB6803F01003102B1BD12A
:103DD0007B681B686FF010021A617B6808221A77F3
:103DE0007B681B68DB6903F44073002B03D07868A1
:103DF00000F06FFA05E0786800F061FA786800F08A
:103E000072FA7B6800221A777B681B681B6903F0D3
:103E10000103012B0ED17B681B68DB6803F00103F3
:103E2000012B07D17B681B686FF001021A6178686B
:103E300000F03BFA7B681B681B6903F08003802B52
:103E40000ED17B681B68DB6803F08003802B07D1F1
:103E50007B681B686FF080021A61786800F06AFE68
:103E60007B681B681B6903F48073B3F5807F0ED1F8
:103E70007B681B68DB6803F08003802B07D17B68BD
:103E80001B686FF480721A61786800F05DFE7B68D1
:103E90001B681B6903F04003402B0ED17B681B6835
:103EA000DB6803F04003402B07D17B681B686FF091
:103EB00040021A61786800F020FA7B681B681B6971
:103EC00003F02003202B0ED17B681B68DB6803F016
:103ED0002003202B07D17B681B686FF020021A613A
:103EE000786800F01DFE00BF0837BD4680BD0000A9
:103EF00080B586B000AFF860B9607A600023FB75CA
:103F0000FB6893F83C30012B01D10223FFE0FB68F2
:103F1000012283F83C207B68142B00F2F08001A280
:103F200052F823F0793F0108FF400108FF400108E3
:103F3000FF400108B93F0108FF400108FF400108A8
:103F4000FF400108FB3F0108FF400108FF40010856
:103F5000FF4001083B400108FF400108FF40010805
:103F6000FF4001087D400108FF400108FF400108B3
:103F7000FF400108BD400108FB681B68B96818468E
:103F800000F02AFAFB681B689A69FB681B6842F01C
:103F900008029A61FB681B689A69FB681B6822F03B
:103FA00004029A61FB681B689969BB681A69FB681F
:103FB0001B680A439A61A5E0FB681B68B96818464C
:103FC00000F086FAFB681B689A69FB681B6842F47C
:103FD00000629A61FB681B689A69FB681B6822F49F
:103FE00080629A61FB681B689969BB681B691A0249
:103FF000FB681B680A439A6184E0FB681B68B96828
:10400000184600F0DFFAFB681B68DA69FB681B687A
:1040100042F00802DA61FB681B68DA69FB681B681A
:1040200022F00402DA61FB681B68D969BB681A696F
:10403000FB681B680A43DA6164E0FB681B68B968C7
:10404000184600F037FBFB681B68DA69FB681B68E1
:1040500042F40062DA61FB681B68DA69FB681B687E
:1040600022F48062DA61FB681B68D969BB681B694E
:104070001A02FB681B680A43DA6143E0FB681B68AD
:10408000B968184600F074FBFB681B685A6DFB6842
:104090001B6842F008025A65FB681B685A6DFB6892
:1040A0001B6822F004025A65FB681B68596DBB68E7
:1040B0001A69FB681B680A435A6523E0FB681B68A2
:1040C000B968184600F0ACFBFB681B685A6DFB68CA
:1040D0001B6842F400625A65FB681B685A6DFB68F6
:1040E0001B6822F480625A65FB681B68596DBB68C7
:1040F0001B691A02FB681B680A435A6502E0012328
:10410000FB7500BFFB68002283F83C20FB7D18464E
:104110001837BD4680BD00BF80B584B000AF786061
:1041200039600023FB737B6893F83C30012B01D18D
:104130000223B6E07B68012283F83C207B680222E0
:1041400083F83D207B681B689B68BB60BB6823F4D9
:10415000803323F07703BB60BB6823F47F43BB60ED
:104160007B681B68BA689A603B681B68B3F5005FA0
:104170003ED0B3F5005F00F28780B3F5805F00F0BA
:104180008680B3F5805F7FD8702B1AD0702B7BD8D8
:10419000602B50D0602B77D8502B3CD0502B73D84D
:1041A000402B58D0402B6FD8302B64D0302B6BD89D
:1041B000202B60D0202B67D8002B5CD0102B5AD03E
:1041C00062E07B6818683B6899683B685A683B689E
:1041D000DB6800F0F9FB7B681B689B68BB60BB6811
:1041E00043F07703BB607B681B68BA689A604FE056
:1041F0007B6818683B6899683B685A683B68DB686D
:1042000000F0E2FB7B681B689A687B681B6842F4DD
:1042100080429A603CE07B6818683B6859683B685C
:10422000DB681A4600F056FB7B681B685021184675
:1042300000F0AFFB2CE07B6818683B6859683B686E
:10424000DB681A4600F075FB7B681B686021184626
:1042500000F09FFB1CE07B6818683B6859683B686E
:10426000DB681A4600F036FB7B681B684021184665
:1042700000F08FFB0CE07B681A683B681B681946EE
:10428000104600F086FB03E00123FB7300E000BF53
:104290007B68012283F83D207B68002283F83C2064
:1042A000FB7B18461037BD4680BD80B483B000AF9D
:1042B000786000BF0C37BD465DF8047B704780B462
:1042C00083B000AF786000BF0C37BD465DF8047B5B
:1042D000704780B483B000AF786000BF0C37BD4634
:1042E0005DF8047B704780B483B000AF786000BF96
:1042F0000C37BD465DF8047B704780B483B000AFD7
:10430000786000BF0C37BD465DF8047B7047000045
:1043100080B485B000AF786039607B681B68FB6053
:104320007B682A4A934203D07B68B3F1804F08D15F
:10433000FB6823F07003FB603B685B68FA6813431B
:10434000FB607B68214A93420BD07B68B3F1804FBE
:1043500007D07B681E4A934203D07B681D4A934274
:1043600008D1FB6823F44073FB603B68DB68FA68A4
:104370001343FB60FB6823F080023B685B691343D7
:10438000FB607B68FA681A603B689A687B68DA624F
:104390003B681A687B689A627B680C4A934207D034
:1043A0007B680B4A934203D07B680A4A934203D14D
:1043B0003B681A697B681A637B6801225A6100BFF7
:1043C0001437BD465DF8047B704700BF002C0140E8
:1043D000004001400044014080B487B000AF7860E5
:1043E00039607B681B6A23F001027B681A627B6874
:1043F0001B6A7B617B685B683B617B689B69FB60D8
:10440000FB6823F4803323F07003FB60FB6823F028
:104410000303FB603B681B68FA681343FB607B691E
:1044200023F002037B613B689B687A6913437B61DD
:104430007B68244A934207D07B68234A934203D087
:104440007B68224A93420CD17B6923F008037B618D
:104450003B68DB687A6913437B617B6923F0040363
:104460007B617B68174A934207D07B68164A934268
:1044700003D07B68154A934211D13B6923F48073C2
:104480003B613B6923F400733B613B685B693A69BC
:1044900013433B613B689B693A6913433B617B680B
:1044A0003A695A607B68FA689A613B685A687B6827
:1044B0005A637B687A691A6200BF1C37BD465DF893
:1044C000047B7047002C0140004001400044014043
:1044D00080B487B000AF786039607B681B6A23F0D6
:1044E00010027B681A627B681B6A7B617B685B6871
:1044F0003B617B689B69FB60FB6823F0807323F45E
:10450000E043FB60FB6823F44073FB603B681B687F
:104510001B02FA681343FB607B6923F020037B6175
:104520003B689B681B017A6913437B617B68224A65
:1045300093420DD17B6923F080037B613B68DB688C
:104540001B017A6913437B617B6923F040037B6124
:104550007B68194A934207D07B68184A934203D07C
:104560007B68174A934213D13B6923F480633B6114
:104570003B6923F400633B613B685B699B003A69DC
:1045800013433B613B689B699B003A6913433B6162
:104590007B683A695A607B68FA689A613B685A6836
:1045A0007B689A637B687A691A6200BF1C37BD46D4
:1045B0005DF8047B704700BF002C014000400140C3
:1045C0000044014080B487B000AF786039607B68F8
:1045D0001B6A23F480727B681A627B681B6A7B61AA
:1045E0007B685B683B617B68DB69FB60FB6823F48D
:1045F000803323F07003FB60FB6823F00303FB6050
:104600003B681B68FA681343FB607B6923F4007303
:104610007B613B689B681B027A6913437B617B6803
:10462000214A93420DD17B6923F400637B613B688F
:10463000DB681B027A6913437B617B6923F4806327
:104640007B617B68184A934207D07B68174A934284
:1046500003D07B68164A934213D13B6923F48053FD
:104660003B613B6923F400533B613B685B691B0181
:104670003A6913433B613B689B691B013A691343E9
:104680003B617B683A695A607B68FA68DA613B682B
:104690005A687B68DA637B687A691A6200BF1C37E4
:1046A000BD465DF8047B7047002C0140004001408E
:1046B0000044014080B487B000AF786039607B6807
:1046C0001B6A23F480527B681A627B681B6A3B6119
:1046D0007B685B687B617B68DB69FB60FB6823F060
:1046E000807323F4E043FB60FB6823F44073FB60BA
:1046F0003B681B681B02FA681343FB603B6923F4A9
:1047000000533B613B689B681B033A6913433B6161
:104710007B68144A934207D07B68134A934203D0C4
:104720007B68124A934209D17B6923F480437B6101
:104730003B685B699B017A6913437B617B687A699B
:104740005A607B68FA68DA613B685A687B681A6469
:104750007B683A691A6200BF1C37BD465DF8047B6E
:10476000704700BF002C0140004001400044014060
:1047700080B487B000AF786039607B681B6A23F42F
:1047800080327B681A627B681B6A3B617B685B686E
:104790007B617B685B6DFB60FB6823F4803323F0F7
:1047A0007003FB603B681B68FA681343FB603B695E
:1047B00023F400333B613B689B681B043A69134355
:1047C0003B617B68134A934207D07B68124A93424D
:1047D00003D07B68114A934209D17B6923F480336B
:1047E0007B613B685B691B027A6913437B617B6871
:1047F0007A695A607B68FA685A653B685A687B68D0
:104800009A657B683A691A6200BF1C37BD465DF83D
:10481000047B7047002C01400040014000440140EF
:1048200080B487B000AF786039607B681B6A23F47E
:1048300080127B681A627B681B6A3B617B685B68DD
:104840007B617B685B6DFB60FB6823F0807323F406
:10485000E043FB603B681B681B02FA681343FB6084
:104860003B6923F400133B613B689B681B053A6975
:1048700013433B617B68144A934207D07B68134A19
:10488000934203D07B68124A934209D17B6923F497
:1048900080237B613B685B699B027A6913437B6180
:1048A0007B687A695A607B68FA685A653B685A681F
:1048B0007B68DA657B683A691A6200BF1C37BD46BF
:1048C0005DF8047B704700BF002C014000400140B0
:1048D0000044014080B487B000AFF860B9607A60EE
:1048E000FB681B6A7B61FB681B6A23F00102FB68A3
:1048F0001A62FB689B693B613B6923F0F0033B61F3
:104900007B681B013A6913433B617B6923F00A030F
:104910007B617A69BB6813437B61FB683A699A6182
:10492000FB687A691A6200BF1C37BD465DF8047BDC
:10493000704780B487B000AFF860B9607A60FB68F8
:104940001B6A23F01002FB681A62FB689B697B619B
:10495000FB681B6A3B617B6923F470437B617B6866
:104960001B037A6913437B613B6923F0A0033B611E
:10497000BB681B013A6913433B61FB687A699A6122
:10498000FB683A691A6200BF1C37BD465DF8047BBC
:10499000704780B485B000AF786039607B689B68F1
:1049A000FB60FB6823F07003FB603A68FB6813430D
:1049B00043F00703FB607B68FA689A6000BF143716
:1049C000BD465DF8047B704780B487B000AFF860E7
:1049D000B9607A603B60FB689B687B617B6923F40C
:1049E0007F437B613B681A027B681A43BB681343B1
:1049F0007A6913437B61FB687A699A6000BF1C3750
:104A0000BD465DF8047B704780B487B000AFF860A6
:104A1000B9607A60BB6803F01F03012202FA03F356
:104A20007B61FB681A6A7B69DB431A40FB681A6288
:104A3000FB681A6ABB6803F01F03796801FA03F385
:104A40001A43FB681A6200BF1C37BD465DF8047B41
:104A50007047000080B485B000AF786039607B6833
:104A600093F83C30012B01D102234FE07B680122F7
:104A700083F83C207B68022283F83D207B681B681A
:104A80005B68FB607B681B689B68BB607B681B681E
:104A9000214A934208D1FB6823F47003FB603B6812
:104AA0005B68FA681343FB60FB6823F07003FB60EC
:104AB0003B681B68FA681343FB607B681B68FA68F5
:104AC0005A607B681B68144A934209D07B681B6854
:104AD000B3F1804F04D07B681B68104A93420CD11D
:104AE000BB6823F08003BB603B689B68BA681343D4
:104AF000BB607B681B68BA689A607B68012283F898
:104B00003D207B68002283F83C20002318461437A0
:104B1000BD465DF8047B7047002C01400040014019
:104B200080B483B000AF786000BF0C37BD465DF83D
:104B3000047B704780B483B000AF786000BF0C374F
:104B4000BD465DF8047B704780B483B000AF7860E9
:104B500000BF0C37BD465DF8047B704780B582B05E
:104B600000AF78607B68002B01D1012340E07B68B7
:104B70009B6F002B06D17B68002283F87420786835
:104B8000F8F768FC7B6824229A677B681B681A68C0
:104B90007B681B6822F001021A60786800F0CAFB8B
:104BA0000346012B01D1012322E07B685B6A002BC5
:104BB00002D0786800F018FE7B681B685A687B6832
:104BC0001B6822F490425A607B681B689A687B6875
:104BD0001B6822F02A029A607B681B681A687B684F
:104BE0001B6842F001021A60786800F09FFE0346DD
:104BF00018460837BD4680BD80B58AB000AFF86062
:104C0000B9601346FB80FB689B6F202B78D1BB6893
:104C1000002B02D0FB88002B01D1012371E0FB683F
:104C200093F87430012B01D102236AE0FB68012262
:104C300083F87420FB68BA68DA64FB68FA88A3F822
:104C40005020FB68FA88A3F85220FB680022C3F8C2
:104C50008020FB6821229A67FB68DB6E002B2BD03B
:104C6000FB68DB6E294ADA62FB68DB6E284A1A634E
:104C7000FB68DB6E274A5A63FB68DB6E00229A638F
:104C8000FB68D86EFB68DB6C1946FB681B68283331
:104C90001A46FB88FBF720FF0346002B0CD0FB686D
:104CA0001022C3F88020FB68002283F87420FB6880
:104CB00020229A67012324E0FB681B6840221A62C5
:104CC000FB68002283F87420FB681B6808337B6153
:104CD0007B6953E8003F3B613B6943F080037B62A3
:104CE000FB681B6808337A6A3A62FB61F9693A6AC1
:104CF00041E80023BB61BB69002BE5D1002300E044
:104D0000022318462837BD4680BD00BFA75D0108B5
:104D1000415E0108B95F010880B5BAB000AF7860A4
:104D20007B681B68DB69C7F8E4307B681B681B681D
:104D3000C7F8E0307B681B689B68C7F8DC30D7F8A1
:104D4000E42040F60F031340C7F8D830D7F8D83026
:104D5000002B15D1D7F8E43003F02003002B0FD03F
:104D6000D7F8E03003F02003002B09D07B685B6E9E
:104D7000002B00F0A6827B685B6E78689847A0E203
:104D8000D7F8D830002B00F01781D7F8DC3003F0CB
:104D90000103002B06D1D7F8E020854B1340002BF0
:104DA00000F00A81D7F8E43003F00103002B11D0A2
:104DB000D7F8E03003F48073002B0BD07B681B68BE
:104DC00001221A627B68D3F8803043F001027B68CD
:104DD000C3F88020D7F8E43003F00203002B11D091
:104DE000D7F8DC3003F00103002B0BD07B681B6885
:104DF00002221A627B68D3F8803043F004027B6899
:104E0000C3F88020D7F8E43003F00403002B11D05E
:104E1000D7F8DC3003F00103002B0BD07B681B6854
:104E200004221A627B68D3F8803043F002027B6868
:104E3000C3F88020D7F8E43003F00803002B17D024
:104E4000D7F8E03003F02003002B05D1D7F8DC3091
:104E500003F00103002B0BD07B681B6808221A6249
:104E60007B68D3F8803043F008027B68C3F8802069
:104E7000D7F8E43003F40063002B12D0D7F8E03009
:104E800003F08063002B0CD07B681B684FF400623A
:104E90001A627B68D3F8803043F020027B68C3F845
:104EA00080207B68D3F88030002B00F00C82D7F88C
:104EB000E43003F02003002B0DD0D7F8E03003F0EE
:104EC0002003002B07D07B685B6E002B03D07B6830
:104ED0005B6E786898477B68D3F88030C7F8D43029
:104EE0007B681B689B6803F04003402B05D0D7F814
:104EF000D43003F02803002B4FD0786800F0F0FE88
:104F00007B681B689B6803F04003402B41D17B68A2
:104F10001B680833C7F89C30D7F89C3053E8003F33
:104F2000C7F89830D7F8983023F04003C7F8D0304E
:104F30007B681B680833D7F8D020C7F8A820C7F8CB
:104F4000A430D7F8A410D7F8A82041E80023C7F868
:104F5000A030D7F8A030002BD9D17B681B6F002B75
:104F600013D07B681B6F134A9A637B681B6F1846CC
:104F7000FBF750FE0346002B17D07B681B6F9B6B23
:104F80007A68126F104698470FE0786800F0BAF917
:104F90000BE0786800F0B6F907E0786800F0B2F945
:104FA0007B680022C3F880208DE100BF8BE100BF49
:104FB00020010004356001087B681B6E012B40F066
:104FC0004681D7F8E43003F01003002B00F03F8156
:104FD000D7F8E03003F01003002B00F038817B6835
:104FE0001B6810221A627B681B689B6803F04003F1
:104FF000402B40F0B4807B681B6F1B685B68A7F890
:10500000BE30B7F8BE30002B00F05F817B68B3F88C
:105010005830B7F8BE209A4280F057817B68B7F8C5
:10502000BE20A3F85A207B681B6F1B681B6803F027
:105030002003002B40F085807B681B68C7F8883010
:10504000D7F8883053E8003FC7F88430D7F8843069
:1050500023F48073C7F8B8307B681B681A46D7F80A
:10506000B830C7F89430C7F89020D7F89010D7F828
:10507000942041E80023C7F88C30D7F88C30002BFF
:10508000DAD17B681B6808337B677B6F53E8003F8E
:105090003B673B6F23F00103C7F8B4307B681B68A4
:1050A0000833D7F8B420C7F88020FB67F96FD7F82A
:1050B000802041E80023BB67BB6F002BE1D17B68F8
:1050C0001B6808333B663B6E53E8003FFB65FB6D96
:1050D00023F04003C7F8B0307B681B680833D7F86B
:1050E000B020FA66BB66B96EFA6E41E800237B66B3
:1050F0007B6E002BE3D17B682022DA677B6800227D
:105100001A667B681B68FB64FB6C53E8003FBB645A
:10511000BB6C23F01003C7F8AC307B681B681A46E1
:10512000D7F8AC30BB657A65796DBA6D41E800237C
:105130003B653B6D002BE4D17B681B6F1846FBF78A
:105140002BFD7B68B3F858207B68B3F85A309BB2CC
:10515000D31A9BB219467868F3F7A6FCB5E07B68D2
:10516000B3F858207B68B3F85A309BB2D31AA7F82B
:10517000CE307B68B3F85A309BB2002B00F0A7808A
:10518000B7F8CE30002B00F0A2807B681B68BB63B1
:10519000BB6B53E8003F7B637B6B23F49073C7F8D2
:1051A000C8307B681B681A46D7F8C8307B643A64FD
:1051B000396C7A6C41E80023FB63FB6B002BE4D174
:1051C0007B681B6808337B627B6A53E8003F3B6265
:1051D0003B6A23F00103C7F8C4307B681B680833BF
:1051E000D7F8C4203A63FB62F96A3A6B41E80023BE
:1051F000BB62BB6A002BE3D17B682022DA677B6845
:1052000000221A667B6800225A667B681B683B6135
:105210003B6953E8003FFB60FB6823F01003C7F8CD
:10522000C0307B681B681A46D7F8C030FB61BA6192
:10523000B969FA6941E800237B617B69002BE4D1FD
:10524000B7F8CE3019467868F3F72EFC3FE0D7F870
:10525000E43003F48013002B0ED0D7F8DC3003F4D5
:105260008003002B08D07B681B684FF480121A6201
:10527000786800F01FFF2DE0D7F8E43003F08003DA
:10528000002B0ED0D7F8E03003F08003002B08D0BD
:105290007B689B6E002B1CD07B689B6E7868984760
:1052A00017E0D7F8E43003F04003002B12D0D7F812
:1052B000E03003F04003002B0CD0786800F0D0FE03
:1052C00008E000BF06E000BF04E000BF02E000BF4E
:1052D00000E000BFE837BD4680BD00BF80B483B0AA
:1052E00000AF786000BF0C37BD465DF8047B7047A7
:1052F00080B483B000AF786000BF0C37BD465DF866
:10530000047B704780B483B000AF786000BF0C3777
:10531000BD465DF8047B704780B483B000AF786011
:105320007B68D3F8803018460C37BD465DF8047BA7
:10533000704700002DE9B04F8AB000AFF86000233D
:1053400087F82230FB689A68FB681B691A43FB6880
:105350005B691A43FB68DB6913437B62FB681B686C
:105360001A689E4B1340FA681268796A0B431360FF
:10537000FB681B685B6823F44051FB68DA68FB68D4
:105380001B680A435A60FB689B697B62FB681B6869
:10539000934A934204D0FB681B6A7A6A13437B6288
:1053A000FB681B689B6823F43061FB681B687A6AA2
:1053B0000A439A60FB681B688A4A934226D18A4B4B
:1053C000D3F8883003F00303032B1BD801A252F853
:1053D00023F000BFE5530108F5530108ED53010820
:1053E000FD530108012387F82330ABE0022387F83F
:1053F0002330A7E0042387F82330A3E0082387F8AD
:1054000023309FE0102387F823309BE0FB681B6864
:10541000764A934238D1744BD3F8883003F00C03AA
:105420000C2B2DD801A252F823F000BF61540108C3
:105430008154010881540108815401087154010804
:1054400081540108815401088154010869540108FC
:1054500081540108815401088154010879540108DC
:10546000002387F823306DE0022387F8233069E0BA
:10547000042387F8233065E0082387F8233061E0B0
:10548000102387F823305DE0FB681B68584A93427D
:1054900025D1554BD3F8883003F03003302B16D08C
:1054A000302B18D8202B0AD0202B14D8002B02D058
:1054B000102B08D00FE0002387F8233042E00223AE
:1054C00087F823303EE0042387F823303AE00823AE
:1054D00087F8233036E0102387F8233032E0FB686A
:1054E0001B683F4A93422AD13F4BD3F8883003F4DC
:1054F0004063B3F5406F1AD0B3F5406F1BD8B3F5D6
:10550000006F0CD0B3F5006F15D8002B03D0B3F5A6
:10551000806F08D00FE0002387F8233012E00223C9
:1055200087F823300EE0042387F823300AE00823AD
:1055300087F8233006E0102387F8233002E0102399
:1055400087F82330FB681B68254A934240F08A8025
:1055500097F82330082B24D801A252F823F000BF7B
:1055600085550108A35501088D550108A35501086B
:1055700093550108A3550108A3550108A355010837
:105580009B550108FCF7A0FCF86110E0194BFB618A
:105590000DE0FCF701FCF86109E04FF40043FB610A
:1055A00005E00023FB61012387F8223000BFFB697F
:1055B000002B00F00981FB685A6813465B00134416
:1055C000FA699A4205D3FB685B681B03FA699A4241
:1055D00012D9012387F82230F6E000BFF369FFEF0C
:1055E00000800040003801400010024000440040AC
:1055F000004800400024F400FB6900221C461546C8
:105600004FF000024FF000032B0243EA1463220222
:10561000F9684968490800208846814612EB080A63
:1056200043EB090BFB685B6800223B607A60D7E9BB
:10563000002350465946EFF75FFD02460B461346DE
:10564000BB61BB69B3F5407F08D3BB69B3F5801F6D
:1056500004D2FB681B68BA69DA60B5E0012387F8F9
:105660002230B1E0FB68DB69B3F5004F5DD197F8FC
:105670002330082B27D801A252F823F0A1560108A5
:10568000A9560108B1560108C7560108B7560108C6
:10569000C7560108C7560108C7560108BF5601087A
:1056A000FCF712FCF86114E0FCF724FCF86110E050
:1056B0004C4BFB610DE0FCF76FFBF86109E04FF428
:1056C0000043FB6105E00023FB61012387F82230E2
:1056D00000BFFB69002B77D0FB695A00FB685B6851
:1056E0005B081A44FB685B68B2FBF3F3BB61BB6900
:1056F0000F2B16D9BB69B3F5803F12D2BB699BB2A1
:1057000023F00F03FB82BB695B089BB203F0070326
:105710009AB2FB8A1343FB82FB681B68FA8ADA6041
:1057200052E0012387F822304EE097F82330082B0F
:1057300027D801A252F823F05D57010865570108E8
:105740006D570108835701087357010883570108F3
:1057500083570108835701087B570108FCF7B4FB06
:10576000F86114E0FCF7C6FBF86110E01D4BFB612B
:105770000DE0FCF711FBF86109E04FF40043FB6119
:1057800005E00023FB61012387F8223000BFFB699D
:10579000002B19D0FB685B685A08FB691A44FB6848
:1057A0005B68B2FBF3F3BB61BB690F2B09D9BB6923
:1057B000B3F5803F05D2BB699AB2FB681B68DA601B
:1057C00002E0012387F82230FB6800225A66FB685A
:1057D00000229A6697F8223018462837BD46BDE861
:1057E000B08F00BF0024F40080B483B000AF7860B5
:1057F0007B685B6A03F00103002B0AD07B681B689F
:105800005B6823F400317B689A6A7B681B680A43F3
:105810005A607B685B6A03F00203002B0AD07B6846
:105820001B685B6823F480317B68DA6A7B681B68DD
:105830000A435A607B685B6A03F00403002B0AD0BA
:105840007B681B685B6823F480217B681A6B7B682C
:105850001B680A435A607B685B6A03F00803002BED
:105860000AD07B681B685B6823F400417B685A6B35
:105870007B681B680A435A607B685B6A03F010030D
:10588000002B0AD07B681B689B6823F480517B68DF
:105890009A6B7B681B680A439A607B685B6A03F0BB
:1058A0002003002B0AD07B681B689B6823F40051FF
:1058B0007B68DA6B7B681B680A439A607B685B6A6B
:1058C00003F04003002B1AD07B681B685B6823F44D
:1058D00080117B681A6C7B681B680A435A607B687E
:1058E0001B6CB3F5801F0AD17B681B685B6823F4CF
:1058F000C0017B685A6C7B681B680A435A607B68EE
:105900005B6A03F08003002B0AD07B681B685B682E
:1059100023F400217B689A6C7B681B680A435A60F9
:1059200000BF0C37BD465DF8047B704780B586B07C
:1059300002AF78607B680022C3F88020F8F7B8FBDC
:10594000F8607B681B681B6803F00803082B0ED106
:105950006FF07E430093FB6800224FF400117868DB
:1059600000F02DF80346002B01D0032323E07B68D1
:105970001B681B6803F00403042B0ED16FF07E43F9
:105980000093FB6800224FF48001786800F017F85C
:105990000346002B01D003230DE07B6820229A6789
:1059A0007B682022DA677B6800221A667B68002207
:1059B00083F87420002318461037BD4680BD80B59B
:1059C0009CB000AFF860B9603B601346FB71A5E086
:1059D000BB6FB3F1FF3F00F0A180F8F769FB02460F
:1059E0003B68D31ABA6F9A4202D3BB6F002B3ED1E9
:1059F000FB681B683B653B6D53E8003FFB64FB6C39
:105A000023F4D0737B66FB681B681A467B6EFB65CC
:105A1000BA65B96DFA6D41E800237B657B6D002B9B
:105A2000E6D1FB681B680833FB63FB6B53E8003F60
:105A3000BB63BB6B23F001033B66FB681B68083349
:105A40003A6EBA647B64796CBA6C41E800233B64BB
:105A50003B6C002BE5D1FB6820229A67FB68202273
:105A6000DA67FB68002283F87420032367E0FB6891
:105A70001B681B6803F00403002B4FD0FB681B68F6
:105A8000DB6903F40063B3F5006F47D1FB681B6863
:105A90004FF400621A62FB681B68BB62BB6A53E882
:105AA000003F7B627B6A23F4D073FB66FB681B6854
:105AB0001A46FB6E7B633A63396B7A6B41E80023CD
:105AC000FB62FB6A002BE6D1FB681B6808337B6135
:105AD0007B6953E8003F3B613B6923F00103BB66F0
:105AE000FB681B680833BA6E3A62FB61F9693A6A6F
:105AF00041E80023BB61BB69002BE5D1FB68202294
:105B00009A67FB682022DA67FB682022C3F88020AE
:105B1000FB68002283F87420032310E0FB681B68F5
:105B2000DA69BB681340BA689A420CBF01230023AC
:105B3000DBB21A46FB799A423FF44AAF002318467B
:105B40007037BD4680BD000080B596B000AFF860EC
:105B5000B9601346FB80FB68BA685A65FB68FA882F
:105B6000A3F85820FB680022C3F88020FB6822229B
:105B7000DA67FB681B6F002B2BD0FB681B6F424A58
:105B8000DA62FB681B6F414A1A63FB681B6F404A6D
:105B90005A63FB681B6F00229A63FB68186FFB68EF
:105BA0001B6824331946FB685B6D1A46FB88FAF7BD
:105BB00093FF0346002B0CD0FB681022C3F8802013
:105BC000FB68002283F87420FB682022DA67012337
:105BD00055E0FB68002283F87420FB681B69002BEA
:105BE00018D0FB681B68FB63FB6B53E8003FBB638B
:105BF000BB6B43F480737B65FB681B681A467B6D47
:105C0000BB647A64796CBA6C41E800233B643B6CFA
:105C1000002BE6D1FB681B680833BB62BB6A53E804
:105C2000003F7B627B6A43F001033B65FB681B68B6
:105C300008333A6D7A633B63396B7A6B41E8002332
:105C4000FB62FB6A002BE5D1FB681B6808337B61B4
:105C50007B6953E8003F3B613B6943F04003FB64D1
:105C6000FB681B680833FA6C3A62FB61F9693A6AAF
:105C700041E80023BB61BB69002BE5D10023184636
:105C80005837BD4680BD00BF5D5E0108815F0108D9
:105C9000B95F010880B489B000AF78607B681B6889
:105CA000FB60FB6853E8003FBB60BB6823F0C003A8
:105CB000FB617B681B681A46FB69BB617A61796985
:105CC000BA6941E800233B613B69002BE6D17B6860
:105CD00020229A6700BF2437BD465DF8047B7047D9
:105CE00080B495B000AF78607B681B687B637B6B8A
:105CF00053E8003F3B633B6B23F49073FB647B688A
:105D00001B681A46FB6C3B64FA63F96B3A6C41E81A
:105D10000023BB63BB6B002BE6D17B681B68083399
:105D20003B623B6A53E8003FFB61FB6923F00103E0
:105D3000BB647B681B680833BA6CFA62BB62B96AE1
:105D4000FA6A41E800237B627B6A002BE5D17B681D
:105D50001B6E012B18D17B681B68FB60FB6853E846
:105D6000003FBB60BB6823F010037B647B681B684B
:105D70001A467B6CBB617A617969BA6941E8002394
:105D80003B613B69002BE6D17B682022DA677B68A8
:105D900000221A667B6800225A6600BF5437BD464F
:105DA0005DF8047B704780B590B000AF78607B6889
:105DB0009B6AFB637B681B681B6803F02003002B56
:105DC00037D1FB6B0022A3F85220FB6B1B68083312
:105DD0007B627B6A53E8003F3B623B6A23F08003AF
:105DE000BB63FB6B1B680833BA6B3A63FB62F96AEF
:105DF0003A6B41E80023BB62BB6A002BE5D1FB6B29
:105E00001B683B613B6953E8003FFB60FB6843F064
:105E100040037B63FB6B1B681A467B6BFB61BA61BB
:105E2000B969FA6941E800237B617B69002BE6D1FF
:105E300002E0F86BF2F7C6FD00BF4037BD4680BDFB
:105E400080B584B000AF78607B689B6AFB60F868BF
:105E5000FFF744FA00BF1037BD4680BD80B59CB047
:105E600000AF78607B689B6AFB667B681B681B6879
:105E700003F02003002B70D1FB6E0022A3F85A2000
:105E8000FB6E1B68FB64FB6C53E8003FBB64BB6CA0
:105E900023F48073BB66FB6E1B681A46BB6EBB6542
:105EA0007A65796DBA6D41E800233B653B6D002B47
:105EB000E6D1FB6E1B680833BB63BB6B53E8003F46
:105EC0007B637B6B23F001037B66FB6E1B680833EF
:105ED0007A6E7A643B64396C7A6C41E80023FB6328
:105EE000FB6B002BE5D1FB6E1B6808337B627B6A82
:105EF00053E8003F3B623B6A23F040033B66FB6E86
:105F00001B6808333A6E3A63FB62F96A3A6B41E800
:105F10000023BB62BB6A002BE5D1FB6E2022DA674F
:105F2000FB6E1B6E012B18D1FB6E1B683B613B693E
:105F300053E8003FFB60FB6823F01003FB65FB6E3A
:105F40001B681A46FB6DFB61BA61B969FA6941E8E1
:105F500000237B617B69002BE6D1FB6E1B6E012B5E
:105F600007D1FB6EB3F858301946F86EF2F79CFD76
:105F700002E0F86EF2F744FD00BF7037BD4680BD09
:105F800080B584B000AF78607B689B6AFB60FB687B
:105F90001B6E012B09D1FB68B3F858305B089BB22C
:105FA0001946F868F2F780FD02E0F868FFF7A0F9FB
:105FB00000BF1037BD4680BD80B586B000AF7860A9
:105FC0007B689B6A7B617B699B6F3B617B69DB6F55
:105FD000FB607B691B689B6803F08003802B09D101
:105FE0003B69212B06D17B690022A3F852207869F6
:105FF000FFF750FE7B691B689B6803F04003402B52
:1060000009D1FB68222B06D17B690022A3F85A2014
:106010007869FFF765FE7B69D3F8803043F01002A2
:106020007B69C3F880207869FFF76CF900BF1837E7
:10603000BD4680BD80B584B000AF78607B689B6A48
:10604000FB60FB680022A3F85A20FB680022A3F83B
:106050005220F868FFF756F900BF1037BD4680BDE3
:1060600080B588B000AF78607B681B68FB60FB6818
:1060700053E8003FBB60BB6823F04003FB617B68D3
:106080001B681A46FB69BB617A617969BA6941E8A4
:1060900000233B613B69002BE6D17B6820229A6795
:1060A0007B6800229A667868F2F78CFC00BF203784
:1060B000BD4680BD80B483B000AF786000BF0C37B0
:1060C000BD465DF8047B704780B58CB000AFF860CA
:1060D000B9601346FB80FB68DB6F202B4AD1BB689D
:1060E000002B02D0FB88002B01D1012343E0FB6889
:1060F00093F87430012B01D102233CE0FB680122AC
:1061000083F87420FB6801221A66FB881A46B96876
:10611000F868FFF719FD034687F82F3097F82F30FE
:10612000002B24D1FB681B6E012B1DD1FB681B6863
:1061300010221A62FB681B68BB61BB6953E8003F11
:106140007B617B6943F01003BB62FB681B681A46E6
:10615000BB6A7B623A62396A7A6A41E80023FB6172
:10616000FB69002BE6D102E0012387F82F3097F876
:106170002F3000E0022318463037BD4680BD0000B6
:10618000024B0146186800F02DB800BF6C010020DA
:10619000024B0146186800F071BE00BF6C01002080
:1061A00070B50F4E0C463168054611B900F0E0FDA0
:1061B00030602146284600F0DBFD431C03D14FF040
:1061C000FF34204670BDC41C24F00304A042F8D064
:1061D000211A284600F0CCFD0130F2D1EFE700BFD4
:1061E0006C2900202DE9F843CD1C25F00305083566
:1061F0000C2D38BF0C25002D064601DBA94204D921
:106200000C2333600020BDE8F883DFF8D48000F071
:1062100069F8D8F800301C4644BB29463046FFF7E1
:10622000BFFF431C044658D1D8F800402746002F32
:1062300043D1002C4BD023683946304604EB030988
:1062400000F096FD814542D121686D1A29463046FD
:10625000FFF7A6FF01303AD023682B442360D8F81B
:1062600000305A6862BBC8F800700FE02268521B09
:1062700020D40B2A17D96119A342256018BF596091
:10628000636808BFC8F8001062514B60304600F0E8
:106290002FF804F10B00231D20F00700C21A1CBFC9
:1062A0001B1AA350AFE76268A3420CBFC8F80020D6
:1062B0005A60EBE723466468AEE73C467F68B6E782
:1062C0001A465B68A342FBD100235360DEE70C2330
:1062D0003360304600F00CF894E70560D6E700BF65
:1062E00070290020014800F091BD00BFDA2A00208B
:1062F000014800F08DBD00BFDA2A0020002310B550
:106300000446C0E90033C0E90433836081814366F9
:10631000C2818361194608225C3000F0F6F80D4B0B
:1063200063620D4BA3620D4BE3620D4B23630D4B78
:1063300024629C4206D003F16802944202D0D0331A
:106340009C4205D104F15800BDE8104000F05CBD4E
:1063500010BD00BF81640108A7640108DF64010863
:106360000365010874290020024A0349034800F02C
:1063700069B800BF58010020AD7401087001002009
:1063800041680C4B994210B5044601D001F08EF8DB
:10639000A168094B994202D0204601F087F8E168D4
:1063A000064B994204D02046BDE8104001F07EB86B
:1063B00010BD00BF74290020DC290020442A0020E1
:1063C00010B50B4B0B4C0C4A1A60204600220421DE
:1063D000FFF794FF04F1680001220921FFF78EFF07
:1063E00004F1D0000222BDE810401221FFF786BF61
:1063F000AC2A00207429002069630108014800F0DC
:1064000005BD00BFDB2A0020014800F001BD00BF30
:10641000DB2A002010B50446FFF7F0FF236A1BB10A
:10642000BDE81040FFF7F0BF044B2362044B1B682C
:10643000002BF5D1FFF7C4FFF2E700BF816301082D
:10644000AC2A00202DE9F84307468846144600266A
:10645000D4E90195B9F1010905D52468002CF7D1DB
:106460003046BDE8F883AB89012B07D9B5F90E306A
:10647000013303D029463846C04706436835E9E76B
:1064800010B50C46B1F90E1000F060FC0028ABBF4F
:10649000636DA3891B1823F48053ACBF6365A3818C
:1064A00010BD002070472DE9F0411F468B89DB05A8
:1064B00005460C46164605D5B1F90E1002230022FA
:1064C00000F032FCA389B4F90E1023F48053A381A9
:1064D00032463B462846BDE8F04100F059BC10B5B5
:1064E0000C46B1F90E1000F01FFC431CA38915BF28
:1064F000606523F4805343F48053A38118BFA381C4
:1065000010BDB1F90E1000F0FFBB024403469342E8
:1065100000D1704703F8011BF9E7000038B50B4BB9
:106520001D686B6B044653B92420FFF729FE024611
:10653000686320B9064B0748322100F081FC696B83
:106540002046BDE8384000F007B800BF6C010020CD
:10655000488501085F8501082DE9F0410C46074692
:1065600001F01CF821460546384601F01BF8436946
:106570009907044603F26C7806D1642298FBF2F383
:1065800002FB1383002B71D14FF4C87298FBF2F316
:1065900002FB1383B3FA83F35B095E42644B06F09C
:1065A00030061E4400F07CF900F086F9614B1B6850
:1065B000002B6AD06B6843455AD1D7E900232F6876
:1065C000D5E90801002F5BD1824273EB01015EDB4C
:1065D000012323622B6D61684FF4616293FBF2F03B
:1065E00002FB10333C2293FBF2F502FB15322368C9
:1065F0009B1AA2682360491B121A3B2B6160A260A0
:1066000051DD013161603C3B236063683B2B50DD11
:106610000132A2603C3B6360A368172B4FDDE26947
:106620000132E261A2690132072AA8BF0022A261F9
:10663000E268183B0132A3602369E26056F8231038
:106640008A420EDD0B2BA2EB0102E26003F1010294
:1066500009BF636922610022013302BF22616361C5
:10666000E26100F023F92046BDE8F081012394E7C0
:10667000404600F061F800289FD14FF0FF3304E05E
:10668000824273EB010102DA0023236209E0D5E9BB
:10669000120182428B41B4BF012300232362002BED
:1066A00098D1AB6A97E7002BAFDA013961603C33D0
:1066B000AAE7002BB0DA013AA2603C33ABE7002B2B
:1066C000CFDAE269013AE261A269013A48BF0622E3
:1066D000A261E2681833013AE260A360002AC0D1E7
:1066E0002369013B05D42361236956F82330E36015
:1066F000B7E70B23236163695A1E6261920703F2B5
:106700006B7305D1642193FBF1F201FB123262B984
:106710004FF4C87293FBF2F102FB1133B3FA83F327
:106720005B0903F5B673E361DEE70123F9E700BF18
:1067300090860108D02A00202DE9F843044600F095
:106740002DFF40F2B1739C4240F3A3806FF4F661D9
:106750006518A4F2B27340F26D12AD1002FB03553E
:106760006FF4C8666FF06302A4F26D7393FBF2F3EB
:106770001D44A319484E44604FF4C8720146B3FB50
:10678000F2F300F150071D440B7AD1F814C04A2BE4
:1067900038D1A20705EB0C0306D14FF0640E94FB31
:1067A000FEF20EFB124232B94FF4C87E94FBFEF2A9
:1067B0000EFB12421ABBBCF13B0FD4BF4FF0000CD2
:1067C0004FF0010C6344013B8A694FEAE27CC3FB52
:1067D000062C8B6AD2184CEBE373C1E908232831ED
:1067E0008F42D1D1D0E90843D0E912128C429341B3
:1067F000B4BF0123002303600120BDE8F8834FF0FC
:10680000000CDFE7442B02D105EB0C03DCE7A30708
:1068100005D1642294FBF2F302FB134393BB4FF4C4
:10682000C87294FBF2F302FB1343B3FA83F35B09E0
:10683000DFF868E0D1F80C905B4203F030032A46A1
:106840004FF00008734408F10108C14553F828E0EF
:106850001ADC02F10408072398FBF3F3C3EBC3032C
:10686000A8EB0303BCEB030C0B6903F1FF3348BF38
:106870000CF1070CC3EBC3039C44F44506DA02EBAE
:106880000C03A1E70123D3E77244DCE7ACF1070C6A
:10689000F3E70020B1E700BF805101008C860108BA
:1068A000014800F0B2BA00BFD82A0020014800F029
:1068B000AEBA00BFD82A0020014B186800F002B819
:1068C0006C0100202DE9F04F8DB0074600F066FE08
:1068D000BC49BD4D0446384600F056FB064610BB89
:1068E000BA4BBB4A1860BB4BA0621860BA4B20651C
:1068F000C3E900224A2100220023C4E90300C4E9BD
:106900000500C4E90D00C4E90F00C4E90823C4E987
:1069100012232868217284F83010FFF739FC2E60AA
:106920000DB0BDE8F08F2968002940F08E802868FE
:10693000FFF72EFC3046EDF755FD411C3846FFF7BA
:1069400051FC2860002840F08680A24ADFF8888247
:10695000DFF878A200231360A04ACAF800300020B4
:106960000021C8E90022C4E90333C4E90533C4E9BE
:106970000801C4E90D33C4E90F33C4E912014A2206
:106980002272A36284F83020236533783A2B08BF43
:10699000013633783C2B62D1751C914A91490AAB80
:1069A000284600F0BDFD0028BADD0A9BDA1E072A42
:1069B000B6D8EB5C3E2BB3D102360A9BF518F35CDC
:1069C0002D2B5AD101354FF0FF390023ADF81E3081
:1069D000ADF8203008AF0AABCDE9013703930DF1D4
:1069E0001E03009380490AAB07AA284600F098FDD1
:1069F000002895DDBDF81E30BDF820603C2202FB6A
:106A00000366BDF81C304FF4616202FB03660A9B0B
:106A100009FB06F605EB0309EB5C3C2B40F0EE802E
:106A200009F10105714A6F490AAB284600F078FD6B
:106A3000002828DC99F801303E2B24D1684BA6624F
:106A4000C8E90033CAF800606AE7EDF7C1FC002826
:106A50007FF46DAF64E7314600F0DBF975E7604A1B
:106A600063490AAB304600F05BFD00287FF758AF62
:106A70000A9B033B072BA0D952E72B2B08BF0135FC
:106A80004FF00109A1E70A9BDA1E072A3FF648AF3B
:106A9000EB5C3E2B7FF444AF09F102090A9B09EB42
:106AA000030519F803302D2B40F0B78001354FF066
:106AB000FF390023ADF81C30ADF81E30ADF82030A2
:106AC0000A930AABCDE9027301930DF11E03009303
:106AD00045490AAB07AA284600F022FD002800F32A
:106AE000A280A6F5616304930A9B27461D444FF0DC
:106AF000000B2B782C2B08BF013595F80090B9F1CD
:106B00004D0F40F0A3800AAB0DF12602CDE9013212
:106B100009AA0092374903930DF12202284600F09A
:106B2000FFFC03287FF4FCAEBDF822104B1E0B2B9C
:106B30003FF6F6AEBDF82420531E042B3FF6F0AE10
:106B4000BDF82630062B3FF6EBAEC7E9031287F8F7
:106B500008907B610A9B05EB030900254FF00203B7
:106B6000ADF81C30ADF81E50ADF820500A9599F8DC
:106B700000302F2B40F096800AAB08AACDE90132F5
:106B80000DF11E0200921C49039307AA484600F02B
:106B9000C7FCA84200F386804A2100220023C4E9F2
:106BA0000355C4E90555C4E90823C4E90D55C4E9F2
:106BB0000F55C4E912232172A56284F830102565AF
:106BC000AEE600BFB8850108B02A0020CC2A00201C
:106BD000BB850108D02A00206401002041860108FD
:106BE000C02A0020BF850108F4850108B42A0020CE
:106BF000D2850108E0850108F38501083E4A3F4936
:106C00000AAB484600F08CFC00287FF717AF0A9BC0
:106C1000033B072B7FF642AF82E62B2B08BF0135E3
:106C20004FF0010945E7BDF81E20BDF820303C219A
:106C300001FB0233BDF81C204FF4616101FB0233FC
:106C400009FB03F34FE74FF0010B52E7B9F14A0F8D
:106C500006BF01354B4644230A220BA9284605935B
:106C600000F00AFADDF82C90059BADF82600A94546
:106C700014D14D23BBF1000F07D12372032102234E
:106C8000C4E90313C4F814B067E784F830300B226A
:106C90000123C4E90D230023E3635EE780B23B7266
:106CA00078615AE7BDF81E20BDF820303C2101FB79
:106CB0000233BDF81C204FF4616101FB0233BB615C
:106CC0000A9D28374D44BBF1000FBCD0049B2365BF
:106CD0000B4BC8F800306068074BA662C8F8043058
:106CE000FFF72AFDA26A236DCAF800209B1A054A05
:106CF00018BF0123136013E6B42A0020D2850108CF
:106D0000C02A0020D02A002038B5064D00230446B2
:106D100008462B60F7F79EF8431C02D12B6803B19D
:106D2000236038BDD42A002038B5074D04460846F4
:106D3000114600222A601A46F7F7B3F8431C02D125
:106D40002B6803B1236038BDD42A002038B5074D25
:106D500004460846114600222A601A46F7F741F811
:106D6000431C02D12B6803B1236038BDD42A002014
:106D700038B5064D0023044608462B60F7F79EF809
:106D8000431C02D12B6803B1236038BDD42A0020F4
:106D900038B5074D04460846114600222A601A46B7
:106DA000F7F73CF8431C02D12B6803B1236038BDD0
:106DB000D42A0020014B1868704700BF6C010020E6
:106DC00070B50D4D0D4C641BA4100026A64209D1D0
:106DD0000B4D0C4C01F082FB641BA4100026A64254
:106DE00005D170BD55F8043B98470136EEE755F8DC
:106DF000043B98470136F2E7FC870108FC8701084D
:106E0000FC87010800880108704770477047704789
:106E10007047034611F8012B03F8012B002AF9D122
:106E200070470A44914200F1FF3300D1704710B51A
:106E300011F8014B03F8014F9142F9D110BD000048
:106E40001FB514461A46094B1B680546D8684CB155
:106E5000074B0091CDE9013406492B4600F04EFB6B
:106E600000F046FC044B1C46F3E700BF6C01002019
:106E700006860108138601084186010838B50546D3
:106E8000002941D051F8043C0C1F002BB8BFE41876
:106E9000FFF728FA1D4A136833B963601460284667
:106EA000BDE83840FFF724BAA34208D9206821186A
:106EB0008B4201BF19685B6809182160EDE71A462B
:106EC0005B680BB1A342FAD911685018A0420BD1EC
:106ED00020680144501883421160E0D118685B6853
:106EE000536008441060DAE702D90C232B60D6E720
:106EF000206821188B4204BF19685B68636004BF77
:106F0000091821605460CAE738BD00BF702900200D
:106F10002DE9F84FDFF86CA006468946174600F0C9
:106F2000EFFBDAF8004034B14B46984613F8012BDA
:106F30003AB13D2AF9D1304600F0E8FB0020BDE827
:106F4000F88FA8EB0908A34654F8040B0028F2D0E8
:106F50004246494600F010FB0028F4D154F8043CA6
:106F600003EB080513F808303D2BECD1DAF80030BC
:106F7000ABEB03039B1030463B6000F0C7FB681C83
:106F8000DDE700BF4801002007B501AAFFF7C0FFF9
:106F900003B05DF804FB00002DE9F043344E864653
:106FA0000D46284615F8014B375D17F00807F8D154
:106FB0002D2C10D12C780127851C33F0100015D111
:106FC000302C0DD1287800F0DF00582808D16C78DB
:106FD000023510230AE02B2C04BF2C78851CECE72B
:106FE000002BF6D1302C14BF0A2308234FF0FF38B2
:106FF0000026B8FBF3F803FB08F96FEA09093046ED
:10700000A4F1300CBCF1090F10D86446A3421EDD78
:10701000B6F1FF3F07D0804516D301D1A14513DB60
:1070200000FB0340012615F8014BE9E7A4F1410CF0
:10703000BCF1190F01D8373CE8E7A4F1610CBCF1B1
:10704000190F04D8573CE1E74FF0FF36EBE7731C0C
:1070500006D12223CEF80030304632B9BDE8F083A5
:1070600007B14042002AF9D006B1691E1160F5E768
:10707000F1860108FFF790BF13460A460146024811
:107080000068FFF789BF00BF6C0100202DE9F047C1
:10709000164698468A680B69DDF820909342B8BF7F
:1070A0001346336091F8432007460C460AB101337A
:1070B00033602368990642BF336802333360256822
:1070C00015F0060506D104F1190AE36832689B1A27
:1070D000AB4226DC94F843302268003B18BF012302
:1070E00092062BD404F1430241463846C84701308A
:1070F0001ED02368226903F00603042B02BFE56853
:107100003368ED1AA3680CBF25EAE57500259342A4
:10711000C4BF9B1AED1800261A34B5421AD10020BC
:1071200008E00123524641463846C847013003D1A2
:107130004FF0FF30BDE8F0870135C6E7E1185A1C73
:10714000302081F84300224494F8451082F843101F
:107150000233C7E70123224641463846C84701307B
:10716000E6D00136D9E700002DE9FF470F7E0C9EDF
:10717000782F914680460C469A4601F1430207D883
:10718000622F0AD8002F00F0D180582F00F0B8806D
:1071900004F1420684F842703AE0A7F16303152B2C
:1071A000F6D801A151F823F0017201081572010807
:1071B00091710108917101089171010891710108A3
:1071C000157201089171010891710108917101080E
:1071D00091710108137301083F720108CD72010813
:1071E00091710108917101083573010891710108CD
:1071F0003F7201089171010891710108D57201086F
:1072000033681A1D1B68326004F1420684F842306C
:1072100001239CE033682068191D3160060601D502
:107220001D6803E04506FBD5B3F90050002D03DAD5
:107230002D236D4284F8433058480A2311E0216819
:107240003368080653F8045B02D4490648BFADB260
:107250006F2F5248336014BF0A230823002184F89B
:1072600043106668A660002E05DB21682E4321F0DE
:10727000040121604BD01646B5FBF3F103FB115717
:10728000C75D06F8017D2F46BB420D46F4D9082B99
:107290000BD12368DF0708D5236961689942DEBFF7
:1072A000302306F8013C06F1FF36921B2261CDF82F
:1072B00000A04B4603AA21464046FFF7E7FE0130F7
:1072C0004AD14FF0FF3004B0BDE8F087236843F0A7
:1072D000200323603248782784F84570236831689A
:1072E0001F0651F8045B02D45F0648BFADB231609F
:1072F000D90744BF43F0200323601DB11023ADE73D
:107300002648E9E7236823F020032360F6E71646C2
:10731000BDE7336825686169181D30602E061B685B
:1073200001D5196002E06806FBD5198000232361AE
:107330001646BCE733681A1D32601E686268002179
:107340003046EDF75DF808B1801B6060636823612B
:10735000002384F84330AAE7236932464946404671
:10736000D0470130ADD023689B0713D4E068039B5E
:107370009842B8BF1846A6E7012332464946404620
:10738000D04701309DD00135E36803995B1AAB42C9
:10739000F2DCEBE7002504F11906F5E74286010867
:1073A00053860108B1F90C202DE9F0411607054676
:1073B0000C4654D44B68002B02DC0B6C002B48DDD0
:1073C000E66A002E45D0002312F480522F68216A0D
:1073D0002B6030D0626DA389590705D56368D21A36
:1073E000636B0BB1236CD21A0023E66A216A28462C
:1073F000B047431CA38906D129681D292BD82A4AE6
:10740000CA40D60727D500226260D90422692260CB
:1074100004D5421C01D12B6803B96065616B2F60F4
:10742000B9B104F14403994202D02846FFF726FD82
:10743000002363630DE001232846B0470246501C39
:10744000C9D12B68002BC6D01D2B01D0162B1ED105
:107450002F60002022E043F040031BB21BE00F69C5
:10746000002FF6D093070E6808BF4B690F6018BF56
:107470000023A6EB07088B60B8F1000FE9DD216A55
:10748000A66A43463A462846B047002808DCB4F9C5
:107490000C3043F04003A3814FF0FF30BDE8F08192
:1074A0000744A8EB0008E7E70100402038B50B6966
:1074B00005460C4613B90025284638BD18B1036AA5
:1074C0000BB9FEF7A7FFB4F90C30002BF3D0626EB6
:1074D000D00704D4990502D4A06DFFF797FC284685
:1074E0002146FFF75FFF636EDA070546E4D4A38900
:1074F0009B05E1D4A06DFFF78BFCDDE70EB403B56F
:10750000014603AB054853F8042B0068019300F0D3
:107510002BFB02B05DF804EB03B070476C01002058
:107520000EB470B59DB021AC00254FF4017254F833
:10753000046BADF814201B9502900690ECF752FFF7
:107540000B4B039007900B480B934FF6FF73ADF86E
:1075500016303246234602A900680F95149501940F
:1075600000F062F91DB0BDE8704003B0704700BF85
:10757000A36401086C01002010B56AB101398418B8
:1075800010F8012B11F8013F9A4203D1A04201D01B
:10759000002AF5D1D01A10BD1046FCE7004870470C
:1075A000C00100202DE9F0414D4A0C460023D0E9EE
:1075B0000001EDF751FD002ABCBF02F5A83202F52B
:1075C000C0724FF4616100F52F20B2FBF1F301FBB3
:1075D00013224FF03C01ACBF00F66C2000F66B208C
:1075E000A360B2FBF1F301FB132263602260C31CB2
:1075F000072293FBF2F2C2EBC2029B1A394955D51E
:107600000733A361A0F50E33A3F52C7393FBF1F1BF
:10761000354B03FB010048F6AC63B0FBF3F30344C6
:1076200040F2B45CB0FBFCF29B1A40F26D172F4A9B
:10763000B0FBF2F264269B1AB3FBF7F2B3FBFCF348
:10764000B2FBF6F5EB1A034407FB1233992003EB68
:107650008307023703F1010EB7FBF0FC00FB0CF0CF
:1076600002304FF00508B0FBF8F0AEEB000040F23E
:10767000F95E77458CBF6FF00907022767444FF426
:10768000C87C0CFB0121012F98BF0131B3F5997F14
:1076900012D3A3F59973E361A1F26C710023E0604A
:1076A000C4E9047123622046BDE8F0810028A3618B
:1076B000A8DB90FBF1F1ABE712F0030F02D106FB60
:1076C00015255DB94FF4C875B2FBF5F605FB16221A
:1076D000B2FA82F252093B331344DCE70122FAE7A3
:1076E00080510100B13A02004FC5FDFFB03A0200DF
:1076F00008B5062000F0CEFD0120F6F767FB00007C
:107700000148FFF783BB00BFD92A00200148FFF7DB
:107710007FBB00BFD92A00202DE9F041074614465F
:107720000D4621B9BDE8F0411146FEF75BBD2AB90F
:10773000FFF7A4FB25462846BDE8F08100F0C6FD12
:107740008442064602D8B4EB500FF4D8214638469E
:10775000FEF748FD804608B94546ECE7B4422246AC
:10776000294628BF3246FFF75CFB29463846FFF71B
:1077700085FBF1E738B54B1C144603D14FF0FF35BC
:10778000284638BD938923F020039381636B5268A8
:10779000CDB28BB1A36B934208DD23685A1E2260E1
:1077A00003F8015C636801336360E9E7214600F098
:1077B0007AFC0028F1D0E1E72169236851B19942B0
:1077C00008D213F8011CA94204D1013B0132236005
:1077D0006260D5E7C4E90F3204F144036363032315
:1077E000A363234603F8465F23600123DCE710B55B
:1077F0000C46496B69B104F14403994201D0FFF78B
:107800003DFB236C63600020606313B1E36B236076
:1078100010BD2369236000236360A38943F0200324
:10782000A3814FF0FF30F3E72DE9F04F0C46ADF5A3
:10783000237D0021CDE94411A649A0910DF1040852
:10784000A549A64FCDF818810646A191009392F85C
:107850000090B9F1000F00F0588117F8093013F0CB
:10786000080302F1010519D06368002B0FDD2368BE
:107870001A78BA5C120701D42A46E8E7459A013221
:10788000459262680133013A62602360ECE7A19B94
:107890002146304698470028E9D0EDE7B9F1250F99
:1078A00040F085804193439353782A2B02BF1023E5
:1078B000951C41930A22AA461AF8011BA1F1300334
:1078C000092B1ED9DFF818B203225846ECF798FDB1
:1078D00038B1419AA0EB0B0001238340134341933D
:1078E000554615F8013B782B06D8572B10D8252B79
:1078F0005DD057D8002B75D0032347930A234293BA
:1079000088E0439B02FB0311303943915546D2E78F
:10791000A3F15802202AEFD801A151F822F000BFAC
:10792000F3790108F9780108F97801084D7A01081E
:10793000F9780108F9780108F9780108F97801085F
:10794000F9780108F9780108F9780108637A0108E3
:10795000497A0108AB790108AB790108AB790108D4
:10796000F9780108057A0108F9780108F978010821
:10797000F9780108F9780108737A01080D7A01088D
:10798000EB790108F9780108F97801086F7A0108A4
:10799000F9780108497A0108F9780108F9780108AD
:1079A000F3790108453B022BA6D8052331E0636833
:1079B000002B0DDD23681A784A4540F0A68001337C
:1079C00062682360459B013A01336260459353E747
:1079D000A19B2146304698470028EBD044980028C8
:1079E00040F08B804FF0FF308BE0419A42F0200254
:1079F0004192419A42F40072419210226E2B4292BF
:107A000002D905E000234293032302E008234293B6
:107A1000042347936368002B39DD419B590604D446
:107A200023681A78BA5C120738D4479B022B47DCCC
:107A30006B46224641A9304600F0AEF9012864D0D9
:107A400002287FF419AFC9E70A22D7E72946404642
:107A500000F0F0FA419B43F04003419305460123B7
:107A6000D7E7419B43F0400341930023D1E7022332
:107A7000CFE74198C3063FF5FFAE009B459A191D1D
:107A800000911B68C0074CBF1A801A60F4E6A19BE6
:107A90002146304698470028BFD09FE7459A0132DB
:107AA00045926268013A002A626002DD0133236078
:107AB000B6E7A19B2146304698470028B0D08DE715
:107AC000042B0FDC6B46224641A9304600F0BEF97C
:107AD000B4E700BF75770108EF770108F186010868
:107AE000648601080A4B002B3FF4C6AE6B46224663
:107AF00041A93046AFF30080A0E7A3895B063FF5BC
:107B000071AF0DF5237DBDE8F08F4498F9E700BF14
:107B1000000000009368013B002B10B4936008DA6A
:107B20009469A34201DB0A2903D15DF8044B00F0FC
:107B3000F4BA1368581C1060197008465DF8044BBD
:107B40007047F8B506460F461446D518AC4201D129
:107B5000002007E014F8011B3A463046FFF7DAFF31
:107B6000431CF3D1F8BD00002DE9F04F0D469DB048
:107B700014469846064618B1036A0BB9FEF74AFC4C
:107B80006B6ED90705D4AB899A0502D4A86DFFF7AF
:107B90003DF9AB891B0701D52B699BB929463046B6
:107BA00000F0FAFA70B16B6EDC0704D54FF0FF30CD
:107BB0001DB0BDE8F08FAB899805F7D4A86DFFF72D
:107BC00027F9F3E70023099320238DF82930CDF816
:107BD0000C803023DFF8AC818DF82A304FF001099A
:107BE00023469A4613F8012B0AB1252AF9D1BAEB9C
:107BF000040B0BD05B46224629463046FFF7A1FF17
:107C0000013000F0A780099A5A4409929AF800308E
:107C1000002B00F09F8000234FF0FF32CDE90523B9
:107C20000AF1010A049307938DF853301A935446CE
:107C3000052214F8011B5348ECF7E2FB049AD8B96B
:107C4000D10644BF20238DF85330130744BF2B23A4
:107C50008DF853309AF800302A2B15D0079A5446E5
:107C600000204FF00A0C214611F8013B303B092B54
:107C70004BD9B0B1079214E0A0EB080309FA03F363
:107C800013430493A246D2E7039B191D1B6803917B
:107C9000002BBBBF5B4242F0020207930793B8BFC1
:107CA000049223782E2B0AD163782A2B32D1039B9E
:107CB0001A1D1B68039243EAE37302340593DFF84D
:107CC000D4A0217803225046ECF79AFB38B1049BEC
:107CD000A0EB0A004022824013430134049314F8BD
:107CE000011B29488DF828100622ECF789FB002893
:107CF0003FD0264B1BBB039B073323F007030833FE
:107D00000393099B3B4409936AE70CFB02320C4640
:107D10000120A8E700230134059319464FF00A0C0F
:107D2000204610F8012B303A092A03D9002BC6D07F
:107D30000591C4E70CFB012104460123F0E703ABE6
:107D400000932A46124B04A93046AFF30080074641
:107D5000781CD6D16B6ED90705D4AB899A0502D4AD
:107D6000A86DFFF755F8AB895B063FF51FAF099883
:107D70001EE703AB00932A46054B04A93046FFF7E4
:107D8000F3F9E4E7688601086E8601080000000048
:107D9000437B0108648601082DE9F84315468A688B
:107DA00080460C4632B98A69002A14BF4FF0FF3270
:107DB00001228A602268DFF89090D1065FBF1A68BE
:107DC000111D196016680027A06988B1012807D124
:107DD0002B681A7863699B5C53B9002F31D022E07D
:107DE000022820D12B681B7819F803301B071AD4FE
:107DF0002368DA065EBF2B681B7806F8013B2A6809
:107E00006B6801322A60A268013B013A6B6001375E
:107E1000A26042B1002BD7DCD4F88031294640461D
:107E200098470028D0D0236813F0100305D1E268EA
:107E30000132E260A26902B1337023693B442361DD
:107E40000020BDE8F88300BFF18601082DE9F04F5E
:107E50009846744B0C468246164693E8070087B056
:107E600003AB83E80700704BA169704A032908BF80
:107E70001A46A36801925A1EB2F5AE7F88BF6FF40E
:107E8000AE75274682BF03EB050940F25D13A36080
:107E900057F81C3B43F4506398BF4FF00009236030
:107EA0003D464FF0000B316803AB097853F82B00C7
:107EB0000222ECF7A5FA28B3BBF1010F59D1626891
:107EC0002AB92268082142F40072616022602268A7
:107ED00022F4A0622260A268511EA16092B13268B1
:107EE000511C3160127805F8012B7268013A002AA2
:107EF000726007DCD4F88021314650469047002854
:107F000040F085800BF1010BBBF1030FCBD163680F
:107F10000BB90A236360636845496069C91A00F0B8
:107F200089F84FF0000BA3682268002B3DD0316820
:107F3000606991F800C010F80C00002835D0BCF141
:107F4000300F24D1100522D50BF1010BB9F1000F30
:107F500003D0013309F1FF39A3607368013B002BA3
:107F600073601BDD336801333360A368013BA3609A
:107F7000D9E7BBF1020FAED1226802F4C061B1F5BE
:107F8000007FC4D11021616042F48072A2E722F424
:107F9000106222600B7805F8013BDEE7D4F88031EF
:107FA0003146504698470028DFD02368D9050DD5C3
:107FB000BD4209D915F8011CD4F87C31324650462F
:107FC000984705F1FF394D46BD4228D0226812F08E
:107FD000100213D12A706368019E39465046B0479B
:107FE000D8F8003021681A1DC8F8002011F0200FC1
:107FF0001B680FD01860E3680133E3602369ED1B51
:108000005D442B442361002007B0BDE8F08F4FF0A2
:10801000000BCAE7CA074CBF18801860EBE70120C5
:10802000F2E700BFF4840108D183010875700108EC
:108030008586010870B50B7804465E2B0BBF4B7824
:108040004A1C8A1C002108BF0121013804F1FF05E8
:1080500000F8011FA842FBD10BB9501E70BD81F082
:108060000101E1541046024612F8015B2D2D05D0A6
:108070005D2D16D0002DF1D02B46F2E746785D2E0F
:10808000FAD0B342F8DC02301A4601329642A154CB
:10809000FBDCF21A013A5D1CB342A8BF0022AB1808
:1080A000E1E71046DAE72DE9F0410C46496B04F1AF
:1080B000440399421DD14FF48061FEF793F818B93B
:1080C0004FF0FF30BDE8F0814FF48063A36394F874
:1080D0004630606380F8FF3394F8453080F8FE3313
:1080E00094F8443080F8FD3300F2FD302060002029
:1080F000E8E7A66B77003A46FFF70EFB0546002837
:10810000DED000EB0608014632464046FEF789FE07
:10811000C4E90D57C4F80080E9E7F8B50E461446E7
:10812000054618B1036A0BB9FEF774F9A369A36099
:10813000A3891A0701D5236943B92146284600F0CF
:108140002BF818B14FF0FF373846F8BD2368226985
:10815000981A6369F6B28342374605DC2146284601
:10816000FFF7A4F90028EDD1A368013BA3602368C1
:108170005A1C22601E706269431C9A4204D0A38973
:10818000DB07E1D50A2EDFD121462846FFF78EF91D
:108190000028D9D0D6E7000038B5294B0546186825
:1081A0000C4618B1036A0BB9FEF734F9B4F90C3078
:1081B000190722D4DA0607D409222A6043F04003C3
:1081C000A3814FF0FF3033E0580712D5616B41B106
:1081D00004F14403994202D02846FEF74FFE0023E3
:1081E0006363A38923F02403A381002363602369CD
:1081F0002360A38943F00803A38123694BB9A389B2
:1082000003F42073B3F5007F03D02146284600F025
:1082100007F9B4F90C3013F001020AD00022A26071
:1082200062695242A261226942B913F08000C5D14D
:1082300038BD990758BF6269A260F4E70020F7E7EC
:108240006C0100201F2938B505460C4604D91623B9
:1082500003604FF0FF3038BDC26B12B152F82130CD
:108260004BB9284600F030F8224601462846BDE8C2
:10827000384000F017B8012B0AD0591C03D116233F
:1082800003600120E7E7002142F8241020469847C8
:108290000020E0E7024B01461868FFF7D3BF00BF9C
:1082A0006C01002038B5074D0023044608461146EE
:1082B0002B60F5F77BFD431C02D12B6803B12360D3
:1082C00038BD00BFD42A0020F5F768BD51F8043C42
:1082D000181F002BBCBF0B58C0187047242B2DE96A
:1082E000F0478646904601D8012B06D1FEF762FD85
:1082F000162303600020BDE8F08734480D462A4667
:1083000015F8014B065D16F00806F8D12D2C10D19A
:108310002C780126951C33F0100215D1302C0DD18C
:108320002A7802F0DF02582A08D16C78023510232F
:108330000AE02B2C04BF2C78951CECE7002BF6D11F
:10834000302C14BF0A23082306F1004C0CF1FF3C2B
:108350000022BCFBF3F9104603FB19CAA4F1300755
:10836000092F0FD83C46A3421BDD571C07D081457F
:1083700014D301D1A24511DB00FB0340012215F803
:10838000014BEBE7A4F14107192F01D8373CEAE78D
:10839000A4F16107192F04D8573CE4E74FF0FF32EE
:1083A000EDE7531C08D12223CEF800306046B8F127
:1083B000000FA0D0691E06E006B14042B8F1000FE0
:1083C00099D0002AF6D1C8F8001094E7F186010888
:1083D000FFF784BF70B50C46B1F90E10002996B0B6
:1083E00015461E460DDAA38913F0800F4FF00001E9
:1083F00014BF40234FF48063002031602B6016B01F
:1084000070BD6A4600F048F80028ECDB019901F4E1
:108410007041A1F50053594259414FF48063EBE795
:108420008B89F7B59D0706460C4607D504F147032F
:10843000236023610123636103B0F0BD01AB6A4691
:10844000FFF7C8FF009F054639463046FDF7CAFED4
:1084500048B9B4F90C309A05EED423F0030343F085
:108460000203A381E2E7A389206043F08003A38194
:10847000019BC4E904075BB1B4F90E10304600F06B
:108480001DF828B1A38923F0030343F00103A3815E
:10849000A3891D43A581CFE738B5074D00230446C6
:1084A000084611462B60F5F7E1FC431C02D12B680E
:1084B00003B1236038BD00BFD42A002038B5064D73
:1084C0000023044608462B60F5F7E0FC431C02D16C
:1084D0002B6803B1236038BDD42A0020F8B500BF53
:1084E000F8BC08BC9E467047F8B500BFF8BC08BC95
:1084F0009E467047878601088A8601088D86010896
:108500000000000000000000010203040607080943
:108510000000000001020304A0860100400D0300DA
:10852000801A060000350C0040420F0080841E00B7
:1085300000093D0000127A000024F40000366E01AC
:108540000048E801006CDC025245454E54206D6144
:108550006C6C6F6320737563636565646564002F7D
:108560006275696C642F676E752D746F6F6C732DF7
:10857000666F722D73746D33325F31332E332E720A
:10858000656C312E32303234303932362D3137315C
:10859000352F7372632F6E65776C69622F6E657706
:1085A0006C69622F6C6962632F74696D652F6C63EF
:1085B0006C74696D652E6300545A00474D54002554
:1085C00031315B2D2B302D39412D5A612D7A5D25AE
:1085D0006E002531315B412D5A612D7A5D256E008B
:1085E0004D256875256E2E256875256E2E256875B6
:1085F000256E002F256875256E3A256875256E3A1B
:10860000256875256E002C2066756E6374696F6E23
:108610003A2000617373657274696F6E202225734E
:1086200022206661696C65643A2066696C65202267
:108630002573222C206C696E6520256425732573B3
:108640000A00303132333435363738394142434409
:10865000454600303132333435363738396162635C
:1086600064656600686C4C00232D302B2000656625
:108670006745464700412D46612D66383930313215
:1086800033343536375D002B2D00303000785800FC
:108690001F0000001C0000001F0000001E00000062
:1086A0001F0000001E0000001F0000001F0000004F
:1086B0001E0000001F0000001E0000001F00000040
:1086C0001F0000001D0000001F0000001E00000031
:1086D0001F0000001E0000001F0000001F0000001F
:1086E0001E0000001F0000001E0000001F00000010
:1086F0000020202020202020202028282828282072
:108700002020202020202020202020202020202069
:1087100020881010101010101010101010101010D1
:1087200010040404040404040404041010101010C1
:10873000101041414141414101010101010101018B
:1087400001010101010101010101010110101010DD
:10875000101042424242424202020202020202025D
:1087600002020202020202020202020210101010B1
:1087700020000000000000000000000000000000D9
:1087800000000000000000000000000000000000E9
:1087900000000000000000000000000000000000D9
:1087A00000000000000000000000000000000000C9
:1087B00000000000000000000000000000000000B9
:1087C00000000000000000000000000000000000A9
:1087D0000000000000000000000000000000000099
:1087E0000000000000000000000000000000000089
:1087F00000000000DCBBFE7F01000000B543000864
:108800009143000828FF2A19B215042728FFC56DD7
:10881000B21503B728FFD303B215016E28FF5174B8
:10882000B21503B428FF0094B21503A528FFE40293
:10883000B215013428FF742FB215016E28FF5A9A21
:10884000B215012428FFB582B215030928FF621D65
:10885000B21501C128C30456B5013C462876AE5670
:10886000B5013C2428B51B56B5013C7F280D885620
:10887000B5013C2028BEDA56B5013C682833CB56FA
:10888000B5013C7928C21B56B5013C6228F4A256BA
:10889000B5013C8128B22556B5013CDC2815F856B7
:1088A000B5013CB728FF6576E0013C3428AC207662
:1088B000E0013C7828576576E0013CC9285873767A
:1088C000E0013C0D28450676E0013CA328CA43762A
:1088D000E0013C562859CB463A1901A92859B1560E
:1088E000B5013CA528F4554D3A19013E2848D8BB9E
:1088F0001E190111283C36673A190134285F745655
:10890000B5013CE728513756B5013C53286245561E
:10891000B5013C0928E4277B3A1901CA281E360212
:108920003A1901FD284CA37E0C00006D2860997E49
:108930000C00009F284DA37E0C00005A2856997EFB
:108940000C0000C02852997E0C00001C60290020F9
:1089500000093D00100000000100000000000000C0
:108960000300000074290020BB850108BB850108B5
:10897000700100200000000074290020DC29002084
:10898000442A002000000000000000000000000059
:1089900000000000000000000000000000000000D7
:1089A00000000000000000000000000000000000C7
:1089B00000000000000000000000000000000000B7
:1089C0000000000001000000000000004A0000005C
:1089D0000000000000000000000000000000000097
:1089E0000000000000000000000000000000000087
:1089F000000000004A00000000000000000000002D
:108A00000000000000000000000000000000000066
:0C8A10000000000000000000000000005A
:00000001FF
